date,atm_id,location_type,foot_traffic,cash_withdrawn
2023-01-01,ATM_001,Rural,5,7495
2023-01-01,ATM_002,Urban,5,18573
2023-01-01,ATM_003,Rural,6,5151
2023-01-01,ATM_004,Rural,5,6103
2023-01-01,ATM_005,Urban,9,21800
2023-01-01,ATM_006,Urban,3,16487
2023-01-01,ATM_007,Rural,9,5497
2023-01-01,ATM_008,Suburban,9,16068
2023-01-01,ATM_009,Rural,9,17686
2023-01-01,ATM_010,Rural,9,14357
2023-01-02,ATM_001,Rural,4,4009
2023-01-02,ATM_002,Urban,3,21618
2023-01-02,ATM_003,Rural,4,15121
2023-01-02,ATM_004,Rural,4,2956
2023-01-02,ATM_005,Urban,4,6239
2023-01-02,ATM_006,Urban,2,12691
2023-01-02,ATM_007,Rural,2,7928
2023-01-02,ATM_008,Suburban,8,8773
2023-01-02,ATM_009,Rural,9,8855
2023-01-02,ATM_010,Rural,5,9907
2023-01-03,ATM_001,Rural,9,12901
2023-01-03,ATM_002,Urban,1,10650
2023-01-03,ATM_003,Rural,9,17554
2023-01-03,ATM_004,Rural,8,3174
2023-01-03,ATM_005,Urban,1,19582
2023-01-03,ATM_006,Urban,1,5007
2023-01-03,ATM_007,Rural,7,13938
2023-01-03,ATM_008,Suburban,9,8869
2023-01-03,ATM_009,Rural,1,14496
2023-01-03,ATM_010,Rural,8,3527
2023-01-04,ATM_001,Rural,3,12451
2023-01-04,ATM_002,Urban,3,11158
2023-01-04,ATM_003,Rural,7,18129
2023-01-04,ATM_004,Rural,7,7807
2023-01-04,ATM_005,Urban,3,4601
2023-01-04,ATM_006,Urban,1,20039
2023-01-04,ATM_007,Rural,4,9350
2023-01-04,ATM_008,Suburban,7,20531
2023-01-04,ATM_009,Rural,4,2348
2023-01-04,ATM_010,Rural,3,17396
2023-01-05,ATM_001,Rural,9,11998
2023-01-05,ATM_002,Urban,4,17240
2023-01-05,ATM_003,Rural,7,17614
2023-01-05,ATM_004,Rural,7,16679
2023-01-05,ATM_005,Urban,9,7113
2023-01-05,ATM_006,Urban,9,13138
2023-01-05,ATM_007,Rural,3,4472
2023-01-05,ATM_008,Suburban,6,16391
2023-01-05,ATM_009,Rural,4,18611
2023-01-05,ATM_010,Rural,4,19233
2023-01-06,ATM_001,Rural,7,18684
2023-01-06,ATM_002,Urban,8,16409
2023-01-06,ATM_003,Rural,2,17694
2023-01-06,ATM_004,Rural,6,5456
2023-01-06,ATM_005,Urban,1,5337
2023-01-06,ATM_006,Urban,6,17654
2023-01-06,ATM_007,Rural,8,5869
2023-01-06,ATM_008,Suburban,8,15247
2023-01-06,ATM_009,Rural,2,9387
2023-01-06,ATM_010,Rural,1,1678
2023-01-07,ATM_001,Rural,3,11350
2023-01-07,ATM_002,Urban,3,25711
2023-01-07,ATM_003,Rural,4,13459
2023-01-07,ATM_004,Rural,7,14091
2023-01-07,ATM_005,Urban,9,10222
2023-01-07,ATM_006,Urban,3,14697
2023-01-07,ATM_007,Rural,9,20076
2023-01-07,ATM_008,Suburban,1,21347
2023-01-07,ATM_009,Rural,5,9875
2023-01-07,ATM_010,Rural,3,10946
2023-01-08,ATM_001,Rural,3,14444
2023-01-08,ATM_002,Urban,1,12418
2023-01-08,ATM_003,Rural,1,14896
2023-01-08,ATM_004,Rural,4,8587
2023-01-08,ATM_005,Urban,9,23237
2023-01-08,ATM_006,Urban,2,23429
2023-01-08,ATM_007,Rural,9,16500
2023-01-08,ATM_008,Suburban,4,9672
2023-01-08,ATM_009,Rural,1,16564
2023-01-08,ATM_010,Rural,6,7891
2023-01-09,ATM_001,Rural,6,18678
2023-01-09,ATM_002,Urban,8,18064
2023-01-09,ATM_003,Rural,1,17385
2023-01-09,ATM_004,Rural,1,8481
2023-01-09,ATM_005,Urban,4,11969
2023-01-09,ATM_006,Urban,1,8405
2023-01-09,ATM_007,Rural,5,19565
2023-01-09,ATM_008,Suburban,9,13246
2023-01-09,ATM_009,Rural,1,1839
2023-01-09,ATM_010,Rural,3,981
2023-01-10,ATM_001,Rural,4,2191
2023-01-10,ATM_002,Urban,7,5970
2023-01-10,ATM_003,Rural,3,18323
2023-01-10,ATM_004,Rural,6,3050
2023-01-10,ATM_005,Urban,8,5286
2023-01-10,ATM_006,Urban,2,18976
2023-01-10,ATM_007,Rural,2,17527
2023-01-10,ATM_008,Suburban,1,14636
2023-01-10,ATM_009,Rural,6,8870
2023-01-10,ATM_010,Rural,7,7881
2023-01-11,ATM_001,Rural,2,18287
2023-01-11,ATM_002,Urban,7,14498
2023-01-11,ATM_003,Rural,4,13507
2023-01-11,ATM_004,Rural,3,3643
2023-01-11,ATM_005,Urban,7,17535
2023-01-11,ATM_006,Urban,6,4067
2023-01-11,ATM_007,Rural,6,11088
2023-01-11,ATM_008,Suburban,1,17893
2023-01-11,ATM_009,Rural,5,15151
2023-01-11,ATM_010,Rural,4,2367
2023-01-12,ATM_001,Rural,7,5508
2023-01-12,ATM_002,Urban,2,12550
2023-01-12,ATM_003,Rural,3,17624
2023-01-12,ATM_004,Rural,3,9641
2023-01-12,ATM_005,Urban,5,9996
2023-01-12,ATM_006,Urban,9,13451
2023-01-12,ATM_007,Rural,1,3071
2023-01-12,ATM_008,Suburban,9,16685
2023-01-12,ATM_009,Rural,5,13511
2023-01-12,ATM_010,Rural,7,13955
2023-01-13,ATM_001,Rural,6,10742
2023-01-13,ATM_002,Urban,3,11438
2023-01-13,ATM_003,Rural,9,13869
2023-01-13,ATM_004,Rural,1,10003
2023-01-13,ATM_005,Urban,4,23755
2023-01-13,ATM_006,Urban,5,16389
2023-01-13,ATM_007,Rural,6,4974
2023-01-13,ATM_008,Suburban,3,5774
2023-01-13,ATM_009,Rural,1,3596
2023-01-13,ATM_010,Rural,4,10031
2023-01-14,ATM_001,Rural,4,10179
2023-01-14,ATM_002,Urban,1,26913
2023-01-14,ATM_003,Rural,5,7146
2023-01-14,ATM_004,Rural,2,8494
2023-01-14,ATM_005,Urban,8,11341
2023-01-14,ATM_006,Urban,9,21937
2023-01-14,ATM_007,Rural,2,6092
2023-01-14,ATM_008,Suburban,9,15254
2023-01-14,ATM_009,Rural,8,15505
2023-01-14,ATM_010,Rural,3,19501
2023-01-15,ATM_001,Rural,8,21430
2023-01-15,ATM_002,Urban,9,12719
2023-01-15,ATM_003,Rural,1,6083
2023-01-15,ATM_004,Rural,9,16348
2023-01-15,ATM_005,Urban,1,22361
2023-01-15,ATM_006,Urban,3,20542
2023-01-15,ATM_007,Rural,4,6389
2023-01-15,ATM_008,Suburban,3,9081
2023-01-15,ATM_009,Rural,5,9876
2023-01-15,ATM_010,Rural,7,10886
2023-01-16,ATM_001,Rural,7,19732
2023-01-16,ATM_002,Urban,7,8547
2023-01-16,ATM_003,Rural,2,9658
2023-01-16,ATM_004,Rural,9,5933
2023-01-16,ATM_005,Urban,6,23288
2023-01-16,ATM_006,Urban,8,5891
2023-01-16,ATM_007,Rural,2,7205
2023-01-16,ATM_008,Suburban,6,19616
2023-01-16,ATM_009,Rural,1,14671
2023-01-16,ATM_010,Rural,1,18748
2023-01-17,ATM_001,Rural,4,8210
2023-01-17,ATM_002,Urban,6,7895
2023-01-17,ATM_003,Rural,2,16435
2023-01-17,ATM_004,Rural,4,10572
2023-01-17,ATM_005,Urban,7,16870
2023-01-17,ATM_006,Urban,9,11373
2023-01-17,ATM_007,Rural,1,2221
2023-01-17,ATM_008,Suburban,5,4184
2023-01-17,ATM_009,Rural,5,17074
2023-01-17,ATM_010,Rural,4,11731
2023-01-18,ATM_001,Rural,2,14783
2023-01-18,ATM_002,Urban,1,10250
2023-01-18,ATM_003,Rural,6,10653
2023-01-18,ATM_004,Rural,7,4485
2023-01-18,ATM_005,Urban,8,10978
2023-01-18,ATM_006,Urban,4,3546
2023-01-18,ATM_007,Rural,2,4916
2023-01-18,ATM_008,Suburban,9,3638
2023-01-18,ATM_009,Rural,6,6038
2023-01-18,ATM_010,Rural,1,8012
2023-01-19,ATM_001,Rural,3,4030
2023-01-19,ATM_002,Urban,5,17676
2023-01-19,ATM_003,Rural,2,19642
2023-01-19,ATM_004,Rural,2,1332
2023-01-19,ATM_005,Urban,6,9439
2023-01-19,ATM_006,Urban,1,5154
2023-01-19,ATM_007,Rural,6,4874
2023-01-19,ATM_008,Suburban,1,9952
2023-01-19,ATM_009,Rural,3,18621
2023-01-19,ATM_010,Rural,5,9586
2023-01-20,ATM_001,Rural,6,9497
2023-01-20,ATM_002,Urban,5,17971
2023-01-20,ATM_003,Rural,5,7259
2023-01-20,ATM_004,Rural,3,4812
2023-01-20,ATM_005,Urban,1,19337
2023-01-20,ATM_006,Urban,4,16238
2023-01-20,ATM_007,Rural,8,5924
2023-01-20,ATM_008,Suburban,8,11895
2023-01-20,ATM_009,Rural,2,15238
2023-01-20,ATM_010,Rural,2,11627
2023-01-21,ATM_001,Rural,5,7900
2023-01-21,ATM_002,Urban,7,13277
2023-01-21,ATM_003,Rural,2,15074
2023-01-21,ATM_004,Rural,6,18781
2023-01-21,ATM_005,Urban,3,18345
2023-01-21,ATM_006,Urban,1,15453
2023-01-21,ATM_007,Rural,7,12610
2023-01-21,ATM_008,Suburban,8,14647
2023-01-21,ATM_009,Rural,5,9030
2023-01-21,ATM_010,Rural,3,7398
2023-01-22,ATM_001,Rural,7,9176
2023-01-22,ATM_002,Urban,8,23192
2023-01-22,ATM_003,Rural,9,17789
2023-01-22,ATM_004,Rural,2,20529
2023-01-22,ATM_005,Urban,6,17934
2023-01-22,ATM_006,Urban,2,23025
2023-01-22,ATM_007,Rural,9,13490
2023-01-22,ATM_008,Suburban,8,14391
2023-01-22,ATM_009,Rural,1,16819
2023-01-22,ATM_010,Rural,3,17747
2023-01-23,ATM_001,Rural,8,18851
2023-01-23,ATM_002,Urban,7,16511
2023-01-23,ATM_003,Rural,2,2840
2023-01-23,ATM_004,Rural,8,17913
2023-01-23,ATM_005,Urban,7,9274
2023-01-23,ATM_006,Urban,6,10174
2023-01-23,ATM_007,Rural,9,8264
2023-01-23,ATM_008,Suburban,7,7761
2023-01-23,ATM_009,Rural,7,19132
2023-01-23,ATM_010,Rural,9,7202
2023-01-24,ATM_001,Rural,4,7312
2023-01-24,ATM_002,Urban,3,10664
2023-01-24,ATM_003,Rural,2,17224
2023-01-24,ATM_004,Rural,6,6981
2023-01-24,ATM_005,Urban,8,18266
2023-01-24,ATM_006,Urban,9,21617
2023-01-24,ATM_007,Rural,8,16916
2023-01-24,ATM_008,Suburban,5,13895
2023-01-24,ATM_009,Rural,5,19005
2023-01-24,ATM_010,Rural,7,19198
2023-01-25,ATM_001,Rural,8,7782
2023-01-25,ATM_002,Urban,8,18734
2023-01-25,ATM_003,Rural,8,5371
2023-01-25,ATM_004,Rural,2,5847
2023-01-25,ATM_005,Urban,4,12988
2023-01-25,ATM_006,Urban,8,12334
2023-01-25,ATM_007,Rural,9,15755
2023-01-25,ATM_008,Suburban,3,3451
2023-01-25,ATM_009,Rural,6,7378
2023-01-25,ATM_010,Rural,1,17639
2023-01-26,ATM_001,Rural,1,7341
2023-01-26,ATM_002,Urban,6,9705
2023-01-26,ATM_003,Rural,4,3221
2023-01-26,ATM_004,Rural,1,7746
2023-01-26,ATM_005,Urban,5,17525
2023-01-26,ATM_006,Urban,8,15481
2023-01-26,ATM_007,Rural,5,2439
2023-01-26,ATM_008,Suburban,8,13628
2023-01-26,ATM_009,Rural,1,4595
2023-01-26,ATM_010,Rural,2,18805
2023-01-27,ATM_001,Rural,9,2783
2023-01-27,ATM_002,Urban,8,12744
2023-01-27,ATM_003,Rural,8,4808
2023-01-27,ATM_004,Rural,3,9792
2023-01-27,ATM_005,Urban,4,20926
2023-01-27,ATM_006,Urban,9,21297
2023-01-27,ATM_007,Rural,7,11874
2023-01-27,ATM_008,Suburban,6,10793
2023-01-27,ATM_009,Rural,1,6506
2023-01-27,ATM_010,Rural,7,2916
2023-01-28,ATM_001,Rural,8,21316
2023-01-28,ATM_002,Urban,3,10330
2023-01-28,ATM_003,Rural,4,22134
2023-01-28,ATM_004,Rural,1,19188
2023-01-28,ATM_005,Urban,6,14443
2023-01-28,ATM_006,Urban,4,8159
2023-01-28,ATM_007,Rural,1,8611
2023-01-28,ATM_008,Suburban,4,18824
2023-01-28,ATM_009,Rural,8,11549
2023-01-28,ATM_010,Rural,2,19096
2023-01-29,ATM_001,Rural,3,17990
2023-01-29,ATM_002,Urban,5,16556
2023-01-29,ATM_003,Rural,8,7542
2023-01-29,ATM_004,Rural,8,13022
2023-01-29,ATM_005,Urban,4,18423
2023-01-29,ATM_006,Urban,8,23929
2023-01-29,ATM_007,Rural,9,3027
2023-01-29,ATM_008,Suburban,1,14413
2023-01-29,ATM_009,Rural,4,14593
2023-01-29,ATM_010,Rural,7,7375
2023-01-30,ATM_001,Rural,5,7949
2023-01-30,ATM_002,Urban,4,15662
2023-01-30,ATM_003,Rural,9,7072
2023-01-30,ATM_004,Rural,4,9044
2023-01-30,ATM_005,Urban,6,21119
2023-01-30,ATM_006,Urban,1,11968
2023-01-30,ATM_007,Rural,3,8221
2023-01-30,ATM_008,Suburban,7,19776
2023-01-30,ATM_009,Rural,5,6508
2023-01-30,ATM_010,Rural,6,14148
2023-01-31,ATM_001,Rural,5,11776
2023-01-31,ATM_002,Urban,9,20781
2023-01-31,ATM_003,Rural,6,17719
2023-01-31,ATM_004,Rural,1,10775
2023-01-31,ATM_005,Urban,7,14383
2023-01-31,ATM_006,Urban,1,6655
2023-01-31,ATM_007,Rural,8,10477
2023-01-31,ATM_008,Suburban,3,21306
2023-01-31,ATM_009,Rural,6,16227
2023-01-31,ATM_010,Rural,6,5845
2023-02-01,ATM_001,Rural,3,13712
2023-02-01,ATM_002,Urban,3,16821
2023-02-01,ATM_003,Rural,1,10754
2023-02-01,ATM_004,Rural,2,14976
2023-02-01,ATM_005,Urban,7,19352
2023-02-01,ATM_006,Urban,8,19243
2023-02-01,ATM_007,Rural,3,4378
2023-02-01,ATM_008,Suburban,3,6258
2023-02-01,ATM_009,Rural,8,2730
2023-02-01,ATM_010,Rural,4,16139
2023-02-02,ATM_001,Rural,5,9037
2023-02-02,ATM_002,Urban,2,19335
2023-02-02,ATM_003,Rural,7,6979
2023-02-02,ATM_004,Rural,5,16682
2023-02-02,ATM_005,Urban,2,7413
2023-02-02,ATM_006,Urban,5,13939
2023-02-02,ATM_007,Rural,3,5726
2023-02-02,ATM_008,Suburban,4,7603
2023-02-02,ATM_009,Rural,6,15900
2023-02-02,ATM_010,Rural,9,2512
2023-02-03,ATM_001,Rural,4,8449
2023-02-03,ATM_002,Urban,1,15259
2023-02-03,ATM_003,Rural,7,16648
2023-02-03,ATM_004,Rural,2,6051
2023-02-03,ATM_005,Urban,8,8779
2023-02-03,ATM_006,Urban,7,7049
2023-02-03,ATM_007,Rural,4,18419
2023-02-03,ATM_008,Suburban,2,10269
2023-02-03,ATM_009,Rural,6,9570
2023-02-03,ATM_010,Rural,6,6015
2023-02-04,ATM_001,Rural,6,10536
2023-02-04,ATM_002,Urban,9,19318
2023-02-04,ATM_003,Rural,8,18521
2023-02-04,ATM_004,Rural,7,18420
2023-02-04,ATM_005,Urban,2,19467
2023-02-04,ATM_006,Urban,3,10502
2023-02-04,ATM_007,Rural,5,15242
2023-02-04,ATM_008,Suburban,8,11447
2023-02-04,ATM_009,Rural,8,19368
2023-02-04,ATM_010,Rural,8,6826
2023-02-05,ATM_001,Rural,3,10112
2023-02-05,ATM_002,Urban,9,8133
2023-02-05,ATM_003,Rural,9,3249
2023-02-05,ATM_004,Rural,9,5523
2023-02-05,ATM_005,Urban,9,6178
2023-02-05,ATM_006,Urban,3,18339
2023-02-05,ATM_007,Rural,1,21885
2023-02-05,ATM_008,Suburban,7,7441
2023-02-05,ATM_009,Rural,8,3394
2023-02-05,ATM_010,Rural,7,16542
2023-02-06,ATM_001,Rural,6,3896
2023-02-06,ATM_002,Urban,9,10420
2023-02-06,ATM_003,Rural,7,14395
2023-02-06,ATM_004,Rural,5,10010
2023-02-06,ATM_005,Urban,7,20236
2023-02-06,ATM_006,Urban,8,10349
2023-02-06,ATM_007,Rural,7,19231
2023-02-06,ATM_008,Suburban,4,3815
2023-02-06,ATM_009,Rural,7,5439
2023-02-06,ATM_010,Rural,3,10025
2023-02-07,ATM_001,Rural,2,3354
2023-02-07,ATM_002,Urban,8,22036
2023-02-07,ATM_003,Rural,8,13189
2023-02-07,ATM_004,Rural,6,7655
2023-02-07,ATM_005,Urban,2,22733
2023-02-07,ATM_006,Urban,2,11909
2023-02-07,ATM_007,Rural,2,5604
2023-02-07,ATM_008,Suburban,7,19644
2023-02-07,ATM_009,Rural,1,9533
2023-02-07,ATM_010,Rural,9,9683
2023-02-08,ATM_001,Rural,9,1210
2023-02-08,ATM_002,Urban,7,10754
2023-02-08,ATM_003,Rural,1,13752
2023-02-08,ATM_004,Rural,8,2978
2023-02-08,ATM_005,Urban,5,7049
2023-02-08,ATM_006,Urban,5,11467
2023-02-08,ATM_007,Rural,1,15370
2023-02-08,ATM_008,Suburban,5,12004
2023-02-08,ATM_009,Rural,6,13698
2023-02-08,ATM_010,Rural,8,1745
2023-02-09,ATM_001,Rural,2,8763
2023-02-09,ATM_002,Urban,8,21394
2023-02-09,ATM_003,Rural,6,17294
2023-02-09,ATM_004,Rural,2,9818
2023-02-09,ATM_005,Urban,1,22909
2023-02-09,ATM_006,Urban,6,16438
2023-02-09,ATM_007,Rural,6,17148
2023-02-09,ATM_008,Suburban,9,10128
2023-02-09,ATM_009,Rural,1,11881
2023-02-09,ATM_010,Rural,3,11095
2023-02-10,ATM_001,Rural,3,15053
2023-02-10,ATM_002,Urban,9,10767
2023-02-10,ATM_003,Rural,5,6084
2023-02-10,ATM_004,Rural,9,12639
2023-02-10,ATM_005,Urban,9,19408
2023-02-10,ATM_006,Urban,9,21759
2023-02-10,ATM_007,Rural,9,14313
2023-02-10,ATM_008,Suburban,6,21070
2023-02-10,ATM_009,Rural,5,15413
2023-02-10,ATM_010,Rural,2,6396
2023-02-11,ATM_001,Rural,5,12411
2023-02-11,ATM_002,Urban,3,19064
2023-02-11,ATM_003,Rural,1,5019
2023-02-11,ATM_004,Rural,1,11364
2023-02-11,ATM_005,Urban,9,25334
2023-02-11,ATM_006,Urban,6,18192
2023-02-11,ATM_007,Rural,9,18987
2023-02-11,ATM_008,Suburban,5,22931
2023-02-11,ATM_009,Rural,2,7741
2023-02-11,ATM_010,Rural,7,21863
2023-02-12,ATM_001,Rural,1,13448
2023-02-12,ATM_002,Urban,8,9535
2023-02-12,ATM_003,Rural,7,4322
2023-02-12,ATM_004,Rural,5,12762
2023-02-12,ATM_005,Urban,4,10995
2023-02-12,ATM_006,Urban,6,24134
2023-02-12,ATM_007,Rural,6,11162
2023-02-12,ATM_008,Suburban,4,16714
2023-02-12,ATM_009,Rural,1,6441
2023-02-12,ATM_010,Rural,3,12317
2023-02-13,ATM_001,Rural,2,12782
2023-02-13,ATM_002,Urban,3,7347
2023-02-13,ATM_003,Rural,7,7528
2023-02-13,ATM_004,Rural,4,4728
2023-02-13,ATM_005,Urban,4,23390
2023-02-13,ATM_006,Urban,1,7861
2023-02-13,ATM_007,Rural,8,12892
2023-02-13,ATM_008,Suburban,5,2810
2023-02-13,ATM_009,Rural,9,17291
2023-02-13,ATM_010,Rural,6,6382
2023-02-14,ATM_001,Rural,3,12881
2023-02-14,ATM_002,Urban,2,12798
2023-02-14,ATM_003,Rural,8,6381
2023-02-14,ATM_004,Rural,1,8057
2023-02-14,ATM_005,Urban,2,7285
2023-02-14,ATM_006,Urban,5,11624
2023-02-14,ATM_007,Rural,3,6982
2023-02-14,ATM_008,Suburban,9,18858
2023-02-14,ATM_009,Rural,7,15774
2023-02-14,ATM_010,Rural,4,12929
2023-02-15,ATM_001,Rural,6,2783
2023-02-15,ATM_002,Urban,5,14981
2023-02-15,ATM_003,Rural,8,3276
2023-02-15,ATM_004,Rural,2,5455
2023-02-15,ATM_005,Urban,9,21044
2023-02-15,ATM_006,Urban,8,21452
2023-02-15,ATM_007,Rural,3,17875
2023-02-15,ATM_008,Suburban,9,16875
2023-02-15,ATM_009,Rural,6,6753
2023-02-15,ATM_010,Rural,8,17191
2023-02-16,ATM_001,Rural,1,17109
2023-02-16,ATM_002,Urban,4,19433
2023-02-16,ATM_003,Rural,2,17903
2023-02-16,ATM_004,Rural,2,16895
2023-02-16,ATM_005,Urban,1,6532
2023-02-16,ATM_006,Urban,3,23089
2023-02-16,ATM_007,Rural,9,18419
2023-02-16,ATM_008,Suburban,9,9871
2023-02-16,ATM_009,Rural,4,5100
2023-02-16,ATM_010,Rural,7,14239
2023-02-17,ATM_001,Rural,4,1041
2023-02-17,ATM_002,Urban,3,14583
2023-02-17,ATM_003,Rural,2,5579
2023-02-17,ATM_004,Rural,7,15860
2023-02-17,ATM_005,Urban,3,17779
2023-02-17,ATM_006,Urban,7,9939
2023-02-17,ATM_007,Rural,3,3550
2023-02-17,ATM_008,Suburban,6,13316
2023-02-17,ATM_009,Rural,8,5495
2023-02-17,ATM_010,Rural,3,3478
2023-02-18,ATM_001,Rural,6,16313
2023-02-18,ATM_002,Urban,1,18603
2023-02-18,ATM_003,Rural,8,10411
2023-02-18,ATM_004,Rural,4,13462
2023-02-18,ATM_005,Urban,9,9312
2023-02-18,ATM_006,Urban,4,14760
2023-02-18,ATM_007,Rural,4,15116
2023-02-18,ATM_008,Suburban,6,18167
2023-02-18,ATM_009,Rural,5,18176
2023-02-18,ATM_010,Rural,2,16184
2023-02-19,ATM_001,Rural,6,5050
2023-02-19,ATM_002,Urban,8,12865
2023-02-19,ATM_003,Rural,2,5869
2023-02-19,ATM_004,Rural,9,6295
2023-02-19,ATM_005,Urban,8,7573
2023-02-19,ATM_006,Urban,3,21782
2023-02-19,ATM_007,Rural,9,2989
2023-02-19,ATM_008,Suburban,1,14585
2023-02-19,ATM_009,Rural,4,13512
2023-02-19,ATM_010,Rural,5,13641
2023-02-20,ATM_001,Rural,1,16227
2023-02-20,ATM_002,Urban,8,8278
2023-02-20,ATM_003,Rural,6,19453
2023-02-20,ATM_004,Rural,4,1369
2023-02-20,ATM_005,Urban,5,19979
2023-02-20,ATM_006,Urban,7,5625
2023-02-20,ATM_007,Rural,5,1755
2023-02-20,ATM_008,Suburban,1,7674
2023-02-20,ATM_009,Rural,4,1740
2023-02-20,ATM_010,Rural,2,3004
2023-02-21,ATM_001,Rural,9,13309
2023-02-21,ATM_002,Urban,2,19327
2023-02-21,ATM_003,Rural,6,10037
2023-02-21,ATM_004,Rural,4,12765
2023-02-21,ATM_005,Urban,7,8153
2023-02-21,ATM_006,Urban,7,14217
2023-02-21,ATM_007,Rural,6,11159
2023-02-21,ATM_008,Suburban,2,7715
2023-02-21,ATM_009,Rural,7,16362
2023-02-21,ATM_010,Rural,2,16503
2023-02-22,ATM_001,Rural,8,16541
2023-02-22,ATM_002,Urban,8,6473
2023-02-22,ATM_003,Rural,4,5753
2023-02-22,ATM_004,Rural,5,3718
2023-02-22,ATM_005,Urban,2,13471
2023-02-22,ATM_006,Urban,9,9273
2023-02-22,ATM_007,Rural,9,8436
2023-02-22,ATM_008,Suburban,2,3281
2023-02-22,ATM_009,Rural,4,16341
2023-02-22,ATM_010,Rural,2,5067
2023-02-23,ATM_001,Rural,9,8657
2023-02-23,ATM_002,Urban,1,19352
2023-02-23,ATM_003,Rural,7,2688
2023-02-23,ATM_004,Rural,7,4290
2023-02-23,ATM_005,Urban,9,6520
2023-02-23,ATM_006,Urban,1,21363
2023-02-23,ATM_007,Rural,3,15922
2023-02-23,ATM_008,Suburban,2,15325
2023-02-23,ATM_009,Rural,3,4265
2023-02-23,ATM_010,Rural,2,7786
2023-02-24,ATM_001,Rural,5,12116
2023-02-24,ATM_002,Urban,5,4352
2023-02-24,ATM_003,Rural,5,17156
2023-02-24,ATM_004,Rural,7,12802
2023-02-24,ATM_005,Urban,5,21581
2023-02-24,ATM_006,Urban,5,5907
2023-02-24,ATM_007,Rural,4,7834
2023-02-24,ATM_008,Suburban,4,11238
2023-02-24,ATM_009,Rural,6,13716
2023-02-24,ATM_010,Rural,4,6183
2023-02-25,ATM_001,Rural,3,9586
2023-02-25,ATM_002,Urban,2,24806
2023-02-25,ATM_003,Rural,9,16987
2023-02-25,ATM_004,Rural,7,4756
2023-02-25,ATM_005,Urban,4,25983
2023-02-25,ATM_006,Urban,8,17194
2023-02-25,ATM_007,Rural,7,13343
2023-02-25,ATM_008,Suburban,9,6672
2023-02-25,ATM_009,Rural,9,19253
2023-02-25,ATM_010,Rural,8,14664
2023-02-26,ATM_001,Rural,4,20106
2023-02-26,ATM_002,Urban,7,21737
2023-02-26,ATM_003,Rural,3,7822
2023-02-26,ATM_004,Rural,5,19238
2023-02-26,ATM_005,Urban,5,22917
2023-02-26,ATM_006,Urban,3,24003
2023-02-26,ATM_007,Rural,9,4682
2023-02-26,ATM_008,Suburban,9,21185
2023-02-26,ATM_009,Rural,7,4414
2023-02-26,ATM_010,Rural,3,14043
2023-02-27,ATM_001,Rural,6,6416
2023-02-27,ATM_002,Urban,4,15794
2023-02-27,ATM_003,Rural,1,14271
2023-02-27,ATM_004,Rural,9,9241
2023-02-27,ATM_005,Urban,7,14123
2023-02-27,ATM_006,Urban,2,21955
2023-02-27,ATM_007,Rural,5,6067
2023-02-27,ATM_008,Suburban,6,4886
2023-02-27,ATM_009,Rural,3,8859
2023-02-27,ATM_010,Rural,2,9870
2023-02-28,ATM_001,Rural,4,10983
2023-02-28,ATM_002,Urban,5,5173
2023-02-28,ATM_003,Rural,9,11036
2023-02-28,ATM_004,Rural,9,1324
2023-02-28,ATM_005,Urban,8,6638
2023-02-28,ATM_006,Urban,7,12840
2023-02-28,ATM_007,Rural,8,5569
2023-02-28,ATM_008,Suburban,5,11007
2023-02-28,ATM_009,Rural,6,14860
2023-02-28,ATM_010,Rural,5,5555
2023-03-01,ATM_001,Rural,6,11982
2023-03-01,ATM_002,Urban,4,15508
2023-03-01,ATM_003,Rural,2,6395
2023-03-01,ATM_004,Rural,2,19632
2023-03-01,ATM_005,Urban,3,20934
2023-03-01,ATM_006,Urban,4,9930
2023-03-01,ATM_007,Rural,3,5167
2023-03-01,ATM_008,Suburban,5,12538
2023-03-01,ATM_009,Rural,1,4845
2023-03-01,ATM_010,Rural,2,13506
2023-03-02,ATM_001,Rural,8,2483
2023-03-02,ATM_002,Urban,6,16919
2023-03-02,ATM_003,Rural,5,8265
2023-03-02,ATM_004,Rural,2,8079
2023-03-02,ATM_005,Urban,9,12661
2023-03-02,ATM_006,Urban,1,14605
2023-03-02,ATM_007,Rural,1,9567
2023-03-02,ATM_008,Suburban,4,7034
2023-03-02,ATM_009,Rural,9,12120
2023-03-02,ATM_010,Rural,5,18584
2023-03-03,ATM_001,Rural,5,19804
2023-03-03,ATM_002,Urban,4,11136
2023-03-03,ATM_003,Rural,4,8795
2023-03-03,ATM_004,Rural,2,3383
2023-03-03,ATM_005,Urban,3,10855
2023-03-03,ATM_006,Urban,9,19058
2023-03-03,ATM_007,Rural,8,5039
2023-03-03,ATM_008,Suburban,3,7564
2023-03-03,ATM_009,Rural,3,6103
2023-03-03,ATM_010,Rural,1,6985
2023-03-04,ATM_001,Rural,1,17772
2023-03-04,ATM_002,Urban,4,17444
2023-03-04,ATM_003,Rural,7,2463
2023-03-04,ATM_004,Rural,3,19057
2023-03-04,ATM_005,Urban,5,9912
2023-03-04,ATM_006,Urban,6,12275
2023-03-04,ATM_007,Rural,7,12615
2023-03-04,ATM_008,Suburban,1,14750
2023-03-04,ATM_009,Rural,4,19709
2023-03-04,ATM_010,Rural,5,11351
2023-03-05,ATM_001,Rural,5,22212
2023-03-05,ATM_002,Urban,2,17088
2023-03-05,ATM_003,Rural,4,11394
2023-03-05,ATM_004,Rural,1,14912
2023-03-05,ATM_005,Urban,2,7635
2023-03-05,ATM_006,Urban,2,23660
2023-03-05,ATM_007,Rural,7,21234
2023-03-05,ATM_008,Suburban,1,24609
2023-03-05,ATM_009,Rural,3,18989
2023-03-05,ATM_010,Rural,1,18794
2023-03-06,ATM_001,Rural,8,10567
2023-03-06,ATM_002,Urban,8,6845
2023-03-06,ATM_003,Rural,4,12424
2023-03-06,ATM_004,Rural,4,13515
2023-03-06,ATM_005,Urban,3,13199
2023-03-06,ATM_006,Urban,3,11095
2023-03-06,ATM_007,Rural,6,9813
2023-03-06,ATM_008,Suburban,6,13739
2023-03-06,ATM_009,Rural,1,14146
2023-03-06,ATM_010,Rural,8,18777
2023-03-07,ATM_001,Rural,2,3837
2023-03-07,ATM_002,Urban,4,16532
2023-03-07,ATM_003,Rural,9,10500
2023-03-07,ATM_004,Rural,5,7779
2023-03-07,ATM_005,Urban,6,10758
2023-03-07,ATM_006,Urban,2,5155
2023-03-07,ATM_007,Rural,1,18187
2023-03-07,ATM_008,Suburban,9,15907
2023-03-07,ATM_009,Rural,4,13178
2023-03-07,ATM_010,Rural,5,3940
2023-03-08,ATM_001,Rural,3,12222
2023-03-08,ATM_002,Urban,5,6232
2023-03-08,ATM_003,Rural,7,12879
2023-03-08,ATM_004,Rural,9,17418
2023-03-08,ATM_005,Urban,5,16274
2023-03-08,ATM_006,Urban,8,20725
2023-03-08,ATM_007,Rural,6,18192
2023-03-08,ATM_008,Suburban,2,13928
2023-03-08,ATM_009,Rural,5,14097
2023-03-08,ATM_010,Rural,3,17027
2023-03-09,ATM_001,Rural,6,14305
2023-03-09,ATM_002,Urban,1,9422
2023-03-09,ATM_003,Rural,6,9908
2023-03-09,ATM_004,Rural,7,18972
2023-03-09,ATM_005,Urban,5,10182
2023-03-09,ATM_006,Urban,5,14104
2023-03-09,ATM_007,Rural,4,17846
2023-03-09,ATM_008,Suburban,2,18692
2023-03-09,ATM_009,Rural,5,12726
2023-03-09,ATM_010,Rural,7,4768
2023-03-10,ATM_001,Rural,2,15464
2023-03-10,ATM_002,Urban,4,6087
2023-03-10,ATM_003,Rural,6,15666
2023-03-10,ATM_004,Rural,9,3791
2023-03-10,ATM_005,Urban,3,13649
2023-03-10,ATM_006,Urban,3,9526
2023-03-10,ATM_007,Rural,4,18705
2023-03-10,ATM_008,Suburban,8,12270
2023-03-10,ATM_009,Rural,5,1739
2023-03-10,ATM_010,Rural,6,8877
2023-03-11,ATM_001,Rural,6,4797
2023-03-11,ATM_002,Urban,4,11598
2023-03-11,ATM_003,Rural,3,15105
2023-03-11,ATM_004,Rural,7,18619
2023-03-11,ATM_005,Urban,2,16438
2023-03-11,ATM_006,Urban,3,22218
2023-03-11,ATM_007,Rural,6,15691
2023-03-11,ATM_008,Suburban,6,22319
2023-03-11,ATM_009,Rural,3,18769
2023-03-11,ATM_010,Rural,7,18632
2023-03-12,ATM_001,Rural,2,9442
2023-03-12,ATM_002,Urban,9,7879
2023-03-12,ATM_003,Rural,1,4472
2023-03-12,ATM_004,Rural,6,15927
2023-03-12,ATM_005,Urban,9,25124
2023-03-12,ATM_006,Urban,2,19252
2023-03-12,ATM_007,Rural,1,17172
2023-03-12,ATM_008,Suburban,1,15567
2023-03-12,ATM_009,Rural,3,23150
2023-03-12,ATM_010,Rural,3,20180
2023-03-13,ATM_001,Rural,4,9431
2023-03-13,ATM_002,Urban,5,7633
2023-03-13,ATM_003,Rural,4,11676
2023-03-13,ATM_004,Rural,2,15872
2023-03-13,ATM_005,Urban,9,8835
2023-03-13,ATM_006,Urban,9,17505
2023-03-13,ATM_007,Rural,8,8805
2023-03-13,ATM_008,Suburban,8,15984
2023-03-13,ATM_009,Rural,6,10184
2023-03-13,ATM_010,Rural,3,10837
2023-03-14,ATM_001,Rural,8,2693
2023-03-14,ATM_002,Urban,9,22420
2023-03-14,ATM_003,Rural,9,1285
2023-03-14,ATM_004,Rural,4,6542
2023-03-14,ATM_005,Urban,9,13688
2023-03-14,ATM_006,Urban,1,21324
2023-03-14,ATM_007,Rural,8,15460
2023-03-14,ATM_008,Suburban,7,18704
2023-03-14,ATM_009,Rural,8,18998
2023-03-14,ATM_010,Rural,9,13824
2023-03-15,ATM_001,Rural,2,19265
2023-03-15,ATM_002,Urban,3,7519
2023-03-15,ATM_003,Rural,9,11067
2023-03-15,ATM_004,Rural,5,6981
2023-03-15,ATM_005,Urban,7,20823
2023-03-15,ATM_006,Urban,2,6091
2023-03-15,ATM_007,Rural,9,7624
2023-03-15,ATM_008,Suburban,2,14065
2023-03-15,ATM_009,Rural,2,18598
2023-03-15,ATM_010,Rural,5,4989
2023-03-16,ATM_001,Rural,9,18442
2023-03-16,ATM_002,Urban,3,8623
2023-03-16,ATM_003,Rural,6,14102
2023-03-16,ATM_004,Rural,6,9970
2023-03-16,ATM_005,Urban,3,8479
2023-03-16,ATM_006,Urban,7,7921
2023-03-16,ATM_007,Rural,4,19739
2023-03-16,ATM_008,Suburban,8,15538
2023-03-16,ATM_009,Rural,6,11695
2023-03-16,ATM_010,Rural,9,16220
2023-03-17,ATM_001,Rural,1,7380
2023-03-17,ATM_002,Urban,3,6649
2023-03-17,ATM_003,Rural,1,10726
2023-03-17,ATM_004,Rural,6,18687
2023-03-17,ATM_005,Urban,2,20709
2023-03-17,ATM_006,Urban,8,11108
2023-03-17,ATM_007,Rural,8,7496
2023-03-17,ATM_008,Suburban,4,21210
2023-03-17,ATM_009,Rural,9,8305
2023-03-17,ATM_010,Rural,8,9521
2023-03-18,ATM_001,Rural,4,18449
2023-03-18,ATM_002,Urban,3,21133
2023-03-18,ATM_003,Rural,2,13156
2023-03-18,ATM_004,Rural,1,3922
2023-03-18,ATM_005,Urban,5,9689
2023-03-18,ATM_006,Urban,9,10787
2023-03-18,ATM_007,Rural,7,18375
2023-03-18,ATM_008,Suburban,6,22027
2023-03-18,ATM_009,Rural,7,5357
2023-03-18,ATM_010,Rural,1,19344
2023-03-19,ATM_001,Rural,5,8232
2023-03-19,ATM_002,Urban,6,7109
2023-03-19,ATM_003,Rural,9,4974
2023-03-19,ATM_004,Rural,5,17530
2023-03-19,ATM_005,Urban,5,21947
2023-03-19,ATM_006,Urban,2,24538
2023-03-19,ATM_007,Rural,7,8983
2023-03-19,ATM_008,Suburban,3,17990
2023-03-19,ATM_009,Rural,2,15691
2023-03-19,ATM_010,Rural,8,4006
2023-03-20,ATM_001,Rural,7,701
2023-03-20,ATM_002,Urban,1,16100
2023-03-20,ATM_003,Rural,3,5184
2023-03-20,ATM_004,Rural,6,1861
2023-03-20,ATM_005,Urban,9,17736
2023-03-20,ATM_006,Urban,1,22310
2023-03-20,ATM_007,Rural,2,1758
2023-03-20,ATM_008,Suburban,7,21427
2023-03-20,ATM_009,Rural,6,19148
2023-03-20,ATM_010,Rural,5,1252
2023-03-21,ATM_001,Rural,3,10232
2023-03-21,ATM_002,Urban,4,18880
2023-03-21,ATM_003,Rural,8,10876
2023-03-21,ATM_004,Rural,7,5362
2023-03-21,ATM_005,Urban,3,21554
2023-03-21,ATM_006,Urban,4,14151
2023-03-21,ATM_007,Rural,9,11238
2023-03-21,ATM_008,Suburban,9,14535
2023-03-21,ATM_009,Rural,4,19201
2023-03-21,ATM_010,Rural,6,5112
2023-03-22,ATM_001,Rural,4,2788
2023-03-22,ATM_002,Urban,1,13753
2023-03-22,ATM_003,Rural,9,12958
2023-03-22,ATM_004,Rural,5,14667
2023-03-22,ATM_005,Urban,9,23248
2023-03-22,ATM_006,Urban,8,9381
2023-03-22,ATM_007,Rural,6,16221
2023-03-22,ATM_008,Suburban,1,7583
2023-03-22,ATM_009,Rural,3,20032
2023-03-22,ATM_010,Rural,2,1853
2023-03-23,ATM_001,Rural,5,2758
2023-03-23,ATM_002,Urban,5,21834
2023-03-23,ATM_003,Rural,1,11361
2023-03-23,ATM_004,Rural,9,7856
2023-03-23,ATM_005,Urban,2,18169
2023-03-23,ATM_006,Urban,8,22202
2023-03-23,ATM_007,Rural,8,1272
2023-03-23,ATM_008,Suburban,9,9865
2023-03-23,ATM_009,Rural,4,13471
2023-03-23,ATM_010,Rural,5,17520
2023-03-24,ATM_001,Rural,9,11052
2023-03-24,ATM_002,Urban,7,15919
2023-03-24,ATM_003,Rural,4,11626
2023-03-24,ATM_004,Rural,6,17378
2023-03-24,ATM_005,Urban,2,17479
2023-03-24,ATM_006,Urban,1,24636
2023-03-24,ATM_007,Rural,6,10735
2023-03-24,ATM_008,Suburban,1,6170
2023-03-24,ATM_009,Rural,6,7995
2023-03-24,ATM_010,Rural,8,9703
2023-03-25,ATM_001,Rural,9,16087
2023-03-25,ATM_002,Urban,8,19142
2023-03-25,ATM_003,Rural,4,11578
2023-03-25,ATM_004,Rural,6,10708
2023-03-25,ATM_005,Urban,8,16182
2023-03-25,ATM_006,Urban,7,10308
2023-03-25,ATM_007,Rural,6,20895
2023-03-25,ATM_008,Suburban,9,24439
2023-03-25,ATM_009,Rural,7,4985
2023-03-25,ATM_010,Rural,3,20036
2023-03-26,ATM_001,Rural,1,21971
2023-03-26,ATM_002,Urban,5,15987
2023-03-26,ATM_003,Rural,1,13555
2023-03-26,ATM_004,Rural,7,3158
2023-03-26,ATM_005,Urban,4,10444
2023-03-26,ATM_006,Urban,4,20477
2023-03-26,ATM_007,Rural,8,21667
2023-03-26,ATM_008,Suburban,3,17739
2023-03-26,ATM_009,Rural,9,18627
2023-03-26,ATM_010,Rural,2,21400
2023-03-27,ATM_001,Rural,9,5275
2023-03-27,ATM_002,Urban,4,12377
2023-03-27,ATM_003,Rural,6,12881
2023-03-27,ATM_004,Rural,8,1797
2023-03-27,ATM_005,Urban,1,16577
2023-03-27,ATM_006,Urban,5,21153
2023-03-27,ATM_007,Rural,1,10501
2023-03-27,ATM_008,Suburban,7,11984
2023-03-27,ATM_009,Rural,6,18819
2023-03-27,ATM_010,Rural,6,2595
2023-03-28,ATM_001,Rural,4,18671
2023-03-28,ATM_002,Urban,5,5604
2023-03-28,ATM_003,Rural,2,11346
2023-03-28,ATM_004,Rural,3,2773
2023-03-28,ATM_005,Urban,7,18901
2023-03-28,ATM_006,Urban,9,22521
2023-03-28,ATM_007,Rural,1,2252
2023-03-28,ATM_008,Suburban,8,12602
2023-03-28,ATM_009,Rural,7,9267
2023-03-28,ATM_010,Rural,8,4187
2023-03-29,ATM_001,Rural,3,19637
2023-03-29,ATM_002,Urban,3,20428
2023-03-29,ATM_003,Rural,1,12224
2023-03-29,ATM_004,Rural,5,12425
2023-03-29,ATM_005,Urban,4,17819
2023-03-29,ATM_006,Urban,4,19207
2023-03-29,ATM_007,Rural,2,7120
2023-03-29,ATM_008,Suburban,8,9780
2023-03-29,ATM_009,Rural,4,1520
2023-03-29,ATM_010,Rural,6,10299
2023-03-30,ATM_001,Rural,3,5405
2023-03-30,ATM_002,Urban,5,23167
2023-03-30,ATM_003,Rural,5,2793
2023-03-30,ATM_004,Rural,5,6936
2023-03-30,ATM_005,Urban,1,5528
2023-03-30,ATM_006,Urban,6,19908
2023-03-30,ATM_007,Rural,5,12923
2023-03-30,ATM_008,Suburban,2,18560
2023-03-30,ATM_009,Rural,5,9909
2023-03-30,ATM_010,Rural,3,6340
2023-03-31,ATM_001,Rural,3,14718
2023-03-31,ATM_002,Urban,5,8638
2023-03-31,ATM_003,Rural,7,9129
2023-03-31,ATM_004,Rural,8,10598
2023-03-31,ATM_005,Urban,2,21934
2023-03-31,ATM_006,Urban,1,18773
2023-03-31,ATM_007,Rural,9,2864
2023-03-31,ATM_008,Suburban,5,14974
2023-03-31,ATM_009,Rural,5,17231
2023-03-31,ATM_010,Rural,6,3323
2023-04-01,ATM_001,Rural,5,13939
2023-04-01,ATM_002,Urban,5,10429
2023-04-01,ATM_003,Rural,6,4686
2023-04-01,ATM_004,Rural,4,5241
2023-04-01,ATM_005,Urban,1,18415
2023-04-01,ATM_006,Urban,9,20801
2023-04-01,ATM_007,Rural,2,10804
2023-04-01,ATM_008,Suburban,4,25360
2023-04-01,ATM_009,Rural,9,11120
2023-04-01,ATM_010,Rural,1,4418
2023-04-02,ATM_001,Rural,8,5500
2023-04-02,ATM_002,Urban,7,22654
2023-04-02,ATM_003,Rural,6,5185
2023-04-02,ATM_004,Rural,5,9168
2023-04-02,ATM_005,Urban,8,26031
2023-04-02,ATM_006,Urban,3,21466
2023-04-02,ATM_007,Rural,1,16910
2023-04-02,ATM_008,Suburban,1,17903
2023-04-02,ATM_009,Rural,1,5435
2023-04-02,ATM_010,Rural,9,13006
2023-04-03,ATM_001,Rural,4,12146
2023-04-03,ATM_002,Urban,7,15786
2023-04-03,ATM_003,Rural,4,12829
2023-04-03,ATM_004,Rural,6,10095
2023-04-03,ATM_005,Urban,2,4694
2023-04-03,ATM_006,Urban,6,6844
2023-04-03,ATM_007,Rural,1,6620
2023-04-03,ATM_008,Suburban,6,16097
2023-04-03,ATM_009,Rural,2,8176
2023-04-03,ATM_010,Rural,8,18393
2023-04-04,ATM_001,Rural,2,11776
2023-04-04,ATM_002,Urban,8,7662
2023-04-04,ATM_003,Rural,6,6212
2023-04-04,ATM_004,Rural,5,3510
2023-04-04,ATM_005,Urban,5,8060
2023-04-04,ATM_006,Urban,5,7286
2023-04-04,ATM_007,Rural,1,15591
2023-04-04,ATM_008,Suburban,4,19655
2023-04-04,ATM_009,Rural,4,2652
2023-04-04,ATM_010,Rural,2,1540
2023-04-05,ATM_001,Rural,4,7932
2023-04-05,ATM_002,Urban,6,14045
2023-04-05,ATM_003,Rural,4,14543
2023-04-05,ATM_004,Rural,7,1786
2023-04-05,ATM_005,Urban,2,9750
2023-04-05,ATM_006,Urban,9,8436
2023-04-05,ATM_007,Rural,9,15087
2023-04-05,ATM_008,Suburban,6,21730
2023-04-05,ATM_009,Rural,6,15523
2023-04-05,ATM_010,Rural,9,16663
2023-04-06,ATM_001,Rural,9,6896
2023-04-06,ATM_002,Urban,4,9171
2023-04-06,ATM_003,Rural,3,17619
2023-04-06,ATM_004,Rural,1,10962
2023-04-06,ATM_005,Urban,3,14127
2023-04-06,ATM_006,Urban,7,17329
2023-04-06,ATM_007,Rural,1,7785
2023-04-06,ATM_008,Suburban,7,15974
2023-04-06,ATM_009,Rural,5,6840
2023-04-06,ATM_010,Rural,5,12914
2023-04-07,ATM_001,Rural,4,1806
2023-04-07,ATM_002,Urban,9,16615
2023-04-07,ATM_003,Rural,3,14171
2023-04-07,ATM_004,Rural,5,6993
2023-04-07,ATM_005,Urban,7,17325
2023-04-07,ATM_006,Urban,3,23046
2023-04-07,ATM_007,Rural,3,2676
2023-04-07,ATM_008,Suburban,7,8618
2023-04-07,ATM_009,Rural,5,14033
2023-04-07,ATM_010,Rural,2,13941
2023-04-08,ATM_001,Rural,6,18363
2023-04-08,ATM_002,Urban,2,11043
2023-04-08,ATM_003,Rural,4,20672
2023-04-08,ATM_004,Rural,5,17485
2023-04-08,ATM_005,Urban,1,24216
2023-04-08,ATM_006,Urban,9,15079
2023-04-08,ATM_007,Rural,5,8463
2023-04-08,ATM_008,Suburban,5,7290
2023-04-08,ATM_009,Rural,4,22552
2023-04-08,ATM_010,Rural,3,7587
2023-04-09,ATM_001,Rural,6,6335
2023-04-09,ATM_002,Urban,6,19693
2023-04-09,ATM_003,Rural,1,13869
2023-04-09,ATM_004,Rural,6,15559
2023-04-09,ATM_005,Urban,9,19057
2023-04-09,ATM_006,Urban,1,22940
2023-04-09,ATM_007,Rural,9,8846
2023-04-09,ATM_008,Suburban,5,11479
2023-04-09,ATM_009,Rural,9,21832
2023-04-09,ATM_010,Rural,1,21196
2023-04-10,ATM_001,Rural,8,16067
2023-04-10,ATM_002,Urban,8,15533
2023-04-10,ATM_003,Rural,2,9336
2023-04-10,ATM_004,Rural,7,1725
2023-04-10,ATM_005,Urban,8,20555
2023-04-10,ATM_006,Urban,4,5584
2023-04-10,ATM_007,Rural,6,13551
2023-04-10,ATM_008,Suburban,7,20238
2023-04-10,ATM_009,Rural,9,11541
2023-04-10,ATM_010,Rural,3,14711
2023-04-11,ATM_001,Rural,8,9844
2023-04-11,ATM_002,Urban,1,17747
2023-04-11,ATM_003,Rural,4,2258
2023-04-11,ATM_004,Rural,9,1152
2023-04-11,ATM_005,Urban,2,22136
2023-04-11,ATM_006,Urban,5,16190
2023-04-11,ATM_007,Rural,8,6799
2023-04-11,ATM_008,Suburban,2,4562
2023-04-11,ATM_009,Rural,5,15585
2023-04-11,ATM_010,Rural,2,12934
2023-04-12,ATM_001,Rural,3,11949
2023-04-12,ATM_002,Urban,8,9218
2023-04-12,ATM_003,Rural,1,12683
2023-04-12,ATM_004,Rural,2,7306
2023-04-12,ATM_005,Urban,6,13767
2023-04-12,ATM_006,Urban,8,18552
2023-04-12,ATM_007,Rural,9,8455
2023-04-12,ATM_008,Suburban,9,8469
2023-04-12,ATM_009,Rural,7,8668
2023-04-12,ATM_010,Rural,2,2001
2023-04-13,ATM_001,Rural,5,2414
2023-04-13,ATM_002,Urban,7,8821
2023-04-13,ATM_003,Rural,8,9351
2023-04-13,ATM_004,Rural,4,11568
2023-04-13,ATM_005,Urban,7,17743
2023-04-13,ATM_006,Urban,6,18628
2023-04-13,ATM_007,Rural,4,13344
2023-04-13,ATM_008,Suburban,5,21210
2023-04-13,ATM_009,Rural,8,19864
2023-04-13,ATM_010,Rural,8,19819
2023-04-14,ATM_001,Rural,6,10237
2023-04-14,ATM_002,Urban,3,21298
2023-04-14,ATM_003,Rural,4,18732
2023-04-14,ATM_004,Rural,2,8673
2023-04-14,ATM_005,Urban,7,5880
2023-04-14,ATM_006,Urban,3,14750
2023-04-14,ATM_007,Rural,7,8902
2023-04-14,ATM_008,Suburban,4,15447
2023-04-14,ATM_009,Rural,2,17666
2023-04-14,ATM_010,Rural,4,19813
2023-04-15,ATM_001,Rural,5,15270
2023-04-15,ATM_002,Urban,2,8330
2023-04-15,ATM_003,Rural,4,5964
2023-04-15,ATM_004,Rural,3,15969
2023-04-15,ATM_005,Urban,3,25606
2023-04-15,ATM_006,Urban,7,16171
2023-04-15,ATM_007,Rural,5,8992
2023-04-15,ATM_008,Suburban,4,10899
2023-04-15,ATM_009,Rural,8,22734
2023-04-15,ATM_010,Rural,7,9733
2023-04-16,ATM_001,Rural,9,18833
2023-04-16,ATM_002,Urban,8,25248
2023-04-16,ATM_003,Rural,4,14043
2023-04-16,ATM_004,Rural,3,18386
2023-04-16,ATM_005,Urban,8,25351
2023-04-16,ATM_006,Urban,5,24528
2023-04-16,ATM_007,Rural,9,7608
2023-04-16,ATM_008,Suburban,8,20954
2023-04-16,ATM_009,Rural,4,17467
2023-04-16,ATM_010,Rural,6,8207
2023-04-17,ATM_001,Rural,6,11666
2023-04-17,ATM_002,Urban,5,18173
2023-04-17,ATM_003,Rural,5,19038
2023-04-17,ATM_004,Rural,6,17273
2023-04-17,ATM_005,Urban,5,16886
2023-04-17,ATM_006,Urban,7,7951
2023-04-17,ATM_007,Rural,2,11451
2023-04-17,ATM_008,Suburban,6,15537
2023-04-17,ATM_009,Rural,4,4167
2023-04-17,ATM_010,Rural,5,14074
2023-04-18,ATM_001,Rural,1,11709
2023-04-18,ATM_002,Urban,4,10124
2023-04-18,ATM_003,Rural,8,2092
2023-04-18,ATM_004,Rural,6,8185
2023-04-18,ATM_005,Urban,9,4473
2023-04-18,ATM_006,Urban,9,7606
2023-04-18,ATM_007,Rural,4,5196
2023-04-18,ATM_008,Suburban,1,5666
2023-04-18,ATM_009,Rural,7,18961
2023-04-18,ATM_010,Rural,1,4851
2023-04-19,ATM_001,Rural,4,8079
2023-04-19,ATM_002,Urban,4,23489
2023-04-19,ATM_003,Rural,3,6901
2023-04-19,ATM_004,Rural,8,2825
2023-04-19,ATM_005,Urban,2,10346
2023-04-19,ATM_006,Urban,8,8953
2023-04-19,ATM_007,Rural,1,6385
2023-04-19,ATM_008,Suburban,5,11141
2023-04-19,ATM_009,Rural,6,19576
2023-04-19,ATM_010,Rural,3,2023
2023-04-20,ATM_001,Rural,9,3854
2023-04-20,ATM_002,Urban,7,7109
2023-04-20,ATM_003,Rural,5,18078
2023-04-20,ATM_004,Rural,8,11463
2023-04-20,ATM_005,Urban,7,12141
2023-04-20,ATM_006,Urban,8,15674
2023-04-20,ATM_007,Rural,1,8783
2023-04-20,ATM_008,Suburban,1,18654
2023-04-20,ATM_009,Rural,5,12231
2023-04-20,ATM_010,Rural,1,7648
2023-04-21,ATM_001,Rural,9,17812
2023-04-21,ATM_002,Urban,2,19823
2023-04-21,ATM_003,Rural,7,13311
2023-04-21,ATM_004,Rural,4,7072
2023-04-21,ATM_005,Urban,7,9293
2023-04-21,ATM_006,Urban,6,14905
2023-04-21,ATM_007,Rural,8,5758
2023-04-21,ATM_008,Suburban,9,17739
2023-04-21,ATM_009,Rural,1,6489
2023-04-21,ATM_010,Rural,5,11578
2023-04-22,ATM_001,Rural,1,5403
2023-04-22,ATM_002,Urban,9,13970
2023-04-22,ATM_003,Rural,8,16334
2023-04-22,ATM_004,Rural,7,14559
2023-04-22,ATM_005,Urban,9,10348
2023-04-22,ATM_006,Urban,3,19929
2023-04-22,ATM_007,Rural,2,19438
2023-04-22,ATM_008,Suburban,9,21486
2023-04-22,ATM_009,Rural,9,15152
2023-04-22,ATM_010,Rural,2,7284
2023-04-23,ATM_001,Rural,9,10801
2023-04-23,ATM_002,Urban,5,23152
2023-04-23,ATM_003,Rural,4,18786
2023-04-23,ATM_004,Rural,1,20652
2023-04-23,ATM_005,Urban,9,10833
2023-04-23,ATM_006,Urban,6,8212
2023-04-23,ATM_007,Rural,2,11712
2023-04-23,ATM_008,Suburban,4,21862
2023-04-23,ATM_009,Rural,9,10664
2023-04-23,ATM_010,Rural,3,7674
2023-04-24,ATM_001,Rural,9,2143
2023-04-24,ATM_002,Urban,8,15660
2023-04-24,ATM_003,Rural,5,11146
2023-04-24,ATM_004,Rural,4,2113
2023-04-24,ATM_005,Urban,9,9953
2023-04-24,ATM_006,Urban,2,9953
2023-04-24,ATM_007,Rural,2,15333
2023-04-24,ATM_008,Suburban,2,20735
2023-04-24,ATM_009,Rural,7,2432
2023-04-24,ATM_010,Rural,3,2410
2023-04-25,ATM_001,Rural,8,6225
2023-04-25,ATM_002,Urban,6,17852
2023-04-25,ATM_003,Rural,8,2401
2023-04-25,ATM_004,Rural,1,1683
2023-04-25,ATM_005,Urban,9,14255
2023-04-25,ATM_006,Urban,1,21525
2023-04-25,ATM_007,Rural,5,19324
2023-04-25,ATM_008,Suburban,6,5330
2023-04-25,ATM_009,Rural,4,19604
2023-04-25,ATM_010,Rural,2,6786
2023-04-26,ATM_001,Rural,9,17607
2023-04-26,ATM_002,Urban,7,19048
2023-04-26,ATM_003,Rural,6,5018
2023-04-26,ATM_004,Rural,1,9490
2023-04-26,ATM_005,Urban,2,7480
2023-04-26,ATM_006,Urban,5,12486
2023-04-26,ATM_007,Rural,5,6527
2023-04-26,ATM_008,Suburban,5,5104
2023-04-26,ATM_009,Rural,3,17579
2023-04-26,ATM_010,Rural,4,3470
2023-04-27,ATM_001,Rural,4,17256
2023-04-27,ATM_002,Urban,8,16203
2023-04-27,ATM_003,Rural,5,4770
2023-04-27,ATM_004,Rural,4,878
2023-04-27,ATM_005,Urban,7,9375
2023-04-27,ATM_006,Urban,5,19782
2023-04-27,ATM_007,Rural,7,6797
2023-04-27,ATM_008,Suburban,5,13563
2023-04-27,ATM_009,Rural,6,7608
2023-04-27,ATM_010,Rural,3,15954
2023-04-28,ATM_001,Rural,6,1585
2023-04-28,ATM_002,Urban,7,5173
2023-04-28,ATM_003,Rural,9,17235
2023-04-28,ATM_004,Rural,5,14334
2023-04-28,ATM_005,Urban,4,8476
2023-04-28,ATM_006,Urban,1,22517
2023-04-28,ATM_007,Rural,5,12625
2023-04-28,ATM_008,Suburban,6,10973
2023-04-28,ATM_009,Rural,1,13833
2023-04-28,ATM_010,Rural,3,5467
2023-04-29,ATM_001,Rural,4,5317
2023-04-29,ATM_002,Urban,6,22150
2023-04-29,ATM_003,Rural,8,21105
2023-04-29,ATM_004,Rural,1,13770
2023-04-29,ATM_005,Urban,8,9641
2023-04-29,ATM_006,Urban,2,11938
2023-04-29,ATM_007,Rural,1,8015
2023-04-29,ATM_008,Suburban,1,14203
2023-04-29,ATM_009,Rural,8,9693
2023-04-29,ATM_010,Rural,5,19275
2023-04-30,ATM_001,Rural,1,18653
2023-04-30,ATM_002,Urban,1,18678
2023-04-30,ATM_003,Rural,3,8828
2023-04-30,ATM_004,Rural,9,12090
2023-04-30,ATM_005,Urban,8,11835
2023-04-30,ATM_006,Urban,3,8432
2023-04-30,ATM_007,Rural,7,16107
2023-04-30,ATM_008,Suburban,2,5649
2023-04-30,ATM_009,Rural,9,7324
2023-04-30,ATM_010,Rural,2,14086
2023-05-01,ATM_001,Rural,6,13146
2023-05-01,ATM_002,Urban,9,24962
2023-05-01,ATM_003,Rural,4,6782
2023-05-01,ATM_004,Rural,2,11612
2023-05-01,ATM_005,Urban,6,20605
2023-05-01,ATM_006,Urban,3,6372
2023-05-01,ATM_007,Rural,6,14664
2023-05-01,ATM_008,Suburban,7,11791
2023-05-01,ATM_009,Rural,2,3511
2023-05-01,ATM_010,Rural,1,10032
2023-05-02,ATM_001,Rural,2,16087
2023-05-02,ATM_002,Urban,9,15032
2023-05-02,ATM_003,Rural,5,17446
2023-05-02,ATM_004,Rural,7,4367
2023-05-02,ATM_005,Urban,7,16819
2023-05-02,ATM_006,Urban,6,7845
2023-05-02,ATM_007,Rural,1,3913
2023-05-02,ATM_008,Suburban,5,14354
2023-05-02,ATM_009,Rural,4,17292
2023-05-02,ATM_010,Rural,5,1473
2023-05-03,ATM_001,Rural,6,4284
2023-05-03,ATM_002,Urban,9,22132
2023-05-03,ATM_003,Rural,2,8858
2023-05-03,ATM_004,Rural,1,2862
2023-05-03,ATM_005,Urban,7,24258
2023-05-03,ATM_006,Urban,6,18596
2023-05-03,ATM_007,Rural,3,11482
2023-05-03,ATM_008,Suburban,1,15031
2023-05-03,ATM_009,Rural,5,16511
2023-05-03,ATM_010,Rural,4,17562
2023-05-04,ATM_001,Rural,7,9042
2023-05-04,ATM_002,Urban,4,19476
2023-05-04,ATM_003,Rural,6,11392
2023-05-04,ATM_004,Rural,5,15134
2023-05-04,ATM_005,Urban,8,3402
2023-05-04,ATM_006,Urban,6,9403
2023-05-04,ATM_007,Rural,3,16132
2023-05-04,ATM_008,Suburban,8,9577
2023-05-04,ATM_009,Rural,6,19410
2023-05-04,ATM_010,Rural,8,2968
2023-05-05,ATM_001,Rural,7,17369
2023-05-05,ATM_002,Urban,2,15196
2023-05-05,ATM_003,Rural,1,16453
2023-05-05,ATM_004,Rural,6,18981
2023-05-05,ATM_005,Urban,3,7584
2023-05-05,ATM_006,Urban,1,10540
2023-05-05,ATM_007,Rural,5,3808
2023-05-05,ATM_008,Suburban,5,8013
2023-05-05,ATM_009,Rural,6,3947
2023-05-05,ATM_010,Rural,2,12120
2023-05-06,ATM_001,Rural,3,21520
2023-05-06,ATM_002,Urban,9,20250
2023-05-06,ATM_003,Rural,3,3703
2023-05-06,ATM_004,Rural,9,15115
2023-05-06,ATM_005,Urban,2,14974
2023-05-06,ATM_006,Urban,3,15163
2023-05-06,ATM_007,Rural,6,6811
2023-05-06,ATM_008,Suburban,2,9858
2023-05-06,ATM_009,Rural,8,18840
2023-05-06,ATM_010,Rural,5,17680
2023-05-07,ATM_001,Rural,9,6932
2023-05-07,ATM_002,Urban,3,21415
2023-05-07,ATM_003,Rural,8,11376
2023-05-07,ATM_004,Rural,2,15151
2023-05-07,ATM_005,Urban,7,17663
2023-05-07,ATM_006,Urban,8,12777
2023-05-07,ATM_007,Rural,6,3393
2023-05-07,ATM_008,Suburban,2,6551
2023-05-07,ATM_009,Rural,6,15160
2023-05-07,ATM_010,Rural,1,17842
2023-05-08,ATM_001,Rural,7,19898
2023-05-08,ATM_002,Urban,7,17725
2023-05-08,ATM_003,Rural,8,17903
2023-05-08,ATM_004,Rural,9,7969
2023-05-08,ATM_005,Urban,1,23204
2023-05-08,ATM_006,Urban,8,20064
2023-05-08,ATM_007,Rural,5,2336
2023-05-08,ATM_008,Suburban,7,5945
2023-05-08,ATM_009,Rural,1,6517
2023-05-08,ATM_010,Rural,3,4444
2023-05-09,ATM_001,Rural,2,2143
2023-05-09,ATM_002,Urban,2,22958
2023-05-09,ATM_003,Rural,8,5002
2023-05-09,ATM_004,Rural,4,14620
2023-05-09,ATM_005,Urban,3,18185
2023-05-09,ATM_006,Urban,8,17497
2023-05-09,ATM_007,Rural,8,2801
2023-05-09,ATM_008,Suburban,7,16332
2023-05-09,ATM_009,Rural,4,12351
2023-05-09,ATM_010,Rural,4,18911
2023-05-10,ATM_001,Rural,6,19825
2023-05-10,ATM_002,Urban,6,16306
2023-05-10,ATM_003,Rural,8,20169
2023-05-10,ATM_004,Rural,2,17119
2023-05-10,ATM_005,Urban,5,17110
2023-05-10,ATM_006,Urban,8,17777
2023-05-10,ATM_007,Rural,7,15084
2023-05-10,ATM_008,Suburban,5,10419
2023-05-10,ATM_009,Rural,6,9693
2023-05-10,ATM_010,Rural,2,6395
2023-05-11,ATM_001,Rural,7,14635
2023-05-11,ATM_002,Urban,9,13119
2023-05-11,ATM_003,Rural,9,7705
2023-05-11,ATM_004,Rural,6,1789
2023-05-11,ATM_005,Urban,9,22935
2023-05-11,ATM_006,Urban,7,2790
2023-05-11,ATM_007,Rural,9,12657
2023-05-11,ATM_008,Suburban,1,17375
2023-05-11,ATM_009,Rural,6,2760
2023-05-11,ATM_010,Rural,9,6162
2023-05-12,ATM_001,Rural,6,15880
2023-05-12,ATM_002,Urban,6,22345
2023-05-12,ATM_003,Rural,8,4183
2023-05-12,ATM_004,Rural,3,17669
2023-05-12,ATM_005,Urban,2,22567
2023-05-12,ATM_006,Urban,6,4231
2023-05-12,ATM_007,Rural,8,7601
2023-05-12,ATM_008,Suburban,3,16230
2023-05-12,ATM_009,Rural,1,15277
2023-05-12,ATM_010,Rural,5,10316
2023-05-13,ATM_001,Rural,5,20277
2023-05-13,ATM_002,Urban,4,16907
2023-05-13,ATM_003,Rural,2,21039
2023-05-13,ATM_004,Rural,1,10386
2023-05-13,ATM_005,Urban,1,18020
2023-05-13,ATM_006,Urban,7,23893
2023-05-13,ATM_007,Rural,7,14551
2023-05-13,ATM_008,Suburban,7,20235
2023-05-13,ATM_009,Rural,1,13728
2023-05-13,ATM_010,Rural,2,2989
2023-05-14,ATM_001,Rural,2,5634
2023-05-14,ATM_002,Urban,5,10131
2023-05-14,ATM_003,Rural,8,21969
2023-05-14,ATM_004,Rural,9,18095
2023-05-14,ATM_005,Urban,4,10495
2023-05-14,ATM_006,Urban,1,11092
2023-05-14,ATM_007,Rural,2,14387
2023-05-14,ATM_008,Suburban,1,9524
2023-05-14,ATM_009,Rural,8,16659
2023-05-14,ATM_010,Rural,8,21185
2023-05-15,ATM_001,Rural,7,17443
2023-05-15,ATM_002,Urban,5,20498
2023-05-15,ATM_003,Rural,7,4847
2023-05-15,ATM_004,Rural,6,10672
2023-05-15,ATM_005,Urban,3,17278
2023-05-15,ATM_006,Urban,1,9384
2023-05-15,ATM_007,Rural,8,14320
2023-05-15,ATM_008,Suburban,1,16635
2023-05-15,ATM_009,Rural,8,9867
2023-05-15,ATM_010,Rural,6,2512
2023-05-16,ATM_001,Rural,3,12174
2023-05-16,ATM_002,Urban,4,17011
2023-05-16,ATM_003,Rural,4,19257
2023-05-16,ATM_004,Rural,9,4835
2023-05-16,ATM_005,Urban,3,5720
2023-05-16,ATM_006,Urban,2,18521
2023-05-16,ATM_007,Rural,8,11794
2023-05-16,ATM_008,Suburban,4,8179
2023-05-16,ATM_009,Rural,9,13177
2023-05-16,ATM_010,Rural,8,11834
2023-05-17,ATM_001,Rural,9,10743
2023-05-17,ATM_002,Urban,8,13605
2023-05-17,ATM_003,Rural,4,11813
2023-05-17,ATM_004,Rural,3,11983
2023-05-17,ATM_005,Urban,1,7969
2023-05-17,ATM_006,Urban,9,20799
2023-05-17,ATM_007,Rural,2,13011
2023-05-17,ATM_008,Suburban,7,21566
2023-05-17,ATM_009,Rural,1,3097
2023-05-17,ATM_010,Rural,2,10561
2023-05-18,ATM_001,Rural,5,6163
2023-05-18,ATM_002,Urban,4,17055
2023-05-18,ATM_003,Rural,1,12957
2023-05-18,ATM_004,Rural,4,13964
2023-05-18,ATM_005,Urban,5,21207
2023-05-18,ATM_006,Urban,5,13452
2023-05-18,ATM_007,Rural,7,4046
2023-05-18,ATM_008,Suburban,5,4106
2023-05-18,ATM_009,Rural,8,14251
2023-05-18,ATM_010,Rural,3,10569
2023-05-19,ATM_001,Rural,4,11221
2023-05-19,ATM_002,Urban,5,6260
2023-05-19,ATM_003,Rural,5,2526
2023-05-19,ATM_004,Rural,6,15333
2023-05-19,ATM_005,Urban,2,15114
2023-05-19,ATM_006,Urban,7,19406
2023-05-19,ATM_007,Rural,8,2841
2023-05-19,ATM_008,Suburban,6,8981
2023-05-19,ATM_009,Rural,9,10312
2023-05-19,ATM_010,Rural,5,10040
2023-05-20,ATM_001,Rural,4,20522
2023-05-20,ATM_002,Urban,8,15938
2023-05-20,ATM_003,Rural,9,15114
2023-05-20,ATM_004,Rural,5,16120
2023-05-20,ATM_005,Urban,3,10884
2023-05-20,ATM_006,Urban,1,25899
2023-05-20,ATM_007,Rural,1,8762
2023-05-20,ATM_008,Suburban,6,20981
2023-05-20,ATM_009,Rural,6,9342
2023-05-20,ATM_010,Rural,5,20342
2023-05-21,ATM_001,Rural,6,5296
2023-05-21,ATM_002,Urban,2,20008
2023-05-21,ATM_003,Rural,6,14284
2023-05-21,ATM_004,Rural,2,13466
2023-05-21,ATM_005,Urban,7,17732
2023-05-21,ATM_006,Urban,3,22106
2023-05-21,ATM_007,Rural,1,18007
2023-05-21,ATM_008,Suburban,3,25838
2023-05-21,ATM_009,Rural,8,12195
2023-05-21,ATM_010,Rural,1,17451
2023-05-22,ATM_001,Rural,1,15247
2023-05-22,ATM_002,Urban,6,5864
2023-05-22,ATM_003,Rural,5,15788
2023-05-22,ATM_004,Rural,4,7985
2023-05-22,ATM_005,Urban,4,4212
2023-05-22,ATM_006,Urban,2,10212
2023-05-22,ATM_007,Rural,6,14868
2023-05-22,ATM_008,Suburban,9,8363
2023-05-22,ATM_009,Rural,2,4614
2023-05-22,ATM_010,Rural,3,4950
2023-05-23,ATM_001,Rural,9,4822
2023-05-23,ATM_002,Urban,6,12921
2023-05-23,ATM_003,Rural,7,6700
2023-05-23,ATM_004,Rural,7,12543
2023-05-23,ATM_005,Urban,4,15697
2023-05-23,ATM_006,Urban,2,8635
2023-05-23,ATM_007,Rural,9,19220
2023-05-23,ATM_008,Suburban,6,21084
2023-05-23,ATM_009,Rural,3,3546
2023-05-23,ATM_010,Rural,1,5032
2023-05-24,ATM_001,Rural,4,8150
2023-05-24,ATM_002,Urban,5,15374
2023-05-24,ATM_003,Rural,6,18112
2023-05-24,ATM_004,Rural,4,8393
2023-05-24,ATM_005,Urban,3,23742
2023-05-24,ATM_006,Urban,1,18925
2023-05-24,ATM_007,Rural,9,15198
2023-05-24,ATM_008,Suburban,5,4109
2023-05-24,ATM_009,Rural,7,16789
2023-05-24,ATM_010,Rural,2,13097
2023-05-25,ATM_001,Rural,9,3409
2023-05-25,ATM_002,Urban,9,5315
2023-05-25,ATM_003,Rural,9,13800
2023-05-25,ATM_004,Rural,3,1881
2023-05-25,ATM_005,Urban,3,13639
2023-05-25,ATM_006,Urban,5,10220
2023-05-25,ATM_007,Rural,7,8565
2023-05-25,ATM_008,Suburban,9,6297
2023-05-25,ATM_009,Rural,6,14574
2023-05-25,ATM_010,Rural,1,6733
2023-05-26,ATM_001,Rural,5,18919
2023-05-26,ATM_002,Urban,6,13414
2023-05-26,ATM_003,Rural,4,14665
2023-05-26,ATM_004,Rural,8,7018
2023-05-26,ATM_005,Urban,8,23637
2023-05-26,ATM_006,Urban,1,17878
2023-05-26,ATM_007,Rural,1,14126
2023-05-26,ATM_008,Suburban,5,21210
2023-05-26,ATM_009,Rural,4,17692
2023-05-26,ATM_010,Rural,5,3972
2023-05-27,ATM_001,Rural,5,20126
2023-05-27,ATM_002,Urban,5,9954
2023-05-27,ATM_003,Rural,4,18636
2023-05-27,ATM_004,Rural,2,8657
2023-05-27,ATM_005,Urban,7,12387
2023-05-27,ATM_006,Urban,4,18187
2023-05-27,ATM_007,Rural,4,5719
2023-05-27,ATM_008,Suburban,6,19881
2023-05-27,ATM_009,Rural,9,19595
2023-05-27,ATM_010,Rural,4,11158
2023-05-28,ATM_001,Rural,4,7010
2023-05-28,ATM_002,Urban,2,22535
2023-05-28,ATM_003,Rural,7,9515
2023-05-28,ATM_004,Rural,3,7834
2023-05-28,ATM_005,Urban,3,17682
2023-05-28,ATM_006,Urban,2,6713
2023-05-28,ATM_007,Rural,7,5893
2023-05-28,ATM_008,Suburban,7,6752
2023-05-28,ATM_009,Rural,1,16433
2023-05-28,ATM_010,Rural,5,20133
2023-05-29,ATM_001,Rural,3,16738
2023-05-29,ATM_002,Urban,3,10040
2023-05-29,ATM_003,Rural,1,17089
2023-05-29,ATM_004,Rural,1,20074
2023-05-29,ATM_005,Urban,4,19479
2023-05-29,ATM_006,Urban,8,7866
2023-05-29,ATM_007,Rural,6,9896
2023-05-29,ATM_008,Suburban,6,10967
2023-05-29,ATM_009,Rural,9,2293
2023-05-29,ATM_010,Rural,9,11060
2023-05-30,ATM_001,Rural,8,16192
2023-05-30,ATM_002,Urban,9,21486
2023-05-30,ATM_003,Rural,4,4996
2023-05-30,ATM_004,Rural,2,7765
2023-05-30,ATM_005,Urban,2,19205
2023-05-30,ATM_006,Urban,5,8746
2023-05-30,ATM_007,Rural,8,3542
2023-05-30,ATM_008,Suburban,8,15134
2023-05-30,ATM_009,Rural,6,5154
2023-05-30,ATM_010,Rural,4,7088
2023-05-31,ATM_001,Rural,4,14252
2023-05-31,ATM_002,Urban,4,7323
2023-05-31,ATM_003,Rural,3,8490
2023-05-31,ATM_004,Rural,5,18025
2023-05-31,ATM_005,Urban,7,15639
2023-05-31,ATM_006,Urban,1,5618
2023-05-31,ATM_007,Rural,7,8246
2023-05-31,ATM_008,Suburban,1,9524
2023-05-31,ATM_009,Rural,2,7693
2023-05-31,ATM_010,Rural,4,8548
2023-06-01,ATM_001,Rural,1,18266
2023-06-01,ATM_002,Urban,3,5930
2023-06-01,ATM_003,Rural,7,6678
2023-06-01,ATM_004,Rural,4,2343
2023-06-01,ATM_005,Urban,6,14898
2023-06-01,ATM_006,Urban,5,15151
2023-06-01,ATM_007,Rural,9,5833
2023-06-01,ATM_008,Suburban,7,12325
2023-06-01,ATM_009,Rural,6,9188
2023-06-01,ATM_010,Rural,6,19221
2023-06-02,ATM_001,Rural,4,3685
2023-06-02,ATM_002,Urban,5,22643
2023-06-02,ATM_003,Rural,1,16098
2023-06-02,ATM_004,Rural,3,8000
2023-06-02,ATM_005,Urban,3,8609
2023-06-02,ATM_006,Urban,4,10973
2023-06-02,ATM_007,Rural,4,4322
2023-06-02,ATM_008,Suburban,9,20037
2023-06-02,ATM_009,Rural,4,14372
2023-06-02,ATM_010,Rural,6,19990
2023-06-03,ATM_001,Rural,3,14184
2023-06-03,ATM_002,Urban,4,17039
2023-06-03,ATM_003,Rural,7,9063
2023-06-03,ATM_004,Rural,6,22440
2023-06-03,ATM_005,Urban,6,17936
2023-06-03,ATM_006,Urban,8,20889
2023-06-03,ATM_007,Rural,6,15632
2023-06-03,ATM_008,Suburban,7,21753
2023-06-03,ATM_009,Rural,6,15931
2023-06-03,ATM_010,Rural,5,11678
2023-06-04,ATM_001,Rural,9,3706
2023-06-04,ATM_002,Urban,1,9633
2023-06-04,ATM_003,Rural,6,16840
2023-06-04,ATM_004,Rural,2,19078
2023-06-04,ATM_005,Urban,9,14679
2023-06-04,ATM_006,Urban,3,17334
2023-06-04,ATM_007,Rural,4,3240
2023-06-04,ATM_008,Suburban,8,9095
2023-06-04,ATM_009,Rural,5,18379
2023-06-04,ATM_010,Rural,6,8967
2023-06-05,ATM_001,Rural,7,12066
2023-06-05,ATM_002,Urban,9,14085
2023-06-05,ATM_003,Rural,2,1385
2023-06-05,ATM_004,Rural,4,14515
2023-06-05,ATM_005,Urban,2,7779
2023-06-05,ATM_006,Urban,6,5594
2023-06-05,ATM_007,Rural,1,9680
2023-06-05,ATM_008,Suburban,9,12464
2023-06-05,ATM_009,Rural,8,5405
2023-06-05,ATM_010,Rural,2,13033
2023-06-06,ATM_001,Rural,9,10081
2023-06-06,ATM_002,Urban,3,20203
2023-06-06,ATM_003,Rural,4,10012
2023-06-06,ATM_004,Rural,7,14890
2023-06-06,ATM_005,Urban,6,21606
2023-06-06,ATM_006,Urban,4,11066
2023-06-06,ATM_007,Rural,7,16641
2023-06-06,ATM_008,Suburban,7,8534
2023-06-06,ATM_009,Rural,6,6457
2023-06-06,ATM_010,Rural,8,8422
2023-06-07,ATM_001,Rural,5,10729
2023-06-07,ATM_002,Urban,5,19402
2023-06-07,ATM_003,Rural,7,9158
2023-06-07,ATM_004,Rural,5,1649
2023-06-07,ATM_005,Urban,5,14198
2023-06-07,ATM_006,Urban,5,17758
2023-06-07,ATM_007,Rural,2,18004
2023-06-07,ATM_008,Suburban,2,22030
2023-06-07,ATM_009,Rural,1,1341
2023-06-07,ATM_010,Rural,4,16843
2023-06-08,ATM_001,Rural,4,10303
2023-06-08,ATM_002,Urban,2,11276
2023-06-08,ATM_003,Rural,9,19490
2023-06-08,ATM_004,Rural,7,12414
2023-06-08,ATM_005,Urban,3,12569
2023-06-08,ATM_006,Urban,6,13042
2023-06-08,ATM_007,Rural,7,7511
2023-06-08,ATM_008,Suburban,7,5545
2023-06-08,ATM_009,Rural,3,9558
2023-06-08,ATM_010,Rural,3,14927
2023-06-09,ATM_001,Rural,6,12676
2023-06-09,ATM_002,Urban,7,20894
2023-06-09,ATM_003,Rural,4,11200
2023-06-09,ATM_004,Rural,3,11002
2023-06-09,ATM_005,Urban,3,21453
2023-06-09,ATM_006,Urban,7,10319
2023-06-09,ATM_007,Rural,1,2720
2023-06-09,ATM_008,Suburban,8,17259
2023-06-09,ATM_009,Rural,9,4861
2023-06-09,ATM_010,Rural,9,2682
2023-06-10,ATM_001,Rural,5,6787
2023-06-10,ATM_002,Urban,2,12977
2023-06-10,ATM_003,Rural,3,18956
2023-06-10,ATM_004,Rural,9,4428
2023-06-10,ATM_005,Urban,4,22553
2023-06-10,ATM_006,Urban,8,23284
2023-06-10,ATM_007,Rural,7,18033
2023-06-10,ATM_008,Suburban,2,7836
2023-06-10,ATM_009,Rural,2,13631
2023-06-10,ATM_010,Rural,2,8211
2023-06-11,ATM_001,Rural,7,4488
2023-06-11,ATM_002,Urban,6,14323
2023-06-11,ATM_003,Rural,9,18570
2023-06-11,ATM_004,Rural,7,15992
2023-06-11,ATM_005,Urban,1,14803
2023-06-11,ATM_006,Urban,1,11654
2023-06-11,ATM_007,Rural,3,18488
2023-06-11,ATM_008,Suburban,7,21803
2023-06-11,ATM_009,Rural,3,13729
2023-06-11,ATM_010,Rural,7,13498
2023-06-12,ATM_001,Rural,5,4799
2023-06-12,ATM_002,Urban,9,7192
2023-06-12,ATM_003,Rural,7,11449
2023-06-12,ATM_004,Rural,7,17573
2023-06-12,ATM_005,Urban,2,20003
2023-06-12,ATM_006,Urban,7,10726
2023-06-12,ATM_007,Rural,2,3194
2023-06-12,ATM_008,Suburban,8,6867
2023-06-12,ATM_009,Rural,7,5711
2023-06-12,ATM_010,Rural,4,2004
2023-06-13,ATM_001,Rural,9,3539
2023-06-13,ATM_002,Urban,5,9820
2023-06-13,ATM_003,Rural,1,8052
2023-06-13,ATM_004,Rural,5,15837
2023-06-13,ATM_005,Urban,1,17800
2023-06-13,ATM_006,Urban,9,14664
2023-06-13,ATM_007,Rural,6,10509
2023-06-13,ATM_008,Suburban,6,13891
2023-06-13,ATM_009,Rural,2,10443
2023-06-13,ATM_010,Rural,5,14060
2023-06-14,ATM_001,Rural,8,2102
2023-06-14,ATM_002,Urban,1,9254
2023-06-14,ATM_003,Rural,3,7879
2023-06-14,ATM_004,Rural,9,19927
2023-06-14,ATM_005,Urban,2,21992
2023-06-14,ATM_006,Urban,3,17804
2023-06-14,ATM_007,Rural,6,5342
2023-06-14,ATM_008,Suburban,3,8598
2023-06-14,ATM_009,Rural,8,6005
2023-06-14,ATM_010,Rural,2,2363
2023-06-15,ATM_001,Rural,6,16796
2023-06-15,ATM_002,Urban,9,6294
2023-06-15,ATM_003,Rural,7,7181
2023-06-15,ATM_004,Rural,9,15131
2023-06-15,ATM_005,Urban,4,8806
2023-06-15,ATM_006,Urban,9,16689
2023-06-15,ATM_007,Rural,1,7184
2023-06-15,ATM_008,Suburban,9,18907
2023-06-15,ATM_009,Rural,7,8555
2023-06-15,ATM_010,Rural,2,4619
2023-06-16,ATM_001,Rural,4,18275
2023-06-16,ATM_002,Urban,8,9267
2023-06-16,ATM_003,Rural,9,1061
2023-06-16,ATM_004,Rural,3,13893
2023-06-16,ATM_005,Urban,5,14786
2023-06-16,ATM_006,Urban,6,17470
2023-06-16,ATM_007,Rural,7,18245
2023-06-16,ATM_008,Suburban,3,17324
2023-06-16,ATM_009,Rural,9,19862
2023-06-16,ATM_010,Rural,4,1731
2023-06-17,ATM_001,Rural,2,4995
2023-06-17,ATM_002,Urban,7,11890
2023-06-17,ATM_003,Rural,2,5948
2023-06-17,ATM_004,Rural,5,7523
2023-06-17,ATM_005,Urban,3,13128
2023-06-17,ATM_006,Urban,8,6309
2023-06-17,ATM_007,Rural,9,7317
2023-06-17,ATM_008,Suburban,1,7464
2023-06-17,ATM_009,Rural,7,10614
2023-06-17,ATM_010,Rural,9,20219
2023-06-18,ATM_001,Rural,3,19392
2023-06-18,ATM_002,Urban,1,12243
2023-06-18,ATM_003,Rural,2,21082
2023-06-18,ATM_004,Rural,2,9627
2023-06-18,ATM_005,Urban,9,14496
2023-06-18,ATM_006,Urban,3,9718
2023-06-18,ATM_007,Rural,6,10742
2023-06-18,ATM_008,Suburban,6,10374
2023-06-18,ATM_009,Rural,3,20931
2023-06-18,ATM_010,Rural,9,12911
2023-06-19,ATM_001,Rural,8,5136
2023-06-19,ATM_002,Urban,3,20960
2023-06-19,ATM_003,Rural,7,7495
2023-06-19,ATM_004,Rural,6,19214
2023-06-19,ATM_005,Urban,9,11915
2023-06-19,ATM_006,Urban,5,17073
2023-06-19,ATM_007,Rural,4,9955
2023-06-19,ATM_008,Suburban,1,5816
2023-06-19,ATM_009,Rural,3,12583
2023-06-19,ATM_010,Rural,3,1557
2023-06-20,ATM_001,Rural,1,9076
2023-06-20,ATM_002,Urban,2,17950
2023-06-20,ATM_003,Rural,2,17078
2023-06-20,ATM_004,Rural,6,6032
2023-06-20,ATM_005,Urban,4,20765
2023-06-20,ATM_006,Urban,9,14073
2023-06-20,ATM_007,Rural,8,9516
2023-06-20,ATM_008,Suburban,4,12694
2023-06-20,ATM_009,Rural,9,10261
2023-06-20,ATM_010,Rural,2,16305
2023-06-21,ATM_001,Rural,7,2966
2023-06-21,ATM_002,Urban,6,10007
2023-06-21,ATM_003,Rural,6,19336
2023-06-21,ATM_004,Rural,9,15141
2023-06-21,ATM_005,Urban,5,14792
2023-06-21,ATM_006,Urban,2,22751
2023-06-21,ATM_007,Rural,1,4323
2023-06-21,ATM_008,Suburban,4,10764
2023-06-21,ATM_009,Rural,2,18414
2023-06-21,ATM_010,Rural,1,9942
2023-06-22,ATM_001,Rural,5,17168
2023-06-22,ATM_002,Urban,9,19652
2023-06-22,ATM_003,Rural,5,15011
2023-06-22,ATM_004,Rural,2,2645
2023-06-22,ATM_005,Urban,6,8763
2023-06-22,ATM_006,Urban,6,6839
2023-06-22,ATM_007,Rural,1,11867
2023-06-22,ATM_008,Suburban,4,8467
2023-06-22,ATM_009,Rural,2,12147
2023-06-22,ATM_010,Rural,1,2264
2023-06-23,ATM_001,Rural,7,10949
2023-06-23,ATM_002,Urban,2,13195
2023-06-23,ATM_003,Rural,8,7374
2023-06-23,ATM_004,Rural,8,10395
2023-06-23,ATM_005,Urban,1,19542
2023-06-23,ATM_006,Urban,1,3192
2023-06-23,ATM_007,Rural,7,14547
2023-06-23,ATM_008,Suburban,2,14240
2023-06-23,ATM_009,Rural,3,10224
2023-06-23,ATM_010,Rural,2,2865
2023-06-24,ATM_001,Rural,6,17329
2023-06-24,ATM_002,Urban,4,24524
2023-06-24,ATM_003,Rural,9,6646
2023-06-24,ATM_004,Rural,3,9679
2023-06-24,ATM_005,Urban,6,19957
2023-06-24,ATM_006,Urban,7,20082
2023-06-24,ATM_007,Rural,3,8354
2023-06-24,ATM_008,Suburban,3,18002
2023-06-24,ATM_009,Rural,1,11278
2023-06-24,ATM_010,Rural,7,17914
2023-06-25,ATM_001,Rural,7,10378
2023-06-25,ATM_002,Urban,6,19574
2023-06-25,ATM_003,Rural,9,20251
2023-06-25,ATM_004,Rural,2,11914
2023-06-25,ATM_005,Urban,6,26415
2023-06-25,ATM_006,Urban,5,11256
2023-06-25,ATM_007,Rural,6,17802
2023-06-25,ATM_008,Suburban,1,7057
2023-06-25,ATM_009,Rural,5,14386
2023-06-25,ATM_010,Rural,4,5686
2023-06-26,ATM_001,Rural,3,14153
2023-06-26,ATM_002,Urban,1,3967
2023-06-26,ATM_003,Rural,6,15971
2023-06-26,ATM_004,Rural,9,6568
2023-06-26,ATM_005,Urban,5,18764
2023-06-26,ATM_006,Urban,2,7060
2023-06-26,ATM_007,Rural,1,17829
2023-06-26,ATM_008,Suburban,7,7841
2023-06-26,ATM_009,Rural,1,4461
2023-06-26,ATM_010,Rural,7,8165
2023-06-27,ATM_001,Rural,5,6022
2023-06-27,ATM_002,Urban,1,12975
2023-06-27,ATM_003,Rural,6,6041
2023-06-27,ATM_004,Rural,3,9017
2023-06-27,ATM_005,Urban,2,19704
2023-06-27,ATM_006,Urban,7,19316
2023-06-27,ATM_007,Rural,2,11567
2023-06-27,ATM_008,Suburban,1,7156
2023-06-27,ATM_009,Rural,6,18822
2023-06-27,ATM_010,Rural,7,3683
2023-06-28,ATM_001,Rural,4,3886
2023-06-28,ATM_002,Urban,1,18832
2023-06-28,ATM_003,Rural,3,11933
2023-06-28,ATM_004,Rural,3,14683
2023-06-28,ATM_005,Urban,9,17545
2023-06-28,ATM_006,Urban,1,16310
2023-06-28,ATM_007,Rural,2,4251
2023-06-28,ATM_008,Suburban,4,20116
2023-06-28,ATM_009,Rural,9,7878
2023-06-28,ATM_010,Rural,6,8325
2023-06-29,ATM_001,Rural,1,16817
2023-06-29,ATM_002,Urban,5,12015
2023-06-29,ATM_003,Rural,5,19533
2023-06-29,ATM_004,Rural,8,5064
2023-06-29,ATM_005,Urban,8,16417
2023-06-29,ATM_006,Urban,8,9683
2023-06-29,ATM_007,Rural,1,5055
2023-06-29,ATM_008,Suburban,5,21583
2023-06-29,ATM_009,Rural,7,4121
2023-06-29,ATM_010,Rural,1,17959
2023-06-30,ATM_001,Rural,4,3374
2023-06-30,ATM_002,Urban,1,5285
2023-06-30,ATM_003,Rural,1,19017
2023-06-30,ATM_004,Rural,4,1390
2023-06-30,ATM_005,Urban,8,11464
2023-06-30,ATM_006,Urban,9,9927
2023-06-30,ATM_007,Rural,5,12046
2023-06-30,ATM_008,Suburban,9,7930
2023-06-30,ATM_009,Rural,1,10022
2023-06-30,ATM_010,Rural,3,6791
2023-07-01,ATM_001,Rural,3,19110
2023-07-01,ATM_002,Urban,8,12706
2023-07-01,ATM_003,Rural,3,8725
2023-07-01,ATM_004,Rural,4,10354
2023-07-01,ATM_005,Urban,1,9562
2023-07-01,ATM_006,Urban,8,23191
2023-07-01,ATM_007,Rural,6,6073
2023-07-01,ATM_008,Suburban,9,10107
2023-07-01,ATM_009,Rural,7,14572
2023-07-01,ATM_010,Rural,4,9485
2023-07-02,ATM_001,Rural,2,6036
2023-07-02,ATM_002,Urban,1,22623
2023-07-02,ATM_003,Rural,2,19260
2023-07-02,ATM_004,Rural,2,10497
2023-07-02,ATM_005,Urban,7,24804
2023-07-02,ATM_006,Urban,4,22996
2023-07-02,ATM_007,Rural,3,5078
2023-07-02,ATM_008,Suburban,3,22104
2023-07-02,ATM_009,Rural,6,15088
2023-07-02,ATM_010,Rural,6,5066
2023-07-03,ATM_001,Rural,4,4112
2023-07-03,ATM_002,Urban,5,16912
2023-07-03,ATM_003,Rural,3,8737
2023-07-03,ATM_004,Rural,5,2380
2023-07-03,ATM_005,Urban,5,22835
2023-07-03,ATM_006,Urban,3,9499
2023-07-03,ATM_007,Rural,7,13745
2023-07-03,ATM_008,Suburban,3,6166
2023-07-03,ATM_009,Rural,8,14369
2023-07-03,ATM_010,Rural,6,2560
2023-07-04,ATM_001,Rural,8,9124
2023-07-04,ATM_002,Urban,7,12393
2023-07-04,ATM_003,Rural,6,12168
2023-07-04,ATM_004,Rural,2,981
2023-07-04,ATM_005,Urban,1,8942
2023-07-04,ATM_006,Urban,3,18387
2023-07-04,ATM_007,Rural,4,8293
2023-07-04,ATM_008,Suburban,5,16178
2023-07-04,ATM_009,Rural,2,7919
2023-07-04,ATM_010,Rural,2,2762
2023-07-05,ATM_001,Rural,2,3663
2023-07-05,ATM_002,Urban,3,4300
2023-07-05,ATM_003,Rural,2,8135
2023-07-05,ATM_004,Rural,5,3828
2023-07-05,ATM_005,Urban,4,5252
2023-07-05,ATM_006,Urban,6,13661
2023-07-05,ATM_007,Rural,2,10205
2023-07-05,ATM_008,Suburban,8,10866
2023-07-05,ATM_009,Rural,9,7632
2023-07-05,ATM_010,Rural,6,14349
2023-07-06,ATM_001,Rural,6,2469
2023-07-06,ATM_002,Urban,6,23726
2023-07-06,ATM_003,Rural,2,18614
2023-07-06,ATM_004,Rural,3,17072
2023-07-06,ATM_005,Urban,8,21654
2023-07-06,ATM_006,Urban,7,21438
2023-07-06,ATM_007,Rural,2,3307
2023-07-06,ATM_008,Suburban,9,5858
2023-07-06,ATM_009,Rural,9,8784
2023-07-06,ATM_010,Rural,2,6228
2023-07-07,ATM_001,Rural,8,6879
2023-07-07,ATM_002,Urban,7,21619
2023-07-07,ATM_003,Rural,5,14331
2023-07-07,ATM_004,Rural,1,14003
2023-07-07,ATM_005,Urban,3,22557
2023-07-07,ATM_006,Urban,8,10431
2023-07-07,ATM_007,Rural,5,8119
2023-07-07,ATM_008,Suburban,2,10441
2023-07-07,ATM_009,Rural,1,16240
2023-07-07,ATM_010,Rural,8,1966
2023-07-08,ATM_001,Rural,5,20866
2023-07-08,ATM_002,Urban,1,15530
2023-07-08,ATM_003,Rural,2,4792
2023-07-08,ATM_004,Rural,3,19506
2023-07-08,ATM_005,Urban,2,12095
2023-07-08,ATM_006,Urban,5,24911
2023-07-08,ATM_007,Rural,5,14640
2023-07-08,ATM_008,Suburban,7,10045
2023-07-08,ATM_009,Rural,9,15163
2023-07-08,ATM_010,Rural,4,14458
2023-07-09,ATM_001,Rural,2,6276
2023-07-09,ATM_002,Urban,7,6936
2023-07-09,ATM_003,Rural,3,10045
2023-07-09,ATM_004,Rural,4,11863
2023-07-09,ATM_005,Urban,5,28040
2023-07-09,ATM_006,Urban,8,11592
2023-07-09,ATM_007,Rural,4,21688
2023-07-09,ATM_008,Suburban,9,11084
2023-07-09,ATM_009,Rural,1,18116
2023-07-09,ATM_010,Rural,6,12595
2023-07-10,ATM_001,Rural,8,12740
2023-07-10,ATM_002,Urban,2,19659
2023-07-10,ATM_003,Rural,6,19366
2023-07-10,ATM_004,Rural,1,3563
2023-07-10,ATM_005,Urban,3,15654
2023-07-10,ATM_006,Urban,6,19572
2023-07-10,ATM_007,Rural,3,20102
2023-07-10,ATM_008,Suburban,6,6604
2023-07-10,ATM_009,Rural,8,16611
2023-07-10,ATM_010,Rural,2,8162
2023-07-11,ATM_001,Rural,2,17764
2023-07-11,ATM_002,Urban,9,11177
2023-07-11,ATM_003,Rural,9,13003
2023-07-11,ATM_004,Rural,9,3268
2023-07-11,ATM_005,Urban,4,7663
2023-07-11,ATM_006,Urban,1,15442
2023-07-11,ATM_007,Rural,1,4140
2023-07-11,ATM_008,Suburban,8,21407
2023-07-11,ATM_009,Rural,6,9283
2023-07-11,ATM_010,Rural,1,8691
2023-07-12,ATM_001,Rural,7,6358
2023-07-12,ATM_002,Urban,9,4163
2023-07-12,ATM_003,Rural,7,1533
2023-07-12,ATM_004,Rural,8,12795
2023-07-12,ATM_005,Urban,8,22549
2023-07-12,ATM_006,Urban,2,6991
2023-07-12,ATM_007,Rural,1,5249
2023-07-12,ATM_008,Suburban,4,9916
2023-07-12,ATM_009,Rural,4,17282
2023-07-12,ATM_010,Rural,1,1419
2023-07-13,ATM_001,Rural,9,7610
2023-07-13,ATM_002,Urban,7,11706
2023-07-13,ATM_003,Rural,7,19438
2023-07-13,ATM_004,Rural,4,4765
2023-07-13,ATM_005,Urban,5,16132
2023-07-13,ATM_006,Urban,2,11702
2023-07-13,ATM_007,Rural,2,5330
2023-07-13,ATM_008,Suburban,3,4677
2023-07-13,ATM_009,Rural,7,1163
2023-07-13,ATM_010,Rural,4,7187
2023-07-14,ATM_001,Rural,7,14841
2023-07-14,ATM_002,Urban,7,15902
2023-07-14,ATM_003,Rural,6,18225
2023-07-14,ATM_004,Rural,3,9097
2023-07-14,ATM_005,Urban,5,19877
2023-07-14,ATM_006,Urban,9,19872
2023-07-14,ATM_007,Rural,8,3845
2023-07-14,ATM_008,Suburban,1,13698
2023-07-14,ATM_009,Rural,8,17357
2023-07-14,ATM_010,Rural,1,7697
2023-07-15,ATM_001,Rural,6,7395
2023-07-15,ATM_002,Urban,8,20795
2023-07-15,ATM_003,Rural,6,12074
2023-07-15,ATM_004,Rural,2,13314
2023-07-15,ATM_005,Urban,3,21171
2023-07-15,ATM_006,Urban,5,8793
2023-07-15,ATM_007,Rural,3,10189
2023-07-15,ATM_008,Suburban,4,16713
2023-07-15,ATM_009,Rural,1,16775
2023-07-15,ATM_010,Rural,2,20554
2023-07-16,ATM_001,Rural,7,14775
2023-07-16,ATM_002,Urban,9,15584
2023-07-16,ATM_003,Rural,4,9125
2023-07-16,ATM_004,Rural,7,17218
2023-07-16,ATM_005,Urban,4,16913
2023-07-16,ATM_006,Urban,5,13436
2023-07-16,ATM_007,Rural,8,9735
2023-07-16,ATM_008,Suburban,5,22040
2023-07-16,ATM_009,Rural,1,19594
2023-07-16,ATM_010,Rural,3,7450
2023-07-17,ATM_001,Rural,9,9540
2023-07-17,ATM_002,Urban,3,19972
2023-07-17,ATM_003,Rural,3,19427
2023-07-17,ATM_004,Rural,1,18642
2023-07-17,ATM_005,Urban,7,15968
2023-07-17,ATM_006,Urban,2,8485
2023-07-17,ATM_007,Rural,1,17556
2023-07-17,ATM_008,Suburban,8,4020
2023-07-17,ATM_009,Rural,2,2767
2023-07-17,ATM_010,Rural,2,17629
2023-07-18,ATM_001,Rural,9,16404
2023-07-18,ATM_002,Urban,8,15987
2023-07-18,ATM_003,Rural,2,14536
2023-07-18,ATM_004,Rural,4,19717
2023-07-18,ATM_005,Urban,2,10177
2023-07-18,ATM_006,Urban,7,11792
2023-07-18,ATM_007,Rural,6,5814
2023-07-18,ATM_008,Suburban,9,7236
2023-07-18,ATM_009,Rural,9,14970
2023-07-18,ATM_010,Rural,5,6109
2023-07-19,ATM_001,Rural,6,6416
2023-07-19,ATM_002,Urban,2,10800
2023-07-19,ATM_003,Rural,1,13835
2023-07-19,ATM_004,Rural,9,6141
2023-07-19,ATM_005,Urban,7,22671
2023-07-19,ATM_006,Urban,6,13505
2023-07-19,ATM_007,Rural,3,16842
2023-07-19,ATM_008,Suburban,6,10533
2023-07-19,ATM_009,Rural,2,8713
2023-07-19,ATM_010,Rural,3,19998
2023-07-20,ATM_001,Rural,1,14898
2023-07-20,ATM_002,Urban,2,17997
2023-07-20,ATM_003,Rural,7,11904
2023-07-20,ATM_004,Rural,4,7771
2023-07-20,ATM_005,Urban,9,19820
2023-07-20,ATM_006,Urban,8,18550
2023-07-20,ATM_007,Rural,8,4572
2023-07-20,ATM_008,Suburban,4,4218
2023-07-20,ATM_009,Rural,3,1496
2023-07-20,ATM_010,Rural,9,10249
2023-07-21,ATM_001,Rural,4,12519
2023-07-21,ATM_002,Urban,6,5175
2023-07-21,ATM_003,Rural,8,6823
2023-07-21,ATM_004,Rural,9,1702
2023-07-21,ATM_005,Urban,4,5561
2023-07-21,ATM_006,Urban,7,18012
2023-07-21,ATM_007,Rural,8,9361
2023-07-21,ATM_008,Suburban,9,18107
2023-07-21,ATM_009,Rural,8,11924
2023-07-21,ATM_010,Rural,9,5917
2023-07-22,ATM_001,Rural,3,5718
2023-07-22,ATM_002,Urban,7,11669
2023-07-22,ATM_003,Rural,4,6800
2023-07-22,ATM_004,Rural,7,15077
2023-07-22,ATM_005,Urban,4,12687
2023-07-22,ATM_006,Urban,9,19397
2023-07-22,ATM_007,Rural,1,11347
2023-07-22,ATM_008,Suburban,6,19418
2023-07-22,ATM_009,Rural,4,21975
2023-07-22,ATM_010,Rural,8,14755
2023-07-23,ATM_001,Rural,5,8795
2023-07-23,ATM_002,Urban,5,9291
2023-07-23,ATM_003,Rural,2,10454
2023-07-23,ATM_004,Rural,6,10752
2023-07-23,ATM_005,Urban,9,9528
2023-07-23,ATM_006,Urban,5,11119
2023-07-23,ATM_007,Rural,7,12202
2023-07-23,ATM_008,Suburban,6,18569
2023-07-23,ATM_009,Rural,2,5457
2023-07-23,ATM_010,Rural,3,7293
2023-07-24,ATM_001,Rural,6,19387
2023-07-24,ATM_002,Urban,7,8427
2023-07-24,ATM_003,Rural,8,15731
2023-07-24,ATM_004,Rural,4,6735
2023-07-24,ATM_005,Urban,1,11074
2023-07-24,ATM_006,Urban,4,20676
2023-07-24,ATM_007,Rural,2,4652
2023-07-24,ATM_008,Suburban,3,16572
2023-07-24,ATM_009,Rural,7,11821
2023-07-24,ATM_010,Rural,6,3724
2023-07-25,ATM_001,Rural,3,10249
2023-07-25,ATM_002,Urban,5,14995
2023-07-25,ATM_003,Rural,2,3581
2023-07-25,ATM_004,Rural,2,1940
2023-07-25,ATM_005,Urban,1,18096
2023-07-25,ATM_006,Urban,5,18747
2023-07-25,ATM_007,Rural,5,15753
2023-07-25,ATM_008,Suburban,8,6150
2023-07-25,ATM_009,Rural,1,16885
2023-07-25,ATM_010,Rural,3,4647
2023-07-26,ATM_001,Rural,8,5982
2023-07-26,ATM_002,Urban,2,13841
2023-07-26,ATM_003,Rural,6,17475
2023-07-26,ATM_004,Rural,6,12550
2023-07-26,ATM_005,Urban,8,16083
2023-07-26,ATM_006,Urban,7,7583
2023-07-26,ATM_007,Rural,5,16152
2023-07-26,ATM_008,Suburban,5,11219
2023-07-26,ATM_009,Rural,4,10410
2023-07-26,ATM_010,Rural,2,2868
2023-07-27,ATM_001,Rural,9,14664
2023-07-27,ATM_002,Urban,6,20547
2023-07-27,ATM_003,Rural,6,12650
2023-07-27,ATM_004,Rural,7,9581
2023-07-27,ATM_005,Urban,6,7775
2023-07-27,ATM_006,Urban,1,17379
2023-07-27,ATM_007,Rural,9,16436
2023-07-27,ATM_008,Suburban,3,13067
2023-07-27,ATM_009,Rural,8,19662
2023-07-27,ATM_010,Rural,5,1446
2023-07-28,ATM_001,Rural,4,7843
2023-07-28,ATM_002,Urban,2,21060
2023-07-28,ATM_003,Rural,5,11348
2023-07-28,ATM_004,Rural,4,10442
2023-07-28,ATM_005,Urban,3,9101
2023-07-28,ATM_006,Urban,2,5490
2023-07-28,ATM_007,Rural,6,4171
2023-07-28,ATM_008,Suburban,8,2809
2023-07-28,ATM_009,Rural,1,10294
2023-07-28,ATM_010,Rural,1,12932
2023-07-29,ATM_001,Rural,3,15134
2023-07-29,ATM_002,Urban,6,12080
2023-07-29,ATM_003,Rural,1,17074
2023-07-29,ATM_004,Rural,4,9175
2023-07-29,ATM_005,Urban,6,24140
2023-07-29,ATM_006,Urban,2,22031
2023-07-29,ATM_007,Rural,3,19188
2023-07-29,ATM_008,Suburban,2,24151
2023-07-29,ATM_009,Rural,7,11291
2023-07-29,ATM_010,Rural,3,19202
2023-07-30,ATM_001,Rural,2,6672
2023-07-30,ATM_002,Urban,4,22135
2023-07-30,ATM_003,Rural,1,13711
2023-07-30,ATM_004,Rural,6,8356
2023-07-30,ATM_005,Urban,3,25173
2023-07-30,ATM_006,Urban,8,7602
2023-07-30,ATM_007,Rural,5,20005
2023-07-30,ATM_008,Suburban,5,11392
2023-07-30,ATM_009,Rural,9,12077
2023-07-30,ATM_010,Rural,5,8131
2023-07-31,ATM_001,Rural,7,14806
2023-07-31,ATM_002,Urban,6,6452
2023-07-31,ATM_003,Rural,1,9889
2023-07-31,ATM_004,Rural,9,5508
2023-07-31,ATM_005,Urban,5,11679
2023-07-31,ATM_006,Urban,1,5752
2023-07-31,ATM_007,Rural,3,12563
2023-07-31,ATM_008,Suburban,9,13986
2023-07-31,ATM_009,Rural,2,14162
2023-07-31,ATM_010,Rural,7,17814
2023-08-01,ATM_001,Rural,5,6497
2023-08-01,ATM_002,Urban,1,12357
2023-08-01,ATM_003,Rural,9,13961
2023-08-01,ATM_004,Rural,2,4666
2023-08-01,ATM_005,Urban,6,15173
2023-08-01,ATM_006,Urban,4,22103
2023-08-01,ATM_007,Rural,1,13981
2023-08-01,ATM_008,Suburban,3,2562
2023-08-01,ATM_009,Rural,6,13980
2023-08-01,ATM_010,Rural,4,15486
2023-08-02,ATM_001,Rural,9,5691
2023-08-02,ATM_002,Urban,1,18890
2023-08-02,ATM_003,Rural,5,9858
2023-08-02,ATM_004,Rural,2,5926
2023-08-02,ATM_005,Urban,9,15146
2023-08-02,ATM_006,Urban,3,14316
2023-08-02,ATM_007,Rural,3,17538
2023-08-02,ATM_008,Suburban,2,18813
2023-08-02,ATM_009,Rural,7,2750
2023-08-02,ATM_010,Rural,7,6593
2023-08-03,ATM_001,Rural,2,17746
2023-08-03,ATM_002,Urban,2,4947
2023-08-03,ATM_003,Rural,5,12068
2023-08-03,ATM_004,Rural,8,8854
2023-08-03,ATM_005,Urban,6,15103
2023-08-03,ATM_006,Urban,9,4295
2023-08-03,ATM_007,Rural,5,7176
2023-08-03,ATM_008,Suburban,1,19578
2023-08-03,ATM_009,Rural,2,11938
2023-08-03,ATM_010,Rural,2,12132
2023-08-04,ATM_001,Rural,5,8286
2023-08-04,ATM_002,Urban,6,6209
2023-08-04,ATM_003,Rural,2,9355
2023-08-04,ATM_004,Rural,8,17628
2023-08-04,ATM_005,Urban,9,14027
2023-08-04,ATM_006,Urban,5,10336
2023-08-04,ATM_007,Rural,8,8204
2023-08-04,ATM_008,Suburban,8,13598
2023-08-04,ATM_009,Rural,3,8684
2023-08-04,ATM_010,Rural,7,11556
2023-08-05,ATM_001,Rural,1,10674
2023-08-05,ATM_002,Urban,8,14021
2023-08-05,ATM_003,Rural,5,18340
2023-08-05,ATM_004,Rural,6,10793
2023-08-05,ATM_005,Urban,7,12176
2023-08-05,ATM_006,Urban,7,7180
2023-08-05,ATM_007,Rural,1,22002
2023-08-05,ATM_008,Suburban,8,12620
2023-08-05,ATM_009,Rural,1,4965
2023-08-05,ATM_010,Rural,6,4651
2023-08-06,ATM_001,Rural,7,17295
2023-08-06,ATM_002,Urban,7,16352
2023-08-06,ATM_003,Rural,2,19384
2023-08-06,ATM_004,Rural,9,21908
2023-08-06,ATM_005,Urban,4,6896
2023-08-06,ATM_006,Urban,2,11619
2023-08-06,ATM_007,Rural,8,7269
2023-08-06,ATM_008,Suburban,1,14184
2023-08-06,ATM_009,Rural,7,9601
2023-08-06,ATM_010,Rural,5,3682
2023-08-07,ATM_001,Rural,9,14272
2023-08-07,ATM_002,Urban,1,11688
2023-08-07,ATM_003,Rural,2,16553
2023-08-07,ATM_004,Rural,9,6475
2023-08-07,ATM_005,Urban,8,22115
2023-08-07,ATM_006,Urban,7,7454
2023-08-07,ATM_007,Rural,6,1458
2023-08-07,ATM_008,Suburban,9,13571
2023-08-07,ATM_009,Rural,1,7180
2023-08-07,ATM_010,Rural,3,14674
2023-08-08,ATM_001,Rural,6,18955
2023-08-08,ATM_002,Urban,9,6164
2023-08-08,ATM_003,Rural,5,16995
2023-08-08,ATM_004,Rural,2,16683
2023-08-08,ATM_005,Urban,5,23751
2023-08-08,ATM_006,Urban,6,20955
2023-08-08,ATM_007,Rural,4,4126
2023-08-08,ATM_008,Suburban,8,20915
2023-08-08,ATM_009,Rural,3,3808
2023-08-08,ATM_010,Rural,2,17189
2023-08-09,ATM_001,Rural,7,19958
2023-08-09,ATM_002,Urban,5,13284
2023-08-09,ATM_003,Rural,1,9648
2023-08-09,ATM_004,Rural,1,6284
2023-08-09,ATM_005,Urban,7,7991
2023-08-09,ATM_006,Urban,9,22436
2023-08-09,ATM_007,Rural,7,3287
2023-08-09,ATM_008,Suburban,5,7309
2023-08-09,ATM_009,Rural,5,4179
2023-08-09,ATM_010,Rural,2,5292
2023-08-10,ATM_001,Rural,9,10637
2023-08-10,ATM_002,Urban,9,12874
2023-08-10,ATM_003,Rural,3,11988
2023-08-10,ATM_004,Rural,3,5380
2023-08-10,ATM_005,Urban,3,16415
2023-08-10,ATM_006,Urban,5,14990
2023-08-10,ATM_007,Rural,7,3306
2023-08-10,ATM_008,Suburban,6,12302
2023-08-10,ATM_009,Rural,5,20209
2023-08-10,ATM_010,Rural,5,11621
2023-08-11,ATM_001,Rural,6,4146
2023-08-11,ATM_002,Urban,2,20482
2023-08-11,ATM_003,Rural,2,1218
2023-08-11,ATM_004,Rural,7,7858
2023-08-11,ATM_005,Urban,8,14927
2023-08-11,ATM_006,Urban,2,15201
2023-08-11,ATM_007,Rural,2,12017
2023-08-11,ATM_008,Suburban,5,4683
2023-08-11,ATM_009,Rural,9,13208
2023-08-11,ATM_010,Rural,2,14069
2023-08-12,ATM_001,Rural,5,16190
2023-08-12,ATM_002,Urban,5,17462
2023-08-12,ATM_003,Rural,1,19624
2023-08-12,ATM_004,Rural,4,20218
2023-08-12,ATM_005,Urban,7,15924
2023-08-12,ATM_006,Urban,8,23644
2023-08-12,ATM_007,Rural,6,9173
2023-08-12,ATM_008,Suburban,3,21509
2023-08-12,ATM_009,Rural,9,13492
2023-08-12,ATM_010,Rural,8,10417
2023-08-13,ATM_001,Rural,1,8729
2023-08-13,ATM_002,Urban,8,19442
2023-08-13,ATM_003,Rural,1,13062
2023-08-13,ATM_004,Rural,9,16512
2023-08-13,ATM_005,Urban,2,23414
2023-08-13,ATM_006,Urban,3,7369
2023-08-13,ATM_007,Rural,7,8679
2023-08-13,ATM_008,Suburban,2,10521
2023-08-13,ATM_009,Rural,9,12463
2023-08-13,ATM_010,Rural,8,8380
2023-08-14,ATM_001,Rural,8,10723
2023-08-14,ATM_002,Urban,8,17439
2023-08-14,ATM_003,Rural,6,12574
2023-08-14,ATM_004,Rural,4,12646
2023-08-14,ATM_005,Urban,9,13002
2023-08-14,ATM_006,Urban,8,24032
2023-08-14,ATM_007,Rural,6,9788
2023-08-14,ATM_008,Suburban,3,7432
2023-08-14,ATM_009,Rural,1,15004
2023-08-14,ATM_010,Rural,4,13257
2023-08-15,ATM_001,Rural,5,13788
2023-08-15,ATM_002,Urban,2,6175
2023-08-15,ATM_003,Rural,7,15818
2023-08-15,ATM_004,Rural,3,1159
2023-08-15,ATM_005,Urban,8,7703
2023-08-15,ATM_006,Urban,2,13518
2023-08-15,ATM_007,Rural,6,19931
2023-08-15,ATM_008,Suburban,3,4623
2023-08-15,ATM_009,Rural,8,9703
2023-08-15,ATM_010,Rural,9,9060
2023-08-16,ATM_001,Rural,3,11948
2023-08-16,ATM_002,Urban,4,8412
2023-08-16,ATM_003,Rural,5,18198
2023-08-16,ATM_004,Rural,8,10962
2023-08-16,ATM_005,Urban,2,16501
2023-08-16,ATM_006,Urban,1,14245
2023-08-16,ATM_007,Rural,6,7987
2023-08-16,ATM_008,Suburban,4,4726
2023-08-16,ATM_009,Rural,2,3819
2023-08-16,ATM_010,Rural,7,1667
2023-08-17,ATM_001,Rural,7,4320
2023-08-17,ATM_002,Urban,1,22985
2023-08-17,ATM_003,Rural,3,10456
2023-08-17,ATM_004,Rural,2,6224
2023-08-17,ATM_005,Urban,8,14710
2023-08-17,ATM_006,Urban,6,5857
2023-08-17,ATM_007,Rural,2,3915
2023-08-17,ATM_008,Suburban,8,3210
2023-08-17,ATM_009,Rural,7,11829
2023-08-17,ATM_010,Rural,6,11369
2023-08-18,ATM_001,Rural,2,13577
2023-08-18,ATM_002,Urban,8,13117
2023-08-18,ATM_003,Rural,5,9426
2023-08-18,ATM_004,Rural,5,8241
2023-08-18,ATM_005,Urban,8,5173
2023-08-18,ATM_006,Urban,5,9027
2023-08-18,ATM_007,Rural,7,3574
2023-08-18,ATM_008,Suburban,5,16667
2023-08-18,ATM_009,Rural,4,16074
2023-08-18,ATM_010,Rural,9,7086
2023-08-19,ATM_001,Rural,5,21346
2023-08-19,ATM_002,Urban,4,20327
2023-08-19,ATM_003,Rural,8,12952
2023-08-19,ATM_004,Rural,7,6074
2023-08-19,ATM_005,Urban,9,9525
2023-08-19,ATM_006,Urban,9,14918
2023-08-19,ATM_007,Rural,9,17927
2023-08-19,ATM_008,Suburban,8,21824
2023-08-19,ATM_009,Rural,5,3183
2023-08-19,ATM_010,Rural,3,5827
2023-08-20,ATM_001,Rural,9,9303
2023-08-20,ATM_002,Urban,6,20983
2023-08-20,ATM_003,Rural,2,9090
2023-08-20,ATM_004,Rural,2,14726
2023-08-20,ATM_005,Urban,6,21880
2023-08-20,ATM_006,Urban,8,20794
2023-08-20,ATM_007,Rural,4,21090
2023-08-20,ATM_008,Suburban,8,21726
2023-08-20,ATM_009,Rural,2,10571
2023-08-20,ATM_010,Rural,4,21899
2023-08-21,ATM_001,Rural,3,18941
2023-08-21,ATM_002,Urban,2,14533
2023-08-21,ATM_003,Rural,8,18486
2023-08-21,ATM_004,Rural,3,9732
2023-08-21,ATM_005,Urban,8,8518
2023-08-21,ATM_006,Urban,2,4896
2023-08-21,ATM_007,Rural,1,8493
2023-08-21,ATM_008,Suburban,4,7319
2023-08-21,ATM_009,Rural,1,11480
2023-08-21,ATM_010,Rural,5,11295
2023-08-22,ATM_001,Rural,5,19457
2023-08-22,ATM_002,Urban,1,13751
2023-08-22,ATM_003,Rural,8,10815
2023-08-22,ATM_004,Rural,1,13253
2023-08-22,ATM_005,Urban,9,14072
2023-08-22,ATM_006,Urban,4,17920
2023-08-22,ATM_007,Rural,7,4174
2023-08-22,ATM_008,Suburban,8,20474
2023-08-22,ATM_009,Rural,8,5612
2023-08-22,ATM_010,Rural,4,12386
2023-08-23,ATM_001,Rural,7,6903
2023-08-23,ATM_002,Urban,8,16388
2023-08-23,ATM_003,Rural,7,4233
2023-08-23,ATM_004,Rural,7,9093
2023-08-23,ATM_005,Urban,8,8272
2023-08-23,ATM_006,Urban,7,16477
2023-08-23,ATM_007,Rural,8,16495
2023-08-23,ATM_008,Suburban,2,14713
2023-08-23,ATM_009,Rural,8,18784
2023-08-23,ATM_010,Rural,4,17890
2023-08-24,ATM_001,Rural,5,14632
2023-08-24,ATM_002,Urban,9,22633
2023-08-24,ATM_003,Rural,5,18324
2023-08-24,ATM_004,Rural,6,6871
2023-08-24,ATM_005,Urban,9,13069
2023-08-24,ATM_006,Urban,7,20422
2023-08-24,ATM_007,Rural,3,9592
2023-08-24,ATM_008,Suburban,5,15659
2023-08-24,ATM_009,Rural,8,4287
2023-08-24,ATM_010,Rural,1,18561
2023-08-25,ATM_001,Rural,8,15153
2023-08-25,ATM_002,Urban,1,5796
2023-08-25,ATM_003,Rural,2,11627
2023-08-25,ATM_004,Rural,1,7190
2023-08-25,ATM_005,Urban,8,23041
2023-08-25,ATM_006,Urban,4,21564
2023-08-25,ATM_007,Rural,7,13501
2023-08-25,ATM_008,Suburban,9,14298
2023-08-25,ATM_009,Rural,6,10067
2023-08-25,ATM_010,Rural,6,12151
2023-08-26,ATM_001,Rural,5,10112
2023-08-26,ATM_002,Urban,4,16352
2023-08-26,ATM_003,Rural,9,12806
2023-08-26,ATM_004,Rural,6,12662
2023-08-26,ATM_005,Urban,9,20691
2023-08-26,ATM_006,Urban,6,10565
2023-08-26,ATM_007,Rural,4,14876
2023-08-26,ATM_008,Suburban,2,6925
2023-08-26,ATM_009,Rural,1,11865
2023-08-26,ATM_010,Rural,2,15273
2023-08-27,ATM_001,Rural,1,13836
2023-08-27,ATM_002,Urban,6,15548
2023-08-27,ATM_003,Rural,6,21234
2023-08-27,ATM_004,Rural,1,9974
2023-08-27,ATM_005,Urban,2,17818
2023-08-27,ATM_006,Urban,1,17321
2023-08-27,ATM_007,Rural,6,10579
2023-08-27,ATM_008,Suburban,2,22312
2023-08-27,ATM_009,Rural,5,20060
2023-08-27,ATM_010,Rural,2,8279
2023-08-28,ATM_001,Rural,3,11418
2023-08-28,ATM_002,Urban,8,14086
2023-08-28,ATM_003,Rural,4,17012
2023-08-28,ATM_004,Rural,7,14413
2023-08-28,ATM_005,Urban,7,13795
2023-08-28,ATM_006,Urban,1,22759
2023-08-28,ATM_007,Rural,5,13227
2023-08-28,ATM_008,Suburban,9,12188
2023-08-28,ATM_009,Rural,1,3419
2023-08-28,ATM_010,Rural,1,15255
2023-08-29,ATM_001,Rural,8,18739
2023-08-29,ATM_002,Urban,4,6380
2023-08-29,ATM_003,Rural,9,18866
2023-08-29,ATM_004,Rural,3,11926
2023-08-29,ATM_005,Urban,8,11831
2023-08-29,ATM_006,Urban,7,21695
2023-08-29,ATM_007,Rural,2,13276
2023-08-29,ATM_008,Suburban,2,13676
2023-08-29,ATM_009,Rural,2,10781
2023-08-29,ATM_010,Rural,5,11177
2023-08-30,ATM_001,Rural,3,12760
2023-08-30,ATM_002,Urban,9,10799
2023-08-30,ATM_003,Rural,7,13301
2023-08-30,ATM_004,Rural,3,13394
2023-08-30,ATM_005,Urban,2,22489
2023-08-30,ATM_006,Urban,6,11474
2023-08-30,ATM_007,Rural,7,4560
2023-08-30,ATM_008,Suburban,1,16850
2023-08-30,ATM_009,Rural,1,19470
2023-08-30,ATM_010,Rural,4,15012
2023-08-31,ATM_001,Rural,3,8679
2023-08-31,ATM_002,Urban,1,24960
2023-08-31,ATM_003,Rural,4,15127
2023-08-31,ATM_004,Rural,1,8385
2023-08-31,ATM_005,Urban,2,4781
2023-08-31,ATM_006,Urban,4,10899
2023-08-31,ATM_007,Rural,4,2204
2023-08-31,ATM_008,Suburban,7,20225
2023-08-31,ATM_009,Rural,7,2115
2023-08-31,ATM_010,Rural,4,15160
2023-09-01,ATM_001,Rural,8,15832
2023-09-01,ATM_002,Urban,8,5006
2023-09-01,ATM_003,Rural,1,12510
2023-09-01,ATM_004,Rural,6,7811
2023-09-01,ATM_005,Urban,1,18689
2023-09-01,ATM_006,Urban,9,15533
2023-09-01,ATM_007,Rural,8,10944
2023-09-01,ATM_008,Suburban,1,7290
2023-09-01,ATM_009,Rural,1,7116
2023-09-01,ATM_010,Rural,9,11256
2023-09-02,ATM_001,Rural,9,4024
2023-09-02,ATM_002,Urban,6,10519
2023-09-02,ATM_003,Rural,7,17377
2023-09-02,ATM_004,Rural,9,20293
2023-09-02,ATM_005,Urban,6,13697
2023-09-02,ATM_006,Urban,3,13385
2023-09-02,ATM_007,Rural,6,19180
2023-09-02,ATM_008,Suburban,4,20164
2023-09-02,ATM_009,Rural,2,7356
2023-09-02,ATM_010,Rural,4,20562
2023-09-03,ATM_001,Rural,2,5709
2023-09-03,ATM_002,Urban,9,16347
2023-09-03,ATM_003,Rural,6,10038
2023-09-03,ATM_004,Rural,6,20758
2023-09-03,ATM_005,Urban,4,19245
2023-09-03,ATM_006,Urban,2,11843
2023-09-03,ATM_007,Rural,8,16392
2023-09-03,ATM_008,Suburban,7,16224
2023-09-03,ATM_009,Rural,5,19207
2023-09-03,ATM_010,Rural,8,18631
2023-09-04,ATM_001,Rural,5,3911
2023-09-04,ATM_002,Urban,4,9349
2023-09-04,ATM_003,Rural,2,18076
2023-09-04,ATM_004,Rural,1,2190
2023-09-04,ATM_005,Urban,5,16139
2023-09-04,ATM_006,Urban,7,15456
2023-09-04,ATM_007,Rural,8,14479
2023-09-04,ATM_008,Suburban,2,14580
2023-09-04,ATM_009,Rural,1,18054
2023-09-04,ATM_010,Rural,3,12846
2023-09-05,ATM_001,Rural,5,19258
2023-09-05,ATM_002,Urban,3,9327
2023-09-05,ATM_003,Rural,3,4667
2023-09-05,ATM_004,Rural,2,807
2023-09-05,ATM_005,Urban,7,18728
2023-09-05,ATM_006,Urban,9,3863
2023-09-05,ATM_007,Rural,1,17194
2023-09-05,ATM_008,Suburban,8,8517
2023-09-05,ATM_009,Rural,9,17891
2023-09-05,ATM_010,Rural,2,753
2023-09-06,ATM_001,Rural,7,18055
2023-09-06,ATM_002,Urban,7,14154
2023-09-06,ATM_003,Rural,1,19847
2023-09-06,ATM_004,Rural,7,1418
2023-09-06,ATM_005,Urban,6,18551
2023-09-06,ATM_006,Urban,1,14649
2023-09-06,ATM_007,Rural,4,13823
2023-09-06,ATM_008,Suburban,9,9810
2023-09-06,ATM_009,Rural,8,11860
2023-09-06,ATM_010,Rural,4,18587
2023-09-07,ATM_001,Rural,2,13336
2023-09-07,ATM_002,Urban,1,21806
2023-09-07,ATM_003,Rural,3,2190
2023-09-07,ATM_004,Rural,1,15446
2023-09-07,ATM_005,Urban,3,18889
2023-09-07,ATM_006,Urban,6,21800
2023-09-07,ATM_007,Rural,7,3419
2023-09-07,ATM_008,Suburban,9,8175
2023-09-07,ATM_009,Rural,7,13281
2023-09-07,ATM_010,Rural,1,3770
2023-09-08,ATM_001,Rural,2,5981
2023-09-08,ATM_002,Urban,4,8242
2023-09-08,ATM_003,Rural,4,15177
2023-09-08,ATM_004,Rural,4,8823
2023-09-08,ATM_005,Urban,6,16424
2023-09-08,ATM_006,Urban,2,8685
2023-09-08,ATM_007,Rural,7,6246
2023-09-08,ATM_008,Suburban,5,21459
2023-09-08,ATM_009,Rural,4,11826
2023-09-08,ATM_010,Rural,2,16306
2023-09-09,ATM_001,Rural,1,9075
2023-09-09,ATM_002,Urban,6,9272
2023-09-09,ATM_003,Rural,1,12987
2023-09-09,ATM_004,Rural,1,16317
2023-09-09,ATM_005,Urban,1,8874
2023-09-09,ATM_006,Urban,1,9378
2023-09-09,ATM_007,Rural,8,18331
2023-09-09,ATM_008,Suburban,5,15631
2023-09-09,ATM_009,Rural,4,11259
2023-09-09,ATM_010,Rural,5,15444
2023-09-10,ATM_001,Rural,9,20212
2023-09-10,ATM_002,Urban,2,18657
2023-09-10,ATM_003,Rural,6,12204
2023-09-10,ATM_004,Rural,1,12523
2023-09-10,ATM_005,Urban,5,14791
2023-09-10,ATM_006,Urban,5,22062
2023-09-10,ATM_007,Rural,9,13268
2023-09-10,ATM_008,Suburban,9,8868
2023-09-10,ATM_009,Rural,4,15769
2023-09-10,ATM_010,Rural,4,11929
2023-09-11,ATM_001,Rural,7,15313
2023-09-11,ATM_002,Urban,3,9570
2023-09-11,ATM_003,Rural,9,3191
2023-09-11,ATM_004,Rural,7,11941
2023-09-11,ATM_005,Urban,3,9320
2023-09-11,ATM_006,Urban,9,21680
2023-09-11,ATM_007,Rural,9,9206
2023-09-11,ATM_008,Suburban,9,12389
2023-09-11,ATM_009,Rural,2,20040
2023-09-11,ATM_010,Rural,2,5718
2023-09-12,ATM_001,Rural,6,14136
2023-09-12,ATM_002,Urban,5,20095
2023-09-12,ATM_003,Rural,7,2853
2023-09-12,ATM_004,Rural,6,2521
2023-09-12,ATM_005,Urban,3,10414
2023-09-12,ATM_006,Urban,2,14316
2023-09-12,ATM_007,Rural,1,18594
2023-09-12,ATM_008,Suburban,8,19048
2023-09-12,ATM_009,Rural,2,8534
2023-09-12,ATM_010,Rural,3,12974
2023-09-13,ATM_001,Rural,8,3990
2023-09-13,ATM_002,Urban,1,4614
2023-09-13,ATM_003,Rural,3,16401
2023-09-13,ATM_004,Rural,5,20153
2023-09-13,ATM_005,Urban,4,20984
2023-09-13,ATM_006,Urban,4,22984
2023-09-13,ATM_007,Rural,8,7294
2023-09-13,ATM_008,Suburban,5,19916
2023-09-13,ATM_009,Rural,4,9978
2023-09-13,ATM_010,Rural,9,4159
2023-09-14,ATM_001,Rural,6,17775
2023-09-14,ATM_002,Urban,3,13870
2023-09-14,ATM_003,Rural,5,12281
2023-09-14,ATM_004,Rural,6,3902
2023-09-14,ATM_005,Urban,4,12709
2023-09-14,ATM_006,Urban,1,12753
2023-09-14,ATM_007,Rural,2,11048
2023-09-14,ATM_008,Suburban,8,13749
2023-09-14,ATM_009,Rural,4,6258
2023-09-14,ATM_010,Rural,5,8189
2023-09-15,ATM_001,Rural,1,19170
2023-09-15,ATM_002,Urban,2,6587
2023-09-15,ATM_003,Rural,7,6477
2023-09-15,ATM_004,Rural,1,11038
2023-09-15,ATM_005,Urban,7,22011
2023-09-15,ATM_006,Urban,6,7885
2023-09-15,ATM_007,Rural,9,18776
2023-09-15,ATM_008,Suburban,9,20589
2023-09-15,ATM_009,Rural,9,12800
2023-09-15,ATM_010,Rural,6,14727
2023-09-16,ATM_001,Rural,9,9558
2023-09-16,ATM_002,Urban,7,23226
2023-09-16,ATM_003,Rural,8,19956
2023-09-16,ATM_004,Rural,4,4239
2023-09-16,ATM_005,Urban,3,20299
2023-09-16,ATM_006,Urban,9,19651
2023-09-16,ATM_007,Rural,7,8279
2023-09-16,ATM_008,Suburban,1,11908
2023-09-16,ATM_009,Rural,3,6109
2023-09-16,ATM_010,Rural,4,23844
2023-09-17,ATM_001,Rural,9,11807
2023-09-17,ATM_002,Urban,7,22658
2023-09-17,ATM_003,Rural,9,7225
2023-09-17,ATM_004,Rural,3,3357
2023-09-17,ATM_005,Urban,9,13995
2023-09-17,ATM_006,Urban,4,7193
2023-09-17,ATM_007,Rural,9,6714
2023-09-17,ATM_008,Suburban,5,22631
2023-09-17,ATM_009,Rural,5,18237
2023-09-17,ATM_010,Rural,9,8765
2023-09-18,ATM_001,Rural,9,7650
2023-09-18,ATM_002,Urban,1,13048
2023-09-18,ATM_003,Rural,9,10180
2023-09-18,ATM_004,Rural,5,11391
2023-09-18,ATM_005,Urban,2,11095
2023-09-18,ATM_006,Urban,9,4178
2023-09-18,ATM_007,Rural,8,18513
2023-09-18,ATM_008,Suburban,3,9870
2023-09-18,ATM_009,Rural,3,18263
2023-09-18,ATM_010,Rural,7,17707
2023-09-19,ATM_001,Rural,5,16324
2023-09-19,ATM_002,Urban,1,4550
2023-09-19,ATM_003,Rural,7,11933
2023-09-19,ATM_004,Rural,2,3078
2023-09-19,ATM_005,Urban,8,5992
2023-09-19,ATM_006,Urban,9,5469
2023-09-19,ATM_007,Rural,9,16201
2023-09-19,ATM_008,Suburban,5,9287
2023-09-19,ATM_009,Rural,2,3277
2023-09-19,ATM_010,Rural,7,8391
2023-09-20,ATM_001,Rural,8,6953
2023-09-20,ATM_002,Urban,7,8848
2023-09-20,ATM_003,Rural,7,12092
2023-09-20,ATM_004,Rural,7,3733
2023-09-20,ATM_005,Urban,3,21243
2023-09-20,ATM_006,Urban,5,9461
2023-09-20,ATM_007,Rural,4,12150
2023-09-20,ATM_008,Suburban,7,20792
2023-09-20,ATM_009,Rural,8,1054
2023-09-20,ATM_010,Rural,8,7412
2023-09-21,ATM_001,Rural,1,14687
2023-09-21,ATM_002,Urban,2,17184
2023-09-21,ATM_003,Rural,7,3887
2023-09-21,ATM_004,Rural,8,3902
2023-09-21,ATM_005,Urban,7,9868
2023-09-21,ATM_006,Urban,9,20306
2023-09-21,ATM_007,Rural,9,15448
2023-09-21,ATM_008,Suburban,3,9763
2023-09-21,ATM_009,Rural,2,13317
2023-09-21,ATM_010,Rural,8,18852
2023-09-22,ATM_001,Rural,5,16728
2023-09-22,ATM_002,Urban,3,6134
2023-09-22,ATM_003,Rural,5,6255
2023-09-22,ATM_004,Rural,3,1098
2023-09-22,ATM_005,Urban,4,8148
2023-09-22,ATM_006,Urban,2,17053
2023-09-22,ATM_007,Rural,7,1739
2023-09-22,ATM_008,Suburban,5,7605
2023-09-22,ATM_009,Rural,8,4979
2023-09-22,ATM_010,Rural,3,5884
2023-09-23,ATM_001,Rural,3,3523
2023-09-23,ATM_002,Urban,8,21092
2023-09-23,ATM_003,Rural,1,17606
2023-09-23,ATM_004,Rural,4,13013
2023-09-23,ATM_005,Urban,2,25731
2023-09-23,ATM_006,Urban,8,21810
2023-09-23,ATM_007,Rural,6,6879
2023-09-23,ATM_008,Suburban,7,18024
2023-09-23,ATM_009,Rural,6,17301
2023-09-23,ATM_010,Rural,7,16434
2023-09-24,ATM_001,Rural,7,8563
2023-09-24,ATM_002,Urban,7,24904
2023-09-24,ATM_003,Rural,8,14762
2023-09-24,ATM_004,Rural,4,15022
2023-09-24,ATM_005,Urban,9,9313
2023-09-24,ATM_006,Urban,6,17706
2023-09-24,ATM_007,Rural,4,10843
2023-09-24,ATM_008,Suburban,1,18332
2023-09-24,ATM_009,Rural,9,15804
2023-09-24,ATM_010,Rural,7,7438
2023-09-25,ATM_001,Rural,2,14938
2023-09-25,ATM_002,Urban,7,6631
2023-09-25,ATM_003,Rural,8,8648
2023-09-25,ATM_004,Rural,6,18738
2023-09-25,ATM_005,Urban,1,13729
2023-09-25,ATM_006,Urban,1,9051
2023-09-25,ATM_007,Rural,6,15887
2023-09-25,ATM_008,Suburban,4,11811
2023-09-25,ATM_009,Rural,5,15001
2023-09-25,ATM_010,Rural,6,8070
2023-09-26,ATM_001,Rural,6,5422
2023-09-26,ATM_002,Urban,2,17259
2023-09-26,ATM_003,Rural,5,7604
2023-09-26,ATM_004,Rural,2,5840
2023-09-26,ATM_005,Urban,2,19298
2023-09-26,ATM_006,Urban,1,21573
2023-09-26,ATM_007,Rural,6,15874
2023-09-26,ATM_008,Suburban,1,12633
2023-09-26,ATM_009,Rural,9,2489
2023-09-26,ATM_010,Rural,1,5994
2023-09-27,ATM_001,Rural,5,5227
2023-09-27,ATM_002,Urban,9,23583
2023-09-27,ATM_003,Rural,3,1427
2023-09-27,ATM_004,Rural,2,19638
2023-09-27,ATM_005,Urban,4,6819
2023-09-27,ATM_006,Urban,4,16975
2023-09-27,ATM_007,Rural,9,7840
2023-09-27,ATM_008,Suburban,1,20353
2023-09-27,ATM_009,Rural,6,17277
2023-09-27,ATM_010,Rural,6,10119
2023-09-28,ATM_001,Rural,8,13589
2023-09-28,ATM_002,Urban,1,15288
2023-09-28,ATM_003,Rural,3,13863
2023-09-28,ATM_004,Rural,9,11491
2023-09-28,ATM_005,Urban,5,8864
2023-09-28,ATM_006,Urban,4,18018
2023-09-28,ATM_007,Rural,9,8221
2023-09-28,ATM_008,Suburban,4,11187
2023-09-28,ATM_009,Rural,1,2975
2023-09-28,ATM_010,Rural,3,13610
2023-09-29,ATM_001,Rural,6,11073
2023-09-29,ATM_002,Urban,3,17361
2023-09-29,ATM_003,Rural,1,15154
2023-09-29,ATM_004,Rural,5,13766
2023-09-29,ATM_005,Urban,6,6943
2023-09-29,ATM_006,Urban,1,23919
2023-09-29,ATM_007,Rural,5,4866
2023-09-29,ATM_008,Suburban,5,10424
2023-09-29,ATM_009,Rural,2,14162
2023-09-29,ATM_010,Rural,9,997
2023-09-30,ATM_001,Rural,3,14569
2023-09-30,ATM_002,Urban,3,18648
2023-09-30,ATM_003,Rural,2,9677
2023-09-30,ATM_004,Rural,2,7535
2023-09-30,ATM_005,Urban,1,8919
2023-09-30,ATM_006,Urban,5,7981
2023-09-30,ATM_007,Rural,1,5415
2023-09-30,ATM_008,Suburban,9,12732
2023-09-30,ATM_009,Rural,7,18875
2023-09-30,ATM_010,Rural,5,4739
2023-10-01,ATM_001,Rural,4,13027
2023-10-01,ATM_002,Urban,9,10612
2023-10-01,ATM_003,Rural,4,13419
2023-10-01,ATM_004,Rural,1,15625
2023-10-01,ATM_005,Urban,4,8024
2023-10-01,ATM_006,Urban,8,20414
2023-10-01,ATM_007,Rural,5,6449
2023-10-01,ATM_008,Suburban,1,7163
2023-10-01,ATM_009,Rural,8,6805
2023-10-01,ATM_010,Rural,5,21396
2023-10-02,ATM_001,Rural,1,19595
2023-10-02,ATM_002,Urban,9,17204
2023-10-02,ATM_003,Rural,4,14099
2023-10-02,ATM_004,Rural,1,7131
2023-10-02,ATM_005,Urban,5,13771
2023-10-02,ATM_006,Urban,5,13061
2023-10-02,ATM_007,Rural,5,8066
2023-10-02,ATM_008,Suburban,3,13206
2023-10-02,ATM_009,Rural,9,5461
2023-10-02,ATM_010,Rural,3,20230
2023-10-03,ATM_001,Rural,3,12325
2023-10-03,ATM_002,Urban,1,9686
2023-10-03,ATM_003,Rural,1,17702
2023-10-03,ATM_004,Rural,7,16751
2023-10-03,ATM_005,Urban,1,15471
2023-10-03,ATM_006,Urban,9,16617
2023-10-03,ATM_007,Rural,1,16528
2023-10-03,ATM_008,Suburban,9,18053
2023-10-03,ATM_009,Rural,3,2590
2023-10-03,ATM_010,Rural,4,5151
2023-10-04,ATM_001,Rural,3,4933
2023-10-04,ATM_002,Urban,1,5733
2023-10-04,ATM_003,Rural,8,7471
2023-10-04,ATM_004,Rural,7,17522
2023-10-04,ATM_005,Urban,7,21998
2023-10-04,ATM_006,Urban,5,10871
2023-10-04,ATM_007,Rural,5,17754
2023-10-04,ATM_008,Suburban,5,6579
2023-10-04,ATM_009,Rural,6,6960
2023-10-04,ATM_010,Rural,1,10830
2023-10-05,ATM_001,Rural,8,1972
2023-10-05,ATM_002,Urban,7,21011
2023-10-05,ATM_003,Rural,7,4201
2023-10-05,ATM_004,Rural,1,18181
2023-10-05,ATM_005,Urban,3,22135
2023-10-05,ATM_006,Urban,8,19303
2023-10-05,ATM_007,Rural,3,12477
2023-10-05,ATM_008,Suburban,9,14404
2023-10-05,ATM_009,Rural,7,15361
2023-10-05,ATM_010,Rural,5,4833
2023-10-06,ATM_001,Rural,6,6878
2023-10-06,ATM_002,Urban,5,21281
2023-10-06,ATM_003,Rural,4,5145
2023-10-06,ATM_004,Rural,9,12256
2023-10-06,ATM_005,Urban,3,10365
2023-10-06,ATM_006,Urban,6,23926
2023-10-06,ATM_007,Rural,9,3967
2023-10-06,ATM_008,Suburban,7,5390
2023-10-06,ATM_009,Rural,8,11895
2023-10-06,ATM_010,Rural,5,16075
2023-10-07,ATM_001,Rural,4,3534
2023-10-07,ATM_002,Urban,3,25166
2023-10-07,ATM_003,Rural,8,3201
2023-10-07,ATM_004,Rural,6,11264
2023-10-07,ATM_005,Urban,4,19199
2023-10-07,ATM_006,Urban,4,16123
2023-10-07,ATM_007,Rural,5,21309
2023-10-07,ATM_008,Suburban,1,11697
2023-10-07,ATM_009,Rural,2,13917
2023-10-07,ATM_010,Rural,1,16626
2023-10-08,ATM_001,Rural,7,9172
2023-10-08,ATM_002,Urban,1,16235
2023-10-08,ATM_003,Rural,8,18079
2023-10-08,ATM_004,Rural,5,3951
2023-10-08,ATM_005,Urban,1,15662
2023-10-08,ATM_006,Urban,6,19669
2023-10-08,ATM_007,Rural,9,18688
2023-10-08,ATM_008,Suburban,1,10189
2023-10-08,ATM_009,Rural,8,15730
2023-10-08,ATM_010,Rural,9,9606
2023-10-09,ATM_001,Rural,9,10716
2023-10-09,ATM_002,Urban,4,10485
2023-10-09,ATM_003,Rural,2,17979
2023-10-09,ATM_004,Rural,5,4195
2023-10-09,ATM_005,Urban,7,7081
2023-10-09,ATM_006,Urban,6,6658
2023-10-09,ATM_007,Rural,9,20248
2023-10-09,ATM_008,Suburban,6,4085
2023-10-09,ATM_009,Rural,7,14275
2023-10-09,ATM_010,Rural,4,7404
2023-10-10,ATM_001,Rural,8,15572
2023-10-10,ATM_002,Urban,6,16867
2023-10-10,ATM_003,Rural,1,3015
2023-10-10,ATM_004,Rural,4,8911
2023-10-10,ATM_005,Urban,9,20322
2023-10-10,ATM_006,Urban,8,3229
2023-10-10,ATM_007,Rural,9,6792
2023-10-10,ATM_008,Suburban,5,14027
2023-10-10,ATM_009,Rural,8,16039
2023-10-10,ATM_010,Rural,8,13423
2023-10-11,ATM_001,Rural,1,6192
2023-10-11,ATM_002,Urban,8,5534
2023-10-11,ATM_003,Rural,8,19108
2023-10-11,ATM_004,Rural,1,1707
2023-10-11,ATM_005,Urban,9,17552
2023-10-11,ATM_006,Urban,4,19254
2023-10-11,ATM_007,Rural,4,16208
2023-10-11,ATM_008,Suburban,1,6235
2023-10-11,ATM_009,Rural,7,9692
2023-10-11,ATM_010,Rural,4,17768
2023-10-12,ATM_001,Rural,6,12588
2023-10-12,ATM_002,Urban,9,9718
2023-10-12,ATM_003,Rural,7,9844
2023-10-12,ATM_004,Rural,6,10844
2023-10-12,ATM_005,Urban,5,11994
2023-10-12,ATM_006,Urban,2,15161
2023-10-12,ATM_007,Rural,3,18336
2023-10-12,ATM_008,Suburban,6,17314
2023-10-12,ATM_009,Rural,2,5439
2023-10-12,ATM_010,Rural,7,15936
2023-10-13,ATM_001,Rural,3,3450
2023-10-13,ATM_002,Urban,4,4571
2023-10-13,ATM_003,Rural,2,16451
2023-10-13,ATM_004,Rural,6,19873
2023-10-13,ATM_005,Urban,3,9547
2023-10-13,ATM_006,Urban,5,5423
2023-10-13,ATM_007,Rural,8,2564
2023-10-13,ATM_008,Suburban,4,22109
2023-10-13,ATM_009,Rural,1,2289
2023-10-13,ATM_010,Rural,9,1167
2023-10-14,ATM_001,Rural,6,8536
2023-10-14,ATM_002,Urban,2,9922
2023-10-14,ATM_003,Rural,8,22511
2023-10-14,ATM_004,Rural,9,5256
2023-10-14,ATM_005,Urban,3,16967
2023-10-14,ATM_006,Urban,6,17396
2023-10-14,ATM_007,Rural,5,14157
2023-10-14,ATM_008,Suburban,7,15765
2023-10-14,ATM_009,Rural,2,21207
2023-10-14,ATM_010,Rural,8,15004
2023-10-15,ATM_001,Rural,6,21489
2023-10-15,ATM_002,Urban,3,7110
2023-10-15,ATM_003,Rural,4,11571
2023-10-15,ATM_004,Rural,6,21491
2023-10-15,ATM_005,Urban,7,20938
2023-10-15,ATM_006,Urban,9,24566
2023-10-15,ATM_007,Rural,5,7359
2023-10-15,ATM_008,Suburban,2,24700
2023-10-15,ATM_009,Rural,9,10755
2023-10-15,ATM_010,Rural,1,11802
2023-10-16,ATM_001,Rural,2,2450
2023-10-16,ATM_002,Urban,2,9350
2023-10-16,ATM_003,Rural,7,6011
2023-10-16,ATM_004,Rural,5,10130
2023-10-16,ATM_005,Urban,3,22862
2023-10-16,ATM_006,Urban,9,5941
2023-10-16,ATM_007,Rural,4,10575
2023-10-16,ATM_008,Suburban,6,10802
2023-10-16,ATM_009,Rural,5,13686
2023-10-16,ATM_010,Rural,9,11459
2023-10-17,ATM_001,Rural,3,14863
2023-10-17,ATM_002,Urban,3,8134
2023-10-17,ATM_003,Rural,2,12856
2023-10-17,ATM_004,Rural,4,1702
2023-10-17,ATM_005,Urban,8,4928
2023-10-17,ATM_006,Urban,7,13563
2023-10-17,ATM_007,Rural,9,11815
2023-10-17,ATM_008,Suburban,8,14773
2023-10-17,ATM_009,Rural,6,1623
2023-10-17,ATM_010,Rural,2,2030
2023-10-18,ATM_001,Rural,9,15816
2023-10-18,ATM_002,Urban,7,18811
2023-10-18,ATM_003,Rural,3,9027
2023-10-18,ATM_004,Rural,2,13871
2023-10-18,ATM_005,Urban,4,23675
2023-10-18,ATM_006,Urban,1,8204
2023-10-18,ATM_007,Rural,3,13606
2023-10-18,ATM_008,Suburban,3,5819
2023-10-18,ATM_009,Rural,2,11345
2023-10-18,ATM_010,Rural,1,6304
2023-10-19,ATM_001,Rural,7,11569
2023-10-19,ATM_002,Urban,5,21037
2023-10-19,ATM_003,Rural,1,4553
2023-10-19,ATM_004,Rural,7,9336
2023-10-19,ATM_005,Urban,1,5988
2023-10-19,ATM_006,Urban,9,21609
2023-10-19,ATM_007,Rural,8,16557
2023-10-19,ATM_008,Suburban,1,4941
2023-10-19,ATM_009,Rural,1,1146
2023-10-19,ATM_010,Rural,7,14619
2023-10-20,ATM_001,Rural,4,7306
2023-10-20,ATM_002,Urban,6,14453
2023-10-20,ATM_003,Rural,1,12700
2023-10-20,ATM_004,Rural,1,2649
2023-10-20,ATM_005,Urban,8,20163
2023-10-20,ATM_006,Urban,4,14852
2023-10-20,ATM_007,Rural,8,7822
2023-10-20,ATM_008,Suburban,3,19895
2023-10-20,ATM_009,Rural,6,11212
2023-10-20,ATM_010,Rural,8,12945
2023-10-21,ATM_001,Rural,6,22634
2023-10-21,ATM_002,Urban,7,9355
2023-10-21,ATM_003,Rural,4,21771
2023-10-21,ATM_004,Rural,8,22157
2023-10-21,ATM_005,Urban,2,15030
2023-10-21,ATM_006,Urban,7,12936
2023-10-21,ATM_007,Rural,4,17586
2023-10-21,ATM_008,Suburban,5,15240
2023-10-21,ATM_009,Rural,3,6738
2023-10-21,ATM_010,Rural,3,21875
2023-10-22,ATM_001,Rural,7,8309
2023-10-22,ATM_002,Urban,5,14360
2023-10-22,ATM_003,Rural,6,4793
2023-10-22,ATM_004,Rural,8,4852
2023-10-22,ATM_005,Urban,3,24403
2023-10-22,ATM_006,Urban,6,25685
2023-10-22,ATM_007,Rural,2,3653
2023-10-22,ATM_008,Suburban,3,19135
2023-10-22,ATM_009,Rural,7,6560
2023-10-22,ATM_010,Rural,2,17380
2023-10-23,ATM_001,Rural,1,19431
2023-10-23,ATM_002,Urban,8,17515
2023-10-23,ATM_003,Rural,4,5334
2023-10-23,ATM_004,Rural,8,14305
2023-10-23,ATM_005,Urban,9,20221
2023-10-23,ATM_006,Urban,4,18436
2023-10-23,ATM_007,Rural,6,3457
2023-10-23,ATM_008,Suburban,6,6234
2023-10-23,ATM_009,Rural,5,19048
2023-10-23,ATM_010,Rural,4,18965
2023-10-24,ATM_001,Rural,3,2191
2023-10-24,ATM_002,Urban,7,13379
2023-10-24,ATM_003,Rural,2,7401
2023-10-24,ATM_004,Rural,9,11471
2023-10-24,ATM_005,Urban,5,19510
2023-10-24,ATM_006,Urban,8,6020
2023-10-24,ATM_007,Rural,7,15255
2023-10-24,ATM_008,Suburban,3,17925
2023-10-24,ATM_009,Rural,5,6225
2023-10-24,ATM_010,Rural,3,15232
2023-10-25,ATM_001,Rural,6,14854
2023-10-25,ATM_002,Urban,9,3878
2023-10-25,ATM_003,Rural,1,2385
2023-10-25,ATM_004,Rural,8,10987
2023-10-25,ATM_005,Urban,6,13027
2023-10-25,ATM_006,Urban,4,14811
2023-10-25,ATM_007,Rural,5,2218
2023-10-25,ATM_008,Suburban,2,6623
2023-10-25,ATM_009,Rural,1,4788
2023-10-25,ATM_010,Rural,4,11411
2023-10-26,ATM_001,Rural,2,6211
2023-10-26,ATM_002,Urban,2,8399
2023-10-26,ATM_003,Rural,7,6574
2023-10-26,ATM_004,Rural,9,5328
2023-10-26,ATM_005,Urban,9,7781
2023-10-26,ATM_006,Urban,4,9504
2023-10-26,ATM_007,Rural,7,6534
2023-10-26,ATM_008,Suburban,4,16328
2023-10-26,ATM_009,Rural,4,6270
2023-10-26,ATM_010,Rural,6,8653
2023-10-27,ATM_001,Rural,3,7317
2023-10-27,ATM_002,Urban,1,5052
2023-10-27,ATM_003,Rural,9,14534
2023-10-27,ATM_004,Rural,7,6098
2023-10-27,ATM_005,Urban,2,16465
2023-10-27,ATM_006,Urban,6,17730
2023-10-27,ATM_007,Rural,1,13255
2023-10-27,ATM_008,Suburban,3,8353
2023-10-27,ATM_009,Rural,9,731
2023-10-27,ATM_010,Rural,6,16257
2023-10-28,ATM_001,Rural,7,16628
2023-10-28,ATM_002,Urban,9,22023
2023-10-28,ATM_003,Rural,9,20383
2023-10-28,ATM_004,Rural,2,15760
2023-10-28,ATM_005,Urban,4,12822
2023-10-28,ATM_006,Urban,4,17726
2023-10-28,ATM_007,Rural,6,16444
2023-10-28,ATM_008,Suburban,3,22322
2023-10-28,ATM_009,Rural,6,9997
2023-10-28,ATM_010,Rural,9,17291
2023-10-29,ATM_001,Rural,4,15737
2023-10-29,ATM_002,Urban,3,6914
2023-10-29,ATM_003,Rural,6,13545
2023-10-29,ATM_004,Rural,5,22274
2023-10-29,ATM_005,Urban,1,20279
2023-10-29,ATM_006,Urban,3,23514
2023-10-29,ATM_007,Rural,1,20564
2023-10-29,ATM_008,Suburban,3,9378
2023-10-29,ATM_009,Rural,6,22597
2023-10-29,ATM_010,Rural,5,5109
2023-10-30,ATM_001,Rural,7,17338
2023-10-30,ATM_002,Urban,5,21496
2023-10-30,ATM_003,Rural,1,10932
2023-10-30,ATM_004,Rural,6,9472
2023-10-30,ATM_005,Urban,2,10025
2023-10-30,ATM_006,Urban,8,20785
2023-10-30,ATM_007,Rural,6,15693
2023-10-30,ATM_008,Suburban,2,21144
2023-10-30,ATM_009,Rural,5,18596
2023-10-30,ATM_010,Rural,1,18618
2023-10-31,ATM_001,Rural,9,18867
2023-10-31,ATM_002,Urban,4,9812
2023-10-31,ATM_003,Rural,5,8570
2023-10-31,ATM_004,Rural,1,9978
2023-10-31,ATM_005,Urban,3,9439
2023-10-31,ATM_006,Urban,6,8529
2023-10-31,ATM_007,Rural,3,3686
2023-10-31,ATM_008,Suburban,3,4227
2023-10-31,ATM_009,Rural,6,7413
2023-10-31,ATM_010,Rural,4,5747
2023-11-01,ATM_001,Rural,9,13518
2023-11-01,ATM_002,Urban,5,12315
2023-11-01,ATM_003,Rural,4,10866
2023-11-01,ATM_004,Rural,3,18778
2023-11-01,ATM_005,Urban,6,22669
2023-11-01,ATM_006,Urban,5,15768
2023-11-01,ATM_007,Rural,2,19581
2023-11-01,ATM_008,Suburban,8,14691
2023-11-01,ATM_009,Rural,9,17441
2023-11-01,ATM_010,Rural,5,13434
2023-11-02,ATM_001,Rural,3,7372
2023-11-02,ATM_002,Urban,4,13937
2023-11-02,ATM_003,Rural,9,4231
2023-11-02,ATM_004,Rural,6,8877
2023-11-02,ATM_005,Urban,9,18291
2023-11-02,ATM_006,Urban,1,12950
2023-11-02,ATM_007,Rural,1,3944
2023-11-02,ATM_008,Suburban,7,7783
2023-11-02,ATM_009,Rural,2,9055
2023-11-02,ATM_010,Rural,5,16496
2023-11-03,ATM_001,Rural,2,12752
2023-11-03,ATM_002,Urban,3,7815
2023-11-03,ATM_003,Rural,6,9239
2023-11-03,ATM_004,Rural,9,8742
2023-11-03,ATM_005,Urban,9,10943
2023-11-03,ATM_006,Urban,5,10837
2023-11-03,ATM_007,Rural,6,5823
2023-11-03,ATM_008,Suburban,3,10501
2023-11-03,ATM_009,Rural,2,7692
2023-11-03,ATM_010,Rural,2,13081
2023-11-04,ATM_001,Rural,3,5798
2023-11-04,ATM_002,Urban,4,19970
2023-11-04,ATM_003,Rural,8,15958
2023-11-04,ATM_004,Rural,5,12205
2023-11-04,ATM_005,Urban,6,19673
2023-11-04,ATM_006,Urban,4,24422
2023-11-04,ATM_007,Rural,1,11716
2023-11-04,ATM_008,Suburban,7,19354
2023-11-04,ATM_009,Rural,6,8462
2023-11-04,ATM_010,Rural,2,21460
2023-11-05,ATM_001,Rural,9,3718
2023-11-05,ATM_002,Urban,6,22654
2023-11-05,ATM_003,Rural,6,4514
2023-11-05,ATM_004,Rural,4,12938
2023-11-05,ATM_005,Urban,4,6904
2023-11-05,ATM_006,Urban,1,5295
2023-11-05,ATM_007,Rural,1,13481
2023-11-05,ATM_008,Suburban,3,10296
2023-11-05,ATM_009,Rural,8,3531
2023-11-05,ATM_010,Rural,3,6315
2023-11-06,ATM_001,Rural,8,20049
2023-11-06,ATM_002,Urban,1,19735
2023-11-06,ATM_003,Rural,6,2541
2023-11-06,ATM_004,Rural,9,11514
2023-11-06,ATM_005,Urban,7,20686
2023-11-06,ATM_006,Urban,3,9842
2023-11-06,ATM_007,Rural,9,11849
2023-11-06,ATM_008,Suburban,8,16094
2023-11-06,ATM_009,Rural,5,12790
2023-11-06,ATM_010,Rural,7,6163
2023-11-07,ATM_001,Rural,6,9859
2023-11-07,ATM_002,Urban,2,22434
2023-11-07,ATM_003,Rural,6,15285
2023-11-07,ATM_004,Rural,3,17937
2023-11-07,ATM_005,Urban,4,21167
2023-11-07,ATM_006,Urban,9,21800
2023-11-07,ATM_007,Rural,4,5015
2023-11-07,ATM_008,Suburban,6,17859
2023-11-07,ATM_009,Rural,4,1319
2023-11-07,ATM_010,Rural,5,18848
2023-11-08,ATM_001,Rural,1,1247
2023-11-08,ATM_002,Urban,5,8321
2023-11-08,ATM_003,Rural,8,11155
2023-11-08,ATM_004,Rural,3,11754
2023-11-08,ATM_005,Urban,4,11547
2023-11-08,ATM_006,Urban,5,6845
2023-11-08,ATM_007,Rural,9,4535
2023-11-08,ATM_008,Suburban,8,13219
2023-11-08,ATM_009,Rural,2,9731
2023-11-08,ATM_010,Rural,8,7496
2023-11-09,ATM_001,Rural,3,16418
2023-11-09,ATM_002,Urban,8,20345
2023-11-09,ATM_003,Rural,3,4794
2023-11-09,ATM_004,Rural,7,11402
2023-11-09,ATM_005,Urban,1,16757
2023-11-09,ATM_006,Urban,5,11644
2023-11-09,ATM_007,Rural,7,2309
2023-11-09,ATM_008,Suburban,3,9378
2023-11-09,ATM_009,Rural,2,5898
2023-11-09,ATM_010,Rural,4,7438
2023-11-10,ATM_001,Rural,6,8602
2023-11-10,ATM_002,Urban,6,8599
2023-11-10,ATM_003,Rural,8,1096
2023-11-10,ATM_004,Rural,5,18083
2023-11-10,ATM_005,Urban,4,13042
2023-11-10,ATM_006,Urban,1,6151
2023-11-10,ATM_007,Rural,4,19336
2023-11-10,ATM_008,Suburban,7,9959
2023-11-10,ATM_009,Rural,3,10422
2023-11-10,ATM_010,Rural,6,18951
2023-11-11,ATM_001,Rural,1,20501
2023-11-11,ATM_002,Urban,3,13346
2023-11-11,ATM_003,Rural,7,10083
2023-11-11,ATM_004,Rural,9,19915
2023-11-11,ATM_005,Urban,5,13830
2023-11-11,ATM_006,Urban,7,19890
2023-11-11,ATM_007,Rural,7,12377
2023-11-11,ATM_008,Suburban,9,16316
2023-11-11,ATM_009,Rural,5,17869
2023-11-11,ATM_010,Rural,5,13249
2023-11-12,ATM_001,Rural,9,11096
2023-11-12,ATM_002,Urban,4,16223
2023-11-12,ATM_003,Rural,8,7080
2023-11-12,ATM_004,Rural,8,13848
2023-11-12,ATM_005,Urban,7,15094
2023-11-12,ATM_006,Urban,1,12317
2023-11-12,ATM_007,Rural,4,11275
2023-11-12,ATM_008,Suburban,4,19346
2023-11-12,ATM_009,Rural,9,20374
2023-11-12,ATM_010,Rural,7,19943
2023-11-13,ATM_001,Rural,4,5393
2023-11-13,ATM_002,Urban,9,16743
2023-11-13,ATM_003,Rural,4,3014
2023-11-13,ATM_004,Rural,3,18675
2023-11-13,ATM_005,Urban,5,17934
2023-11-13,ATM_006,Urban,4,20347
2023-11-13,ATM_007,Rural,9,16584
2023-11-13,ATM_008,Suburban,1,3817
2023-11-13,ATM_009,Rural,7,11112
2023-11-13,ATM_010,Rural,3,17312
2023-11-14,ATM_001,Rural,3,18017
2023-11-14,ATM_002,Urban,5,21235
2023-11-14,ATM_003,Rural,5,8118
2023-11-14,ATM_004,Rural,7,17067
2023-11-14,ATM_005,Urban,9,20755
2023-11-14,ATM_006,Urban,9,4107
2023-11-14,ATM_007,Rural,4,5620
2023-11-14,ATM_008,Suburban,5,14228
2023-11-14,ATM_009,Rural,3,18990
2023-11-14,ATM_010,Rural,5,6688
2023-11-15,ATM_001,Rural,9,13231
2023-11-15,ATM_002,Urban,9,7251
2023-11-15,ATM_003,Rural,6,15355
2023-11-15,ATM_004,Rural,3,7737
2023-11-15,ATM_005,Urban,8,16962
2023-11-15,ATM_006,Urban,9,12082
2023-11-15,ATM_007,Rural,7,6031
2023-11-15,ATM_008,Suburban,5,7440
2023-11-15,ATM_009,Rural,3,4009
2023-11-15,ATM_010,Rural,2,19224
2023-11-16,ATM_001,Rural,4,15789
2023-11-16,ATM_002,Urban,2,15669
2023-11-16,ATM_003,Rural,6,2024
2023-11-16,ATM_004,Rural,5,19392
2023-11-16,ATM_005,Urban,3,9377
2023-11-16,ATM_006,Urban,7,9028
2023-11-16,ATM_007,Rural,4,3059
2023-11-16,ATM_008,Suburban,7,20117
2023-11-16,ATM_009,Rural,3,13817
2023-11-16,ATM_010,Rural,3,12767
2023-11-17,ATM_001,Rural,1,11027
2023-11-17,ATM_002,Urban,3,4805
2023-11-17,ATM_003,Rural,6,12556
2023-11-17,ATM_004,Rural,2,17534
2023-11-17,ATM_005,Urban,1,6900
2023-11-17,ATM_006,Urban,6,19162
2023-11-17,ATM_007,Rural,3,4125
2023-11-17,ATM_008,Suburban,4,22868
2023-11-17,ATM_009,Rural,9,1823
2023-11-17,ATM_010,Rural,6,6994
2023-11-18,ATM_001,Rural,5,15433
2023-11-18,ATM_002,Urban,8,8296
2023-11-18,ATM_003,Rural,2,7779
2023-11-18,ATM_004,Rural,3,11640
2023-11-18,ATM_005,Urban,5,21328
2023-11-18,ATM_006,Urban,5,9957
2023-11-18,ATM_007,Rural,3,20293
2023-11-18,ATM_008,Suburban,8,14722
2023-11-18,ATM_009,Rural,8,12717
2023-11-18,ATM_010,Rural,2,11916
2023-11-19,ATM_001,Rural,5,19333
2023-11-19,ATM_002,Urban,2,12589
2023-11-19,ATM_003,Rural,9,19029
2023-11-19,ATM_004,Rural,3,17029
2023-11-19,ATM_005,Urban,5,10914
2023-11-19,ATM_006,Urban,6,23677
2023-11-19,ATM_007,Rural,6,17290
2023-11-19,ATM_008,Suburban,5,8198
2023-11-19,ATM_009,Rural,9,20594
2023-11-19,ATM_010,Rural,5,12532
2023-11-20,ATM_001,Rural,9,19061
2023-11-20,ATM_002,Urban,6,13592
2023-11-20,ATM_003,Rural,7,16724
2023-11-20,ATM_004,Rural,8,10560
2023-11-20,ATM_005,Urban,4,20917
2023-11-20,ATM_006,Urban,3,13956
2023-11-20,ATM_007,Rural,7,18089
2023-11-20,ATM_008,Suburban,5,4187
2023-11-20,ATM_009,Rural,5,5173
2023-11-20,ATM_010,Rural,6,2323
2023-11-21,ATM_001,Rural,4,1484
2023-11-21,ATM_002,Urban,2,10941
2023-11-21,ATM_003,Rural,1,12595
2023-11-21,ATM_004,Rural,3,6793
2023-11-21,ATM_005,Urban,6,11074
2023-11-21,ATM_006,Urban,6,12277
2023-11-21,ATM_007,Rural,8,3616
2023-11-21,ATM_008,Suburban,7,7751
2023-11-21,ATM_009,Rural,1,1236
2023-11-21,ATM_010,Rural,5,9266
2023-11-22,ATM_001,Rural,3,14237
2023-11-22,ATM_002,Urban,6,23638
2023-11-22,ATM_003,Rural,8,2618
2023-11-22,ATM_004,Rural,6,15970
2023-11-22,ATM_005,Urban,3,21935
2023-11-22,ATM_006,Urban,6,13792
2023-11-22,ATM_007,Rural,7,3138
2023-11-22,ATM_008,Suburban,5,8925
2023-11-22,ATM_009,Rural,5,9208
2023-11-22,ATM_010,Rural,4,10700
2023-11-23,ATM_001,Rural,9,12596
2023-11-23,ATM_002,Urban,2,15975
2023-11-23,ATM_003,Rural,2,10762
2023-11-23,ATM_004,Rural,5,4969
2023-11-23,ATM_005,Urban,6,22433
2023-11-23,ATM_006,Urban,9,13590
2023-11-23,ATM_007,Rural,8,13164
2023-11-23,ATM_008,Suburban,9,4104
2023-11-23,ATM_009,Rural,8,19479
2023-11-23,ATM_010,Rural,5,4964
2023-11-24,ATM_001,Rural,7,1341
2023-11-24,ATM_002,Urban,2,15093
2023-11-24,ATM_003,Rural,1,14686
2023-11-24,ATM_004,Rural,8,15732
2023-11-24,ATM_005,Urban,9,12441
2023-11-24,ATM_006,Urban,4,19261
2023-11-24,ATM_007,Rural,8,12658
2023-11-24,ATM_008,Suburban,9,19540
2023-11-24,ATM_009,Rural,1,10760
2023-11-24,ATM_010,Rural,9,19262
2023-11-25,ATM_001,Rural,4,12005
2023-11-25,ATM_002,Urban,8,18040
2023-11-25,ATM_003,Rural,2,13428
2023-11-25,ATM_004,Rural,8,14629
2023-11-25,ATM_005,Urban,1,13851
2023-11-25,ATM_006,Urban,5,19271
2023-11-25,ATM_007,Rural,6,5371
2023-11-25,ATM_008,Suburban,9,5497
2023-11-25,ATM_009,Rural,4,17036
2023-11-25,ATM_010,Rural,6,5125
2023-11-26,ATM_001,Rural,4,10121
2023-11-26,ATM_002,Urban,1,11592
2023-11-26,ATM_003,Rural,9,4472
2023-11-26,ATM_004,Rural,7,4358
2023-11-26,ATM_005,Urban,4,17045
2023-11-26,ATM_006,Urban,8,22907
2023-11-26,ATM_007,Rural,4,5894
2023-11-26,ATM_008,Suburban,2,9477
2023-11-26,ATM_009,Rural,9,12048
2023-11-26,ATM_010,Rural,9,14579
2023-11-27,ATM_001,Rural,5,10976
2023-11-27,ATM_002,Urban,1,20249
2023-11-27,ATM_003,Rural,1,5086
2023-11-27,ATM_004,Rural,4,16582
2023-11-27,ATM_005,Urban,4,16055
2023-11-27,ATM_006,Urban,9,13853
2023-11-27,ATM_007,Rural,3,17978
2023-11-27,ATM_008,Suburban,1,6368
2023-11-27,ATM_009,Rural,3,8470
2023-11-27,ATM_010,Rural,4,6703
2023-11-28,ATM_001,Rural,5,15518
2023-11-28,ATM_002,Urban,8,20116
2023-11-28,ATM_003,Rural,1,17382
2023-11-28,ATM_004,Rural,4,17884
2023-11-28,ATM_005,Urban,9,9094
2023-11-28,ATM_006,Urban,6,9263
2023-11-28,ATM_007,Rural,3,5809
2023-11-28,ATM_008,Suburban,3,10793
2023-11-28,ATM_009,Rural,4,18469
2023-11-28,ATM_010,Rural,9,18457
2023-11-29,ATM_001,Rural,6,3502
2023-11-29,ATM_002,Urban,7,21045
2023-11-29,ATM_003,Rural,6,10840
2023-11-29,ATM_004,Rural,4,16142
2023-11-29,ATM_005,Urban,6,13386
2023-11-29,ATM_006,Urban,1,21557
2023-11-29,ATM_007,Rural,6,3471
2023-11-29,ATM_008,Suburban,9,17757
2023-11-29,ATM_009,Rural,4,14305
2023-11-29,ATM_010,Rural,8,1582
2023-11-30,ATM_001,Rural,7,2476
2023-11-30,ATM_002,Urban,1,8047
2023-11-30,ATM_003,Rural,7,1775
2023-11-30,ATM_004,Rural,8,2486
2023-11-30,ATM_005,Urban,8,22701
2023-11-30,ATM_006,Urban,9,17158
2023-11-30,ATM_007,Rural,1,9427
2023-11-30,ATM_008,Suburban,6,8182
2023-11-30,ATM_009,Rural,8,4773
2023-11-30,ATM_010,Rural,7,17115
2023-12-01,ATM_001,Rural,1,14784
2023-12-01,ATM_002,Urban,2,17630
2023-12-01,ATM_003,Rural,5,8598
2023-12-01,ATM_004,Rural,6,18232
2023-12-01,ATM_005,Urban,3,14562
2023-12-01,ATM_006,Urban,2,19285
2023-12-01,ATM_007,Rural,8,6717
2023-12-01,ATM_008,Suburban,9,21381
2023-12-01,ATM_009,Rural,9,6946
2023-12-01,ATM_010,Rural,6,3337
2023-12-02,ATM_001,Rural,3,15673
2023-12-02,ATM_002,Urban,8,21176
2023-12-02,ATM_003,Rural,6,21272
2023-12-02,ATM_004,Rural,7,6404
2023-12-02,ATM_005,Urban,1,15326
2023-12-02,ATM_006,Urban,3,20489
2023-12-02,ATM_007,Rural,2,19027
2023-12-02,ATM_008,Suburban,7,11498
2023-12-02,ATM_009,Rural,6,8679
2023-12-02,ATM_010,Rural,8,7328
2023-12-03,ATM_001,Rural,7,15027
2023-12-03,ATM_002,Urban,1,17346
2023-12-03,ATM_003,Rural,2,8732
2023-12-03,ATM_004,Rural,5,9989
2023-12-03,ATM_005,Urban,3,7725
2023-12-03,ATM_006,Urban,5,16662
2023-12-03,ATM_007,Rural,7,10394
2023-12-03,ATM_008,Suburban,5,12070
2023-12-03,ATM_009,Rural,5,13919
2023-12-03,ATM_010,Rural,2,13578
2023-12-04,ATM_001,Rural,1,4840
2023-12-04,ATM_002,Urban,8,20505
2023-12-04,ATM_003,Rural,4,9876
2023-12-04,ATM_004,Rural,8,7525
2023-12-04,ATM_005,Urban,1,10758
2023-12-04,ATM_006,Urban,5,22205
2023-12-04,ATM_007,Rural,3,11355
2023-12-04,ATM_008,Suburban,3,8606
2023-12-04,ATM_009,Rural,9,7420
2023-12-04,ATM_010,Rural,1,2306
2023-12-05,ATM_001,Rural,9,1484
2023-12-05,ATM_002,Urban,5,18105
2023-12-05,ATM_003,Rural,1,5352
2023-12-05,ATM_004,Rural,4,7201
2023-12-05,ATM_005,Urban,9,16331
2023-12-05,ATM_006,Urban,4,15328
2023-12-05,ATM_007,Rural,1,19427
2023-12-05,ATM_008,Suburban,7,14865
2023-12-05,ATM_009,Rural,8,11940
2023-12-05,ATM_010,Rural,1,18243
2023-12-06,ATM_001,Rural,2,20053
2023-12-06,ATM_002,Urban,3,11944
2023-12-06,ATM_003,Rural,5,15220
2023-12-06,ATM_004,Rural,1,17893
2023-12-06,ATM_005,Urban,3,20529
2023-12-06,ATM_006,Urban,8,23010
2023-12-06,ATM_007,Rural,3,20048
2023-12-06,ATM_008,Suburban,8,9099
2023-12-06,ATM_009,Rural,6,4923
2023-12-06,ATM_010,Rural,9,12414
2023-12-07,ATM_001,Rural,3,9461
2023-12-07,ATM_002,Urban,7,9908
2023-12-07,ATM_003,Rural,8,12645
2023-12-07,ATM_004,Rural,6,7685
2023-12-07,ATM_005,Urban,5,11200
2023-12-07,ATM_006,Urban,6,17456
2023-12-07,ATM_007,Rural,6,19524
2023-12-07,ATM_008,Suburban,5,18168
2023-12-07,ATM_009,Rural,9,8981
2023-12-07,ATM_010,Rural,3,13544
2023-12-08,ATM_001,Rural,6,7968
2023-12-08,ATM_002,Urban,4,15146
2023-12-08,ATM_003,Rural,3,14758
2023-12-08,ATM_004,Rural,5,3757
2023-12-08,ATM_005,Urban,2,4878
2023-12-08,ATM_006,Urban,7,22504
2023-12-08,ATM_007,Rural,7,2945
2023-12-08,ATM_008,Suburban,9,20164
2023-12-08,ATM_009,Rural,8,3674
2023-12-08,ATM_010,Rural,4,19826
2023-12-09,ATM_001,Rural,5,8489
2023-12-09,ATM_002,Urban,4,14956
2023-12-09,ATM_003,Rural,4,19047
2023-12-09,ATM_004,Rural,5,12363
2023-12-09,ATM_005,Urban,5,23158
2023-12-09,ATM_006,Urban,4,22343
2023-12-09,ATM_007,Rural,5,8122
2023-12-09,ATM_008,Suburban,2,16704
2023-12-09,ATM_009,Rural,4,13949
2023-12-09,ATM_010,Rural,1,22495
2023-12-10,ATM_001,Rural,8,17744
2023-12-10,ATM_002,Urban,1,14399
2023-12-10,ATM_003,Rural,4,9033
2023-12-10,ATM_004,Rural,5,6529
2023-12-10,ATM_005,Urban,6,7450
2023-12-10,ATM_006,Urban,1,14027
2023-12-10,ATM_007,Rural,9,7292
2023-12-10,ATM_008,Suburban,6,13988
2023-12-10,ATM_009,Rural,8,11382
2023-12-10,ATM_010,Rural,9,14794
2023-12-11,ATM_001,Rural,4,5229
2023-12-11,ATM_002,Urban,6,20272
2023-12-11,ATM_003,Rural,8,693
2023-12-11,ATM_004,Rural,1,9128
2023-12-11,ATM_005,Urban,9,10506
2023-12-11,ATM_006,Urban,1,9931
2023-12-11,ATM_007,Rural,3,10548
2023-12-11,ATM_008,Suburban,8,15469
2023-12-11,ATM_009,Rural,3,11014
2023-12-11,ATM_010,Rural,5,18882
2023-12-12,ATM_001,Rural,7,6652
2023-12-12,ATM_002,Urban,8,9730
2023-12-12,ATM_003,Rural,3,4041
2023-12-12,ATM_004,Rural,2,6715
2023-12-12,ATM_005,Urban,1,18257
2023-12-12,ATM_006,Urban,7,8536
2023-12-12,ATM_007,Rural,7,17370
2023-12-12,ATM_008,Suburban,8,19483
2023-12-12,ATM_009,Rural,5,19627
2023-12-12,ATM_010,Rural,5,3493
2023-12-13,ATM_001,Rural,8,11010
2023-12-13,ATM_002,Urban,6,14583
2023-12-13,ATM_003,Rural,8,11111
2023-12-13,ATM_004,Rural,3,9589
2023-12-13,ATM_005,Urban,1,10015
2023-12-13,ATM_006,Urban,6,12187
2023-12-13,ATM_007,Rural,5,18913
2023-12-13,ATM_008,Suburban,6,17865
2023-12-13,ATM_009,Rural,6,10519
2023-12-13,ATM_010,Rural,7,5012
2023-12-14,ATM_001,Rural,3,14847
2023-12-14,ATM_002,Urban,6,3477
2023-12-14,ATM_003,Rural,1,15259
2023-12-14,ATM_004,Rural,9,7325
2023-12-14,ATM_005,Urban,5,13581
2023-12-14,ATM_006,Urban,2,12459
2023-12-14,ATM_007,Rural,9,14229
2023-12-14,ATM_008,Suburban,1,9875
2023-12-14,ATM_009,Rural,6,3855
2023-12-14,ATM_010,Rural,6,17014
2023-12-15,ATM_001,Rural,6,17810
2023-12-15,ATM_002,Urban,9,16298
2023-12-15,ATM_003,Rural,2,13100
2023-12-15,ATM_004,Rural,4,10271
2023-12-15,ATM_005,Urban,8,8975
2023-12-15,ATM_006,Urban,5,11395
2023-12-15,ATM_007,Rural,1,5918
2023-12-15,ATM_008,Suburban,5,4239
2023-12-15,ATM_009,Rural,4,6103
2023-12-15,ATM_010,Rural,4,6800
2023-12-16,ATM_001,Rural,4,10867
2023-12-16,ATM_002,Urban,6,17390
2023-12-16,ATM_003,Rural,1,17206
2023-12-16,ATM_004,Rural,5,6433
2023-12-16,ATM_005,Urban,3,13643
2023-12-16,ATM_006,Urban,3,12911
2023-12-16,ATM_007,Rural,4,7007
2023-12-16,ATM_008,Suburban,4,16785
2023-12-16,ATM_009,Rural,6,8421
2023-12-16,ATM_010,Rural,2,13156
2023-12-17,ATM_001,Rural,8,16651
2023-12-17,ATM_002,Urban,1,13584
2023-12-17,ATM_003,Rural,7,6930
2023-12-17,ATM_004,Rural,5,19011
2023-12-17,ATM_005,Urban,1,23364
2023-12-17,ATM_006,Urban,1,8597
2023-12-17,ATM_007,Rural,7,13313
2023-12-17,ATM_008,Suburban,2,7686
2023-12-17,ATM_009,Rural,7,4717
2023-12-17,ATM_010,Rural,3,4276
2023-12-18,ATM_001,Rural,1,9709
2023-12-18,ATM_002,Urban,9,20567
2023-12-18,ATM_003,Rural,3,15717
2023-12-18,ATM_004,Rural,7,10649
2023-12-18,ATM_005,Urban,7,12481
2023-12-18,ATM_006,Urban,8,15720
2023-12-18,ATM_007,Rural,2,4598
2023-12-18,ATM_008,Suburban,5,10935
2023-12-18,ATM_009,Rural,5,7536
2023-12-18,ATM_010,Rural,4,5499
2023-12-19,ATM_001,Rural,5,19357
2023-12-19,ATM_002,Urban,1,10854
2023-12-19,ATM_003,Rural,4,7526
2023-12-19,ATM_004,Rural,2,8558
2023-12-19,ATM_005,Urban,2,13188
2023-12-19,ATM_006,Urban,6,9662
2023-12-19,ATM_007,Rural,2,14834
2023-12-19,ATM_008,Suburban,3,20343
2023-12-19,ATM_009,Rural,5,3306
2023-12-19,ATM_010,Rural,3,4168
2023-12-20,ATM_001,Rural,2,17266
2023-12-20,ATM_002,Urban,6,8591
2023-12-20,ATM_003,Rural,8,3744
2023-12-20,ATM_004,Rural,6,7900
2023-12-20,ATM_005,Urban,6,11668
2023-12-20,ATM_006,Urban,5,5875
2023-12-20,ATM_007,Rural,9,3541
2023-12-20,ATM_008,Suburban,6,9436
2023-12-20,ATM_009,Rural,9,12822
2023-12-20,ATM_010,Rural,2,12998
2023-12-21,ATM_001,Rural,7,8793
2023-12-21,ATM_002,Urban,7,11562
2023-12-21,ATM_003,Rural,1,6264
2023-12-21,ATM_004,Rural,5,9445
2023-12-21,ATM_005,Urban,9,12259
2023-12-21,ATM_006,Urban,5,10364
2023-12-21,ATM_007,Rural,3,3583
2023-12-21,ATM_008,Suburban,5,8975
2023-12-21,ATM_009,Rural,3,16437
2023-12-21,ATM_010,Rural,6,16432
2023-12-22,ATM_001,Rural,8,16355
2023-12-22,ATM_002,Urban,2,21266
2023-12-22,ATM_003,Rural,3,10771
2023-12-22,ATM_004,Rural,3,2665
2023-12-22,ATM_005,Urban,8,11710
2023-12-22,ATM_006,Urban,2,22610
2023-12-22,ATM_007,Rural,7,18249
2023-12-22,ATM_008,Suburban,7,7909
2023-12-22,ATM_009,Rural,7,7628
2023-12-22,ATM_010,Rural,5,11308
2023-12-23,ATM_001,Rural,7,18727
2023-12-23,ATM_002,Urban,3,21338
2023-12-23,ATM_003,Rural,1,15992
2023-12-23,ATM_004,Rural,3,14661
2023-12-23,ATM_005,Urban,6,10505
2023-12-23,ATM_006,Urban,7,16191
2023-12-23,ATM_007,Rural,7,17406
2023-12-23,ATM_008,Suburban,3,22071
2023-12-23,ATM_009,Rural,3,13864
2023-12-23,ATM_010,Rural,1,5452
2023-12-24,ATM_001,Rural,2,12493
2023-12-24,ATM_002,Urban,8,16589
2023-12-24,ATM_003,Rural,1,11707
2023-12-24,ATM_004,Rural,5,21232
2023-12-24,ATM_005,Urban,1,12716
2023-12-24,ATM_006,Urban,2,22389
2023-12-24,ATM_007,Rural,6,10825
2023-12-24,ATM_008,Suburban,2,15599
2023-12-24,ATM_009,Rural,3,16537
2023-12-24,ATM_010,Rural,9,15016
2023-12-25,ATM_001,Rural,2,1193
2023-12-25,ATM_002,Urban,8,22009
2023-12-25,ATM_003,Rural,6,18707
2023-12-25,ATM_004,Rural,4,7870
2023-12-25,ATM_005,Urban,5,21787
2023-12-25,ATM_006,Urban,7,9324
2023-12-25,ATM_007,Rural,8,11380
2023-12-25,ATM_008,Suburban,9,16911
2023-12-25,ATM_009,Rural,6,18945
2023-12-25,ATM_010,Rural,9,5439
2023-12-26,ATM_001,Rural,5,8197
2023-12-26,ATM_002,Urban,3,9401
2023-12-26,ATM_003,Rural,3,10788
2023-12-26,ATM_004,Rural,1,5882
2023-12-26,ATM_005,Urban,5,8659
2023-12-26,ATM_006,Urban,7,13194
2023-12-26,ATM_007,Rural,8,20163
2023-12-26,ATM_008,Suburban,7,22696
2023-12-26,ATM_009,Rural,2,17821
2023-12-26,ATM_010,Rural,9,12159
2023-12-27,ATM_001,Rural,3,18143
2023-12-27,ATM_002,Urban,8,8569
2023-12-27,ATM_003,Rural,5,10215
2023-12-27,ATM_004,Rural,9,10856
2023-12-27,ATM_005,Urban,9,6396
2023-12-27,ATM_006,Urban,9,5859
2023-12-27,ATM_007,Rural,8,16651
2023-12-27,ATM_008,Suburban,9,16651
2023-12-27,ATM_009,Rural,2,7631
2023-12-27,ATM_010,Rural,9,8767
2023-12-28,ATM_001,Rural,6,2660
2023-12-28,ATM_002,Urban,5,9719
2023-12-28,ATM_003,Rural,4,9236
2023-12-28,ATM_004,Rural,9,12929
2023-12-28,ATM_005,Urban,2,21947
2023-12-28,ATM_006,Urban,3,11895
2023-12-28,ATM_007,Rural,4,11619
2023-12-28,ATM_008,Suburban,4,21039
2023-12-28,ATM_009,Rural,8,16722
2023-12-28,ATM_010,Rural,5,15085
2023-12-29,ATM_001,Rural,9,13072
2023-12-29,ATM_002,Urban,4,21641
2023-12-29,ATM_003,Rural,5,10401
2023-12-29,ATM_004,Rural,4,1173
2023-12-29,ATM_005,Urban,9,15834
2023-12-29,ATM_006,Urban,7,16779
2023-12-29,ATM_007,Rural,6,9825
2023-12-29,ATM_008,Suburban,1,10912
2023-12-29,ATM_009,Rural,3,18495
2023-12-29,ATM_010,Rural,4,16635
2023-12-30,ATM_001,Rural,1,4438
2023-12-30,ATM_002,Urban,3,19097
2023-12-30,ATM_003,Rural,9,15285
2023-12-30,ATM_004,Rural,7,11966
2023-12-30,ATM_005,Urban,2,6208
2023-12-30,ATM_006,Urban,6,9171
2023-12-30,ATM_007,Rural,4,6777
2023-12-30,ATM_008,Suburban,5,7016
2023-12-30,ATM_009,Rural,8,11501
2023-12-30,ATM_010,Rural,2,5466
2023-12-31,ATM_001,Rural,7,15240
2023-12-31,ATM_002,Urban,1,14114
2023-12-31,ATM_003,Rural,6,12340
2023-12-31,ATM_004,Rural,8,18547
2023-12-31,ATM_005,Urban,7,18338
2023-12-31,ATM_006,Urban,8,5615
2023-12-31,ATM_007,Rural,2,13218
2023-12-31,ATM_008,Suburban,9,7201
2023-12-31,ATM_009,Rural,4,21900
2023-12-31,ATM_010,Rural,3,10335
2024-01-01,ATM_001,Rural,9,19297
2024-01-01,ATM_002,Urban,9,16778
2024-01-01,ATM_003,Rural,4,19612
2024-01-01,ATM_004,Rural,7,11786
2024-01-01,ATM_005,Urban,8,13128
2024-01-01,ATM_006,Urban,2,16683
2024-01-01,ATM_007,Rural,2,4604
2024-01-01,ATM_008,Suburban,5,10870
2024-01-01,ATM_009,Rural,9,7760
2024-01-01,ATM_010,Rural,2,1253
2024-01-02,ATM_001,Rural,9,5218
2024-01-02,ATM_002,Urban,1,19565
2024-01-02,ATM_003,Rural,2,17881
2024-01-02,ATM_004,Rural,7,6213
2024-01-02,ATM_005,Urban,7,16278
2024-01-02,ATM_006,Urban,8,16269
2024-01-02,ATM_007,Rural,8,6014
2024-01-02,ATM_008,Suburban,6,11146
2024-01-02,ATM_009,Rural,2,17712
2024-01-02,ATM_010,Rural,3,5229
2024-01-03,ATM_001,Rural,8,14512
2024-01-03,ATM_002,Urban,7,13914
2024-01-03,ATM_003,Rural,2,18937
2024-01-03,ATM_004,Rural,6,15678
2024-01-03,ATM_005,Urban,5,13769
2024-01-03,ATM_006,Urban,5,17628
2024-01-03,ATM_007,Rural,2,3247
2024-01-03,ATM_008,Suburban,5,21816
2024-01-03,ATM_009,Rural,2,7757
2024-01-03,ATM_010,Rural,5,4791
2024-01-04,ATM_001,Rural,7,4327
2024-01-04,ATM_002,Urban,7,10225
2024-01-04,ATM_003,Rural,3,14634
2024-01-04,ATM_004,Rural,7,19269
2024-01-04,ATM_005,Urban,6,8019
2024-01-04,ATM_006,Urban,8,20511
2024-01-04,ATM_007,Rural,9,9437
2024-01-04,ATM_008,Suburban,7,21475
2024-01-04,ATM_009,Rural,2,1910
2024-01-04,ATM_010,Rural,3,3568
2024-01-05,ATM_001,Rural,9,6271
2024-01-05,ATM_002,Urban,4,21451
2024-01-05,ATM_003,Rural,6,14939
2024-01-05,ATM_004,Rural,2,13707
2024-01-05,ATM_005,Urban,6,12003
2024-01-05,ATM_006,Urban,8,2873
2024-01-05,ATM_007,Rural,8,11190
2024-01-05,ATM_008,Suburban,9,4461
2024-01-05,ATM_009,Rural,6,9174
2024-01-05,ATM_010,Rural,2,3267
2024-01-06,ATM_001,Rural,3,16167
2024-01-06,ATM_002,Urban,8,17805
2024-01-06,ATM_003,Rural,1,6669
2024-01-06,ATM_004,Rural,8,9536
2024-01-06,ATM_005,Urban,7,19646
2024-01-06,ATM_006,Urban,4,14208
2024-01-06,ATM_007,Rural,8,17673
2024-01-06,ATM_008,Suburban,6,13165
2024-01-06,ATM_009,Rural,2,12574
2024-01-06,ATM_010,Rural,6,20893
2024-01-07,ATM_001,Rural,2,11470
2024-01-07,ATM_002,Urban,5,9028
2024-01-07,ATM_003,Rural,4,17551
2024-01-07,ATM_004,Rural,7,23001
2024-01-07,ATM_005,Urban,1,19183
2024-01-07,ATM_006,Urban,8,20585
2024-01-07,ATM_007,Rural,1,19427
2024-01-07,ATM_008,Suburban,8,7815
2024-01-07,ATM_009,Rural,9,17308
2024-01-07,ATM_010,Rural,1,12054
2024-01-08,ATM_001,Rural,1,5883
2024-01-08,ATM_002,Urban,1,17351
2024-01-08,ATM_003,Rural,7,17720
2024-01-08,ATM_004,Rural,7,16284
2024-01-08,ATM_005,Urban,4,16494
2024-01-08,ATM_006,Urban,7,7354
2024-01-08,ATM_007,Rural,3,2302
2024-01-08,ATM_008,Suburban,1,20042
2024-01-08,ATM_009,Rural,9,7512
2024-01-08,ATM_010,Rural,2,9738
2024-01-09,ATM_001,Rural,5,17229
2024-01-09,ATM_002,Urban,2,13664
2024-01-09,ATM_003,Rural,7,6947
2024-01-09,ATM_004,Rural,8,11925
2024-01-09,ATM_005,Urban,6,21641
2024-01-09,ATM_006,Urban,2,12132
2024-01-09,ATM_007,Rural,7,10323
2024-01-09,ATM_008,Suburban,4,10058
2024-01-09,ATM_009,Rural,8,16201
2024-01-09,ATM_010,Rural,8,7753
2024-01-10,ATM_001,Rural,6,18713
2024-01-10,ATM_002,Urban,4,8645
2024-01-10,ATM_003,Rural,2,14304
2024-01-10,ATM_004,Rural,9,3205
2024-01-10,ATM_005,Urban,2,23246
2024-01-10,ATM_006,Urban,6,14892
2024-01-10,ATM_007,Rural,5,11538
2024-01-10,ATM_008,Suburban,9,9501
2024-01-10,ATM_009,Rural,4,4942
2024-01-10,ATM_010,Rural,3,14928
2024-01-11,ATM_001,Rural,8,18232
2024-01-11,ATM_002,Urban,1,13763
2024-01-11,ATM_003,Rural,9,1744
2024-01-11,ATM_004,Rural,9,16558
2024-01-11,ATM_005,Urban,3,22706
2024-01-11,ATM_006,Urban,8,5705
2024-01-11,ATM_007,Rural,2,19392
2024-01-11,ATM_008,Suburban,1,15933
2024-01-11,ATM_009,Rural,7,13392
2024-01-11,ATM_010,Rural,4,9288
2024-01-12,ATM_001,Rural,9,12689
2024-01-12,ATM_002,Urban,5,17865
2024-01-12,ATM_003,Rural,4,9123
2024-01-12,ATM_004,Rural,4,5868
2024-01-12,ATM_005,Urban,4,15985
2024-01-12,ATM_006,Urban,3,23232
2024-01-12,ATM_007,Rural,3,12183
2024-01-12,ATM_008,Suburban,3,17944
2024-01-12,ATM_009,Rural,9,1707
2024-01-12,ATM_010,Rural,7,3269
2024-01-13,ATM_001,Rural,7,8287
2024-01-13,ATM_002,Urban,2,22103
2024-01-13,ATM_003,Rural,7,17218
2024-01-13,ATM_004,Rural,5,19993
2024-01-13,ATM_005,Urban,7,15655
2024-01-13,ATM_006,Urban,6,23626
2024-01-13,ATM_007,Rural,1,22073
2024-01-13,ATM_008,Suburban,5,15862
2024-01-13,ATM_009,Rural,6,14310
2024-01-13,ATM_010,Rural,2,14740
2024-01-14,ATM_001,Rural,7,17998
2024-01-14,ATM_002,Urban,4,18746
2024-01-14,ATM_003,Rural,4,7700
2024-01-14,ATM_004,Rural,9,2891
2024-01-14,ATM_005,Urban,8,24912
2024-01-14,ATM_006,Urban,8,13495
2024-01-14,ATM_007,Rural,1,6321
2024-01-14,ATM_008,Suburban,1,9989
2024-01-14,ATM_009,Rural,9,17504
2024-01-14,ATM_010,Rural,3,4767
2024-01-15,ATM_001,Rural,9,5681
2024-01-15,ATM_002,Urban,4,23250
2024-01-15,ATM_003,Rural,7,15684
2024-01-15,ATM_004,Rural,9,11744
2024-01-15,ATM_005,Urban,7,7508
2024-01-15,ATM_006,Urban,6,21233
2024-01-15,ATM_007,Rural,7,9866
2024-01-15,ATM_008,Suburban,6,20394
2024-01-15,ATM_009,Rural,8,11103
2024-01-15,ATM_010,Rural,2,18646
2024-01-16,ATM_001,Rural,2,10449
2024-01-16,ATM_002,Urban,1,14992
2024-01-16,ATM_003,Rural,8,8927
2024-01-16,ATM_004,Rural,5,11420
2024-01-16,ATM_005,Urban,1,5622
2024-01-16,ATM_006,Urban,7,21853
2024-01-16,ATM_007,Rural,1,8614
2024-01-16,ATM_008,Suburban,4,17089
2024-01-16,ATM_009,Rural,8,20236
2024-01-16,ATM_010,Rural,3,20114
2024-01-17,ATM_001,Rural,9,9421
2024-01-17,ATM_002,Urban,4,18629
2024-01-17,ATM_003,Rural,6,4583
2024-01-17,ATM_004,Rural,9,7562
2024-01-17,ATM_005,Urban,1,13052
2024-01-17,ATM_006,Urban,2,11451
2024-01-17,ATM_007,Rural,1,17830
2024-01-17,ATM_008,Suburban,9,16330
2024-01-17,ATM_009,Rural,3,17927
2024-01-17,ATM_010,Rural,8,18894
2024-01-18,ATM_001,Rural,4,12990
2024-01-18,ATM_002,Urban,8,10820
2024-01-18,ATM_003,Rural,3,3180
2024-01-18,ATM_004,Rural,6,4404
2024-01-18,ATM_005,Urban,4,6944
2024-01-18,ATM_006,Urban,1,10488
2024-01-18,ATM_007,Rural,3,1185
2024-01-18,ATM_008,Suburban,2,13206
2024-01-18,ATM_009,Rural,3,2579
2024-01-18,ATM_010,Rural,3,14213
2024-01-19,ATM_001,Rural,6,4092
2024-01-19,ATM_002,Urban,3,6506
2024-01-19,ATM_003,Rural,5,19936
2024-01-19,ATM_004,Rural,7,16924
2024-01-19,ATM_005,Urban,5,9078
2024-01-19,ATM_006,Urban,4,10119
2024-01-19,ATM_007,Rural,9,4558
2024-01-19,ATM_008,Suburban,8,19825
2024-01-19,ATM_009,Rural,9,14404
2024-01-19,ATM_010,Rural,1,6053
2024-01-20,ATM_001,Rural,2,5669
2024-01-20,ATM_002,Urban,8,7287
2024-01-20,ATM_003,Rural,4,18712
2024-01-20,ATM_004,Rural,4,18132
2024-01-20,ATM_005,Urban,2,20565
2024-01-20,ATM_006,Urban,6,22094
2024-01-20,ATM_007,Rural,4,17221
2024-01-20,ATM_008,Suburban,4,19179
2024-01-20,ATM_009,Rural,4,20445
2024-01-20,ATM_010,Rural,9,14309
2024-01-21,ATM_001,Rural,8,4993
2024-01-21,ATM_002,Urban,7,17464
2024-01-21,ATM_003,Rural,6,20128
2024-01-21,ATM_004,Rural,2,13178
2024-01-21,ATM_005,Urban,7,14817
2024-01-21,ATM_006,Urban,9,16499
2024-01-21,ATM_007,Rural,7,6127
2024-01-21,ATM_008,Suburban,2,7499
2024-01-21,ATM_009,Rural,6,13386
2024-01-21,ATM_010,Rural,5,17610
2024-01-22,ATM_001,Rural,7,8579
2024-01-22,ATM_002,Urban,7,13730
2024-01-22,ATM_003,Rural,8,16985
2024-01-22,ATM_004,Rural,3,12441
2024-01-22,ATM_005,Urban,8,12960
2024-01-22,ATM_006,Urban,6,11333
2024-01-22,ATM_007,Rural,1,16711
2024-01-22,ATM_008,Suburban,4,5283
2024-01-22,ATM_009,Rural,3,11366
2024-01-22,ATM_010,Rural,5,11412
2024-01-23,ATM_001,Rural,8,7105
2024-01-23,ATM_002,Urban,2,20653
2024-01-23,ATM_003,Rural,4,12111
2024-01-23,ATM_004,Rural,5,7735
2024-01-23,ATM_005,Urban,2,19466
2024-01-23,ATM_006,Urban,1,7510
2024-01-23,ATM_007,Rural,6,14377
2024-01-23,ATM_008,Suburban,9,21394
2024-01-23,ATM_009,Rural,9,3743
2024-01-23,ATM_010,Rural,8,19358
2024-01-24,ATM_001,Rural,9,5928
2024-01-24,ATM_002,Urban,9,21195
2024-01-24,ATM_003,Rural,1,5608
2024-01-24,ATM_004,Rural,8,2680
2024-01-24,ATM_005,Urban,8,13692
2024-01-24,ATM_006,Urban,4,8840
2024-01-24,ATM_007,Rural,3,7207
2024-01-24,ATM_008,Suburban,5,7422
2024-01-24,ATM_009,Rural,6,16613
2024-01-24,ATM_010,Rural,2,14825
2024-01-25,ATM_001,Rural,6,17859
2024-01-25,ATM_002,Urban,2,12210
2024-01-25,ATM_003,Rural,5,7970
2024-01-25,ATM_004,Rural,4,6436
2024-01-25,ATM_005,Urban,3,12101
2024-01-25,ATM_006,Urban,7,17940
2024-01-25,ATM_007,Rural,7,2619
2024-01-25,ATM_008,Suburban,3,14010
2024-01-25,ATM_009,Rural,7,16676
2024-01-25,ATM_010,Rural,7,2338
2024-01-26,ATM_001,Rural,2,11707
2024-01-26,ATM_002,Urban,2,22813
2024-01-26,ATM_003,Rural,3,6190
2024-01-26,ATM_004,Rural,6,4171
2024-01-26,ATM_005,Urban,9,5997
2024-01-26,ATM_006,Urban,6,16984
2024-01-26,ATM_007,Rural,6,19924
2024-01-26,ATM_008,Suburban,8,13146
2024-01-26,ATM_009,Rural,8,3915
2024-01-26,ATM_010,Rural,6,18684
2024-01-27,ATM_001,Rural,7,8429
2024-01-27,ATM_002,Urban,4,28300
2024-01-27,ATM_003,Rural,1,15828
2024-01-27,ATM_004,Rural,6,14362
2024-01-27,ATM_005,Urban,6,16007
2024-01-27,ATM_006,Urban,4,7755
2024-01-27,ATM_007,Rural,8,10041
2024-01-27,ATM_008,Suburban,2,15738
2024-01-27,ATM_009,Rural,6,8234
2024-01-27,ATM_010,Rural,3,10291
2024-01-28,ATM_001,Rural,5,21794
2024-01-28,ATM_002,Urban,4,22665
2024-01-28,ATM_003,Rural,9,17567
2024-01-28,ATM_004,Rural,7,8334
2024-01-28,ATM_005,Urban,4,20914
2024-01-28,ATM_006,Urban,6,22729
2024-01-28,ATM_007,Rural,2,13925
2024-01-28,ATM_008,Suburban,5,24739
2024-01-28,ATM_009,Rural,9,21794
2024-01-28,ATM_010,Rural,9,20553
2024-01-29,ATM_001,Rural,1,4037
2024-01-29,ATM_002,Urban,9,7015
2024-01-29,ATM_003,Rural,6,15868
2024-01-29,ATM_004,Rural,9,7258
2024-01-29,ATM_005,Urban,7,15163
2024-01-29,ATM_006,Urban,7,7155
2024-01-29,ATM_007,Rural,4,10182
2024-01-29,ATM_008,Suburban,8,10904
2024-01-29,ATM_009,Rural,1,3977
2024-01-29,ATM_010,Rural,9,4034
2024-01-30,ATM_001,Rural,8,2412
2024-01-30,ATM_002,Urban,7,9366
2024-01-30,ATM_003,Rural,9,6825
2024-01-30,ATM_004,Rural,1,15845
2024-01-30,ATM_005,Urban,3,7659
2024-01-30,ATM_006,Urban,8,21224
2024-01-30,ATM_007,Rural,9,10449
2024-01-30,ATM_008,Suburban,8,4360
2024-01-30,ATM_009,Rural,1,10809
2024-01-30,ATM_010,Rural,2,4792
2024-01-31,ATM_001,Rural,2,10091
2024-01-31,ATM_002,Urban,6,19669
2024-01-31,ATM_003,Rural,2,19608
2024-01-31,ATM_004,Rural,5,10633
2024-01-31,ATM_005,Urban,7,13050
2024-01-31,ATM_006,Urban,4,19364
2024-01-31,ATM_007,Rural,2,17392
2024-01-31,ATM_008,Suburban,7,17006
2024-01-31,ATM_009,Rural,5,13664
2024-01-31,ATM_010,Rural,2,17388
2024-02-01,ATM_001,Rural,8,2419
2024-02-01,ATM_002,Urban,9,18098
2024-02-01,ATM_003,Rural,8,9725
2024-02-01,ATM_004,Rural,9,18766
2024-02-01,ATM_005,Urban,2,20248
2024-02-01,ATM_006,Urban,4,22730
2024-02-01,ATM_007,Rural,8,3654
2024-02-01,ATM_008,Suburban,1,11128
2024-02-01,ATM_009,Rural,4,6546
2024-02-01,ATM_010,Rural,5,8459
2024-02-02,ATM_001,Rural,7,17616
2024-02-02,ATM_002,Urban,3,11774
2024-02-02,ATM_003,Rural,4,14357
2024-02-02,ATM_004,Rural,5,15350
2024-02-02,ATM_005,Urban,4,7271
2024-02-02,ATM_006,Urban,8,12641
2024-02-02,ATM_007,Rural,7,8164
2024-02-02,ATM_008,Suburban,9,9351
2024-02-02,ATM_009,Rural,4,14536
2024-02-02,ATM_010,Rural,5,1860
2024-02-03,ATM_001,Rural,5,9815
2024-02-03,ATM_002,Urban,5,9547
2024-02-03,ATM_003,Rural,1,11950
2024-02-03,ATM_004,Rural,1,21357
2024-02-03,ATM_005,Urban,9,6703
2024-02-03,ATM_006,Urban,3,15918
2024-02-03,ATM_007,Rural,2,6540
2024-02-03,ATM_008,Suburban,9,12514
2024-02-03,ATM_009,Rural,9,23763
2024-02-03,ATM_010,Rural,6,13949
2024-02-04,ATM_001,Rural,5,22012
2024-02-04,ATM_002,Urban,6,6342
2024-02-04,ATM_003,Rural,6,9654
2024-02-04,ATM_004,Rural,7,12127
2024-02-04,ATM_005,Urban,3,14333
2024-02-04,ATM_006,Urban,9,18862
2024-02-04,ATM_007,Rural,6,11063
2024-02-04,ATM_008,Suburban,5,20101
2024-02-04,ATM_009,Rural,2,9589
2024-02-04,ATM_010,Rural,4,5332
2024-02-05,ATM_001,Rural,6,3787
2024-02-05,ATM_002,Urban,9,11847
2024-02-05,ATM_003,Rural,3,10381
2024-02-05,ATM_004,Rural,3,12294
2024-02-05,ATM_005,Urban,9,22230
2024-02-05,ATM_006,Urban,5,14532
2024-02-05,ATM_007,Rural,2,18158
2024-02-05,ATM_008,Suburban,1,16162
2024-02-05,ATM_009,Rural,6,19242
2024-02-05,ATM_010,Rural,2,5142
2024-02-06,ATM_001,Rural,2,2607
2024-02-06,ATM_002,Urban,8,17937
2024-02-06,ATM_003,Rural,5,4535
2024-02-06,ATM_004,Rural,4,16857
2024-02-06,ATM_005,Urban,6,17123
2024-02-06,ATM_006,Urban,8,14238
2024-02-06,ATM_007,Rural,9,5325
2024-02-06,ATM_008,Suburban,8,20235
2024-02-06,ATM_009,Rural,1,3134
2024-02-06,ATM_010,Rural,2,4549
2024-02-07,ATM_001,Rural,5,20033
2024-02-07,ATM_002,Urban,3,18605
2024-02-07,ATM_003,Rural,3,16388
2024-02-07,ATM_004,Rural,3,16481
2024-02-07,ATM_005,Urban,4,4715
2024-02-07,ATM_006,Urban,3,20520
2024-02-07,ATM_007,Rural,4,13437
2024-02-07,ATM_008,Suburban,2,8294
2024-02-07,ATM_009,Rural,1,9792
2024-02-07,ATM_010,Rural,2,19772
2024-02-08,ATM_001,Rural,9,2380
2024-02-08,ATM_002,Urban,7,12689
2024-02-08,ATM_003,Rural,4,7450
2024-02-08,ATM_004,Rural,5,6876
2024-02-08,ATM_005,Urban,8,22701
2024-02-08,ATM_006,Urban,8,17960
2024-02-08,ATM_007,Rural,2,2314
2024-02-08,ATM_008,Suburban,2,10980
2024-02-08,ATM_009,Rural,2,7363
2024-02-08,ATM_010,Rural,2,4612
2024-02-09,ATM_001,Rural,4,13565
2024-02-09,ATM_002,Urban,7,11783
2024-02-09,ATM_003,Rural,6,9917
2024-02-09,ATM_004,Rural,4,5065
2024-02-09,ATM_005,Urban,7,16743
2024-02-09,ATM_006,Urban,4,23966
2024-02-09,ATM_007,Rural,5,5567
2024-02-09,ATM_008,Suburban,7,5915
2024-02-09,ATM_009,Rural,1,16559
2024-02-09,ATM_010,Rural,9,6544
2024-02-10,ATM_001,Rural,3,16034
2024-02-10,ATM_002,Urban,2,14853
2024-02-10,ATM_003,Rural,5,5163
2024-02-10,ATM_004,Rural,2,8417
2024-02-10,ATM_005,Urban,6,21099
2024-02-10,ATM_006,Urban,3,11697
2024-02-10,ATM_007,Rural,8,16821
2024-02-10,ATM_008,Suburban,4,13655
2024-02-10,ATM_009,Rural,4,7805
2024-02-10,ATM_010,Rural,8,11453
2024-02-11,ATM_001,Rural,9,3764
2024-02-11,ATM_002,Urban,8,20139
2024-02-11,ATM_003,Rural,9,20933
2024-02-11,ATM_004,Rural,5,9588
2024-02-11,ATM_005,Urban,1,9739
2024-02-11,ATM_006,Urban,7,20579
2024-02-11,ATM_007,Rural,2,18909
2024-02-11,ATM_008,Suburban,6,24082
2024-02-11,ATM_009,Rural,5,11201
2024-02-11,ATM_010,Rural,7,18152
2024-02-12,ATM_001,Rural,4,5883
2024-02-12,ATM_002,Urban,5,10993
2024-02-12,ATM_003,Rural,9,5378
2024-02-12,ATM_004,Rural,7,6937
2024-02-12,ATM_005,Urban,7,15060
2024-02-12,ATM_006,Urban,6,10060
2024-02-12,ATM_007,Rural,6,1051
2024-02-12,ATM_008,Suburban,4,16291
2024-02-12,ATM_009,Rural,6,11449
2024-02-12,ATM_010,Rural,4,16727
2024-02-13,ATM_001,Rural,8,7985
2024-02-13,ATM_002,Urban,5,5327
2024-02-13,ATM_003,Rural,8,9897
2024-02-13,ATM_004,Rural,1,8037
2024-02-13,ATM_005,Urban,4,14970
2024-02-13,ATM_006,Urban,2,19717
2024-02-13,ATM_007,Rural,7,8603
2024-02-13,ATM_008,Suburban,6,9196
2024-02-13,ATM_009,Rural,2,7526
2024-02-13,ATM_010,Rural,5,5824
2024-02-14,ATM_001,Rural,2,10063
2024-02-14,ATM_002,Urban,3,6726
2024-02-14,ATM_003,Rural,2,12942
2024-02-14,ATM_004,Rural,4,13071
2024-02-14,ATM_005,Urban,9,9690
2024-02-14,ATM_006,Urban,3,10408
2024-02-14,ATM_007,Rural,7,4531
2024-02-14,ATM_008,Suburban,8,10856
2024-02-14,ATM_009,Rural,7,10145
2024-02-14,ATM_010,Rural,3,19495
2024-02-15,ATM_001,Rural,8,1588
2024-02-15,ATM_002,Urban,3,10364
2024-02-15,ATM_003,Rural,4,13392
2024-02-15,ATM_004,Rural,7,8592
2024-02-15,ATM_005,Urban,3,20707
2024-02-15,ATM_006,Urban,1,17433
2024-02-15,ATM_007,Rural,1,15090
2024-02-15,ATM_008,Suburban,9,11589
2024-02-15,ATM_009,Rural,8,6955
2024-02-15,ATM_010,Rural,5,8919
2024-02-16,ATM_001,Rural,3,16363
2024-02-16,ATM_002,Urban,5,20421
2024-02-16,ATM_003,Rural,1,10689
2024-02-16,ATM_004,Rural,6,2296
2024-02-16,ATM_005,Urban,3,13189
2024-02-16,ATM_006,Urban,6,8751
2024-02-16,ATM_007,Rural,5,9029
2024-02-16,ATM_008,Suburban,8,7060
2024-02-16,ATM_009,Rural,7,8540
2024-02-16,ATM_010,Rural,1,16997
2024-02-17,ATM_001,Rural,5,16069
2024-02-17,ATM_002,Urban,7,24956
2024-02-17,ATM_003,Rural,4,10727
2024-02-17,ATM_004,Rural,3,18726
2024-02-17,ATM_005,Urban,2,14583
2024-02-17,ATM_006,Urban,7,19502
2024-02-17,ATM_007,Rural,8,18614
2024-02-17,ATM_008,Suburban,1,8905
2024-02-17,ATM_009,Rural,1,18837
2024-02-17,ATM_010,Rural,4,19935
2024-02-18,ATM_001,Rural,9,3927
2024-02-18,ATM_002,Urban,4,15250
2024-02-18,ATM_003,Rural,8,14302
2024-02-18,ATM_004,Rural,6,9420
2024-02-18,ATM_005,Urban,4,22752
2024-02-18,ATM_006,Urban,4,13175
2024-02-18,ATM_007,Rural,2,5790
2024-02-18,ATM_008,Suburban,5,8817
2024-02-18,ATM_009,Rural,6,19947
2024-02-18,ATM_010,Rural,6,11463
2024-02-19,ATM_001,Rural,4,3891
2024-02-19,ATM_002,Urban,7,23402
2024-02-19,ATM_003,Rural,1,9726
2024-02-19,ATM_004,Rural,2,9015
2024-02-19,ATM_005,Urban,2,13139
2024-02-19,ATM_006,Urban,8,10360
2024-02-19,ATM_007,Rural,8,8487
2024-02-19,ATM_008,Suburban,7,3311
2024-02-19,ATM_009,Rural,1,9372
2024-02-19,ATM_010,Rural,3,5786
2024-02-20,ATM_001,Rural,6,2118
2024-02-20,ATM_002,Urban,6,6262
2024-02-20,ATM_003,Rural,5,8307
2024-02-20,ATM_004,Rural,6,1221
2024-02-20,ATM_005,Urban,6,13007
2024-02-20,ATM_006,Urban,9,5219
2024-02-20,ATM_007,Rural,7,3601
2024-02-20,ATM_008,Suburban,9,10312
2024-02-20,ATM_009,Rural,3,7253
2024-02-20,ATM_010,Rural,3,20331
2024-02-21,ATM_001,Rural,7,5913
2024-02-21,ATM_002,Urban,5,10957
2024-02-21,ATM_003,Rural,7,16728
2024-02-21,ATM_004,Rural,7,6908
2024-02-21,ATM_005,Urban,7,5919
2024-02-21,ATM_006,Urban,2,20329
2024-02-21,ATM_007,Rural,3,12498
2024-02-21,ATM_008,Suburban,8,10355
2024-02-21,ATM_009,Rural,7,5036
2024-02-21,ATM_010,Rural,5,8187
2024-02-22,ATM_001,Rural,5,12060
2024-02-22,ATM_002,Urban,9,13013
2024-02-22,ATM_003,Rural,7,16876
2024-02-22,ATM_004,Rural,4,10293
2024-02-22,ATM_005,Urban,8,8391
2024-02-22,ATM_006,Urban,4,15718
2024-02-22,ATM_007,Rural,8,19469
2024-02-22,ATM_008,Suburban,5,4642
2024-02-22,ATM_009,Rural,8,15414
2024-02-22,ATM_010,Rural,8,18295
2024-02-23,ATM_001,Rural,5,19776
2024-02-23,ATM_002,Urban,2,23772
2024-02-23,ATM_003,Rural,5,9550
2024-02-23,ATM_004,Rural,2,6212
2024-02-23,ATM_005,Urban,3,8870
2024-02-23,ATM_006,Urban,6,9166
2024-02-23,ATM_007,Rural,4,14944
2024-02-23,ATM_008,Suburban,8,13953
2024-02-23,ATM_009,Rural,2,15567
2024-02-23,ATM_010,Rural,8,18845
2024-02-24,ATM_001,Rural,4,12491
2024-02-24,ATM_002,Urban,9,26810
2024-02-24,ATM_003,Rural,1,21225
2024-02-24,ATM_004,Rural,3,18872
2024-02-24,ATM_005,Urban,7,15454
2024-02-24,ATM_006,Urban,4,22811
2024-02-24,ATM_007,Rural,3,14945
2024-02-24,ATM_008,Suburban,1,12292
2024-02-24,ATM_009,Rural,6,8803
2024-02-24,ATM_010,Rural,4,14770
2024-02-25,ATM_001,Rural,4,20280
2024-02-25,ATM_002,Urban,6,13223
2024-02-25,ATM_003,Rural,1,4763
2024-02-25,ATM_004,Rural,2,20815
2024-02-25,ATM_005,Urban,6,8710
2024-02-25,ATM_006,Urban,3,25369
2024-02-25,ATM_007,Rural,7,9447
2024-02-25,ATM_008,Suburban,6,22203
2024-02-25,ATM_009,Rural,5,21991
2024-02-25,ATM_010,Rural,9,8831
2024-02-26,ATM_001,Rural,4,8866
2024-02-26,ATM_002,Urban,4,12067
2024-02-26,ATM_003,Rural,9,16624
2024-02-26,ATM_004,Rural,8,11332
2024-02-26,ATM_005,Urban,5,21886
2024-02-26,ATM_006,Urban,2,4892
2024-02-26,ATM_007,Rural,8,16262
2024-02-26,ATM_008,Suburban,5,10165
2024-02-26,ATM_009,Rural,7,12655
2024-02-26,ATM_010,Rural,1,15025
2024-02-27,ATM_001,Rural,6,5644
2024-02-27,ATM_002,Urban,6,4763
2024-02-27,ATM_003,Rural,2,12138
2024-02-27,ATM_004,Rural,8,2310
2024-02-27,ATM_005,Urban,3,21141
2024-02-27,ATM_006,Urban,7,21919
2024-02-27,ATM_007,Rural,8,4427
2024-02-27,ATM_008,Suburban,2,6257
2024-02-27,ATM_009,Rural,4,6322
2024-02-27,ATM_010,Rural,9,8117
2024-02-28,ATM_001,Rural,1,16027
2024-02-28,ATM_002,Urban,7,12122
2024-02-28,ATM_003,Rural,6,18508
2024-02-28,ATM_004,Rural,3,16177
2024-02-28,ATM_005,Urban,4,19523
2024-02-28,ATM_006,Urban,6,11381
2024-02-28,ATM_007,Rural,4,7615
2024-02-28,ATM_008,Suburban,5,6578
2024-02-28,ATM_009,Rural,4,7029
2024-02-28,ATM_010,Rural,4,8200
2024-02-29,ATM_001,Rural,5,9993
2024-02-29,ATM_002,Urban,9,18175
2024-02-29,ATM_003,Rural,3,3420
2024-02-29,ATM_004,Rural,6,9253
2024-02-29,ATM_005,Urban,4,15688
2024-02-29,ATM_006,Urban,6,13296
2024-02-29,ATM_007,Rural,6,4954
2024-02-29,ATM_008,Suburban,7,8303
2024-02-29,ATM_009,Rural,2,18603
2024-02-29,ATM_010,Rural,4,5254
2024-03-01,ATM_001,Rural,7,4380
2024-03-01,ATM_002,Urban,4,19700
2024-03-01,ATM_003,Rural,2,19190
2024-03-01,ATM_004,Rural,2,11237
2024-03-01,ATM_005,Urban,8,5089
2024-03-01,ATM_006,Urban,1,7544
2024-03-01,ATM_007,Rural,4,5999
2024-03-01,ATM_008,Suburban,2,6612
2024-03-01,ATM_009,Rural,4,8091
2024-03-01,ATM_010,Rural,4,5771
2024-03-02,ATM_001,Rural,9,11010
2024-03-02,ATM_002,Urban,1,13666
2024-03-02,ATM_003,Rural,3,14560
2024-03-02,ATM_004,Rural,1,8381
2024-03-02,ATM_005,Urban,7,22536
2024-03-02,ATM_006,Urban,5,19991
2024-03-02,ATM_007,Rural,5,8917
2024-03-02,ATM_008,Suburban,6,23497
2024-03-02,ATM_009,Rural,3,13415
2024-03-02,ATM_010,Rural,7,8171
2024-03-03,ATM_001,Rural,3,15311
2024-03-03,ATM_002,Urban,4,13231
2024-03-03,ATM_003,Rural,7,10278
2024-03-03,ATM_004,Rural,2,14368
2024-03-03,ATM_005,Urban,4,12385
2024-03-03,ATM_006,Urban,6,17338
2024-03-03,ATM_007,Rural,5,7585
2024-03-03,ATM_008,Suburban,2,9539
2024-03-03,ATM_009,Rural,8,21220
2024-03-03,ATM_010,Rural,2,8840
2024-03-04,ATM_001,Rural,9,20081
2024-03-04,ATM_002,Urban,3,9679
2024-03-04,ATM_003,Rural,3,15781
2024-03-04,ATM_004,Rural,5,12116
2024-03-04,ATM_005,Urban,8,16979
2024-03-04,ATM_006,Urban,2,10108
2024-03-04,ATM_007,Rural,8,7656
2024-03-04,ATM_008,Suburban,4,3922
2024-03-04,ATM_009,Rural,7,15371
2024-03-04,ATM_010,Rural,7,15341
2024-03-05,ATM_001,Rural,4,5747
2024-03-05,ATM_002,Urban,2,9981
2024-03-05,ATM_003,Rural,7,17482
2024-03-05,ATM_004,Rural,6,6709
2024-03-05,ATM_005,Urban,9,7161
2024-03-05,ATM_006,Urban,1,16121
2024-03-05,ATM_007,Rural,8,10736
2024-03-05,ATM_008,Suburban,8,16497
2024-03-05,ATM_009,Rural,7,3243
2024-03-05,ATM_010,Rural,9,5600
2024-03-06,ATM_001,Rural,9,18784
2024-03-06,ATM_002,Urban,2,9548
2024-03-06,ATM_003,Rural,5,4115
2024-03-06,ATM_004,Rural,5,11597
2024-03-06,ATM_005,Urban,5,22664
2024-03-06,ATM_006,Urban,6,16403
2024-03-06,ATM_007,Rural,1,7114
2024-03-06,ATM_008,Suburban,1,18828
2024-03-06,ATM_009,Rural,1,5036
2024-03-06,ATM_010,Rural,2,15508
2024-03-07,ATM_001,Rural,1,9123
2024-03-07,ATM_002,Urban,2,22207
2024-03-07,ATM_003,Rural,9,7022
2024-03-07,ATM_004,Rural,5,15268
2024-03-07,ATM_005,Urban,6,10418
2024-03-07,ATM_006,Urban,9,21504
2024-03-07,ATM_007,Rural,9,14615
2024-03-07,ATM_008,Suburban,8,5683
2024-03-07,ATM_009,Rural,7,12943
2024-03-07,ATM_010,Rural,3,12662
2024-03-08,ATM_001,Rural,5,19704
2024-03-08,ATM_002,Urban,7,14337
2024-03-08,ATM_003,Rural,7,12347
2024-03-08,ATM_004,Rural,2,6879
2024-03-08,ATM_005,Urban,2,21966
2024-03-08,ATM_006,Urban,4,6566
2024-03-08,ATM_007,Rural,2,7014
2024-03-08,ATM_008,Suburban,5,12724
2024-03-08,ATM_009,Rural,4,17268
2024-03-08,ATM_010,Rural,3,13062
2024-03-09,ATM_001,Rural,5,17770
2024-03-09,ATM_002,Urban,1,16306
2024-03-09,ATM_003,Rural,4,18029
2024-03-09,ATM_004,Rural,2,13112
2024-03-09,ATM_005,Urban,9,18695
2024-03-09,ATM_006,Urban,1,26349
2024-03-09,ATM_007,Rural,1,10374
2024-03-09,ATM_008,Suburban,2,6692
2024-03-09,ATM_009,Rural,1,5335
2024-03-09,ATM_010,Rural,4,11154
2024-03-10,ATM_001,Rural,7,7152
2024-03-10,ATM_002,Urban,6,26900
2024-03-10,ATM_003,Rural,2,13197
2024-03-10,ATM_004,Rural,3,17233
2024-03-10,ATM_005,Urban,1,16702
2024-03-10,ATM_006,Urban,2,8759
2024-03-10,ATM_007,Rural,5,16419
2024-03-10,ATM_008,Suburban,7,10001
2024-03-10,ATM_009,Rural,1,7341
2024-03-10,ATM_010,Rural,5,6746
2024-03-11,ATM_001,Rural,9,16551
2024-03-11,ATM_002,Urban,3,10407
2024-03-11,ATM_003,Rural,3,9588
2024-03-11,ATM_004,Rural,2,8319
2024-03-11,ATM_005,Urban,8,20199
2024-03-11,ATM_006,Urban,3,17096
2024-03-11,ATM_007,Rural,3,13555
2024-03-11,ATM_008,Suburban,7,12558
2024-03-11,ATM_009,Rural,4,17821
2024-03-11,ATM_010,Rural,2,14769
2024-03-12,ATM_001,Rural,9,11879
2024-03-12,ATM_002,Urban,4,9220
2024-03-12,ATM_003,Rural,4,2463
2024-03-12,ATM_004,Rural,7,7665
2024-03-12,ATM_005,Urban,5,22490
2024-03-12,ATM_006,Urban,7,12594
2024-03-12,ATM_007,Rural,6,20167
2024-03-12,ATM_008,Suburban,2,20979
2024-03-12,ATM_009,Rural,7,14307
2024-03-12,ATM_010,Rural,9,7218
2024-03-13,ATM_001,Rural,1,6370
2024-03-13,ATM_002,Urban,9,7365
2024-03-13,ATM_003,Rural,3,5465
2024-03-13,ATM_004,Rural,3,5717
2024-03-13,ATM_005,Urban,8,14167
2024-03-13,ATM_006,Urban,4,24191
2024-03-13,ATM_007,Rural,8,7699
2024-03-13,ATM_008,Suburban,8,5880
2024-03-13,ATM_009,Rural,2,972
2024-03-13,ATM_010,Rural,1,16543
2024-03-14,ATM_001,Rural,8,7498
2024-03-14,ATM_002,Urban,5,17988
2024-03-14,ATM_003,Rural,4,15978
2024-03-14,ATM_004,Rural,1,13509
2024-03-14,ATM_005,Urban,1,10461
2024-03-14,ATM_006,Urban,1,6961
2024-03-14,ATM_007,Rural,9,3680
2024-03-14,ATM_008,Suburban,4,21590
2024-03-14,ATM_009,Rural,1,3538
2024-03-14,ATM_010,Rural,4,16487
2024-03-15,ATM_001,Rural,2,4905
2024-03-15,ATM_002,Urban,3,18371
2024-03-15,ATM_003,Rural,9,2498
2024-03-15,ATM_004,Rural,4,8450
2024-03-15,ATM_005,Urban,5,7359
2024-03-15,ATM_006,Urban,7,8660
2024-03-15,ATM_007,Rural,3,15160
2024-03-15,ATM_008,Suburban,5,10287
2024-03-15,ATM_009,Rural,5,1032
2024-03-15,ATM_010,Rural,5,7097
2024-03-16,ATM_001,Rural,2,11649
2024-03-16,ATM_002,Urban,7,16356
2024-03-16,ATM_003,Rural,6,13750
2024-03-16,ATM_004,Rural,4,16997
2024-03-16,ATM_005,Urban,1,22716
2024-03-16,ATM_006,Urban,2,16110
2024-03-16,ATM_007,Rural,8,9251
2024-03-16,ATM_008,Suburban,5,4397
2024-03-16,ATM_009,Rural,6,7105
2024-03-16,ATM_010,Rural,5,4951
2024-03-17,ATM_001,Rural,8,10045
2024-03-17,ATM_002,Urban,6,11006
2024-03-17,ATM_003,Rural,3,15160
2024-03-17,ATM_004,Rural,6,20418
2024-03-17,ATM_005,Urban,2,25224
2024-03-17,ATM_006,Urban,7,13753
2024-03-17,ATM_007,Rural,5,16280
2024-03-17,ATM_008,Suburban,8,22415
2024-03-17,ATM_009,Rural,1,19977
2024-03-17,ATM_010,Rural,9,5502
2024-03-18,ATM_001,Rural,1,5168
2024-03-18,ATM_002,Urban,9,8629
2024-03-18,ATM_003,Rural,7,3479
2024-03-18,ATM_004,Rural,5,8688
2024-03-18,ATM_005,Urban,3,4346
2024-03-18,ATM_006,Urban,7,12936
2024-03-18,ATM_007,Rural,2,18046
2024-03-18,ATM_008,Suburban,7,17228
2024-03-18,ATM_009,Rural,7,10160
2024-03-18,ATM_010,Rural,6,10690
2024-03-19,ATM_001,Rural,4,12548
2024-03-19,ATM_002,Urban,1,6320
2024-03-19,ATM_003,Rural,8,6159
2024-03-19,ATM_004,Rural,2,10827
2024-03-19,ATM_005,Urban,1,11105
2024-03-19,ATM_006,Urban,1,14612
2024-03-19,ATM_007,Rural,7,11387
2024-03-19,ATM_008,Suburban,2,13547
2024-03-19,ATM_009,Rural,2,5440
2024-03-19,ATM_010,Rural,5,10369
2024-03-20,ATM_001,Rural,6,3753
2024-03-20,ATM_002,Urban,6,16909
2024-03-20,ATM_003,Rural,1,17191
2024-03-20,ATM_004,Rural,1,15048
2024-03-20,ATM_005,Urban,6,17453
2024-03-20,ATM_006,Urban,3,16280
2024-03-20,ATM_007,Rural,7,3184
2024-03-20,ATM_008,Suburban,5,5700
2024-03-20,ATM_009,Rural,3,2376
2024-03-20,ATM_010,Rural,4,5053
2024-03-21,ATM_001,Rural,3,4403
2024-03-21,ATM_002,Urban,8,20601
2024-03-21,ATM_003,Rural,1,8407
2024-03-21,ATM_004,Rural,6,6384
2024-03-21,ATM_005,Urban,2,4931
2024-03-21,ATM_006,Urban,1,7344
2024-03-21,ATM_007,Rural,2,17153
2024-03-21,ATM_008,Suburban,1,8382
2024-03-21,ATM_009,Rural,6,17610
2024-03-21,ATM_010,Rural,3,9996
2024-03-22,ATM_001,Rural,4,2412
2024-03-22,ATM_002,Urban,8,14921
2024-03-22,ATM_003,Rural,6,2407
2024-03-22,ATM_004,Rural,7,18605
2024-03-22,ATM_005,Urban,2,11266
2024-03-22,ATM_006,Urban,1,24557
2024-03-22,ATM_007,Rural,5,4860
2024-03-22,ATM_008,Suburban,6,17469
2024-03-22,ATM_009,Rural,5,4139
2024-03-22,ATM_010,Rural,3,11347
2024-03-23,ATM_001,Rural,5,10355
2024-03-23,ATM_002,Urban,4,13607
2024-03-23,ATM_003,Rural,5,6130
2024-03-23,ATM_004,Rural,8,22266
2024-03-23,ATM_005,Urban,2,16552
2024-03-23,ATM_006,Urban,4,12059
2024-03-23,ATM_007,Rural,7,12802
2024-03-23,ATM_008,Suburban,8,20322
2024-03-23,ATM_009,Rural,4,6278
2024-03-23,ATM_010,Rural,5,17824
2024-03-24,ATM_001,Rural,2,16171
2024-03-24,ATM_002,Urban,5,17064
2024-03-24,ATM_003,Rural,2,8039
2024-03-24,ATM_004,Rural,2,8928
2024-03-24,ATM_005,Urban,1,23973
2024-03-24,ATM_006,Urban,2,20323
2024-03-24,ATM_007,Rural,3,20420
2024-03-24,ATM_008,Suburban,8,11268
2024-03-24,ATM_009,Rural,6,7123
2024-03-24,ATM_010,Rural,7,21341
2024-03-25,ATM_001,Rural,6,13896
2024-03-25,ATM_002,Urban,7,4717
2024-03-25,ATM_003,Rural,6,6643
2024-03-25,ATM_004,Rural,1,17242
2024-03-25,ATM_005,Urban,4,21246
2024-03-25,ATM_006,Urban,6,13230
2024-03-25,ATM_007,Rural,9,7019
2024-03-25,ATM_008,Suburban,6,10903
2024-03-25,ATM_009,Rural,8,7057
2024-03-25,ATM_010,Rural,3,11829
2024-03-26,ATM_001,Rural,7,16971
2024-03-26,ATM_002,Urban,4,11081
2024-03-26,ATM_003,Rural,3,10950
2024-03-26,ATM_004,Rural,5,17121
2024-03-26,ATM_005,Urban,7,13682
2024-03-26,ATM_006,Urban,5,9909
2024-03-26,ATM_007,Rural,6,8178
2024-03-26,ATM_008,Suburban,4,5933
2024-03-26,ATM_009,Rural,5,15672
2024-03-26,ATM_010,Rural,8,12598
2024-03-27,ATM_001,Rural,5,16507
2024-03-27,ATM_002,Urban,9,5728
2024-03-27,ATM_003,Rural,3,10675
2024-03-27,ATM_004,Rural,7,16002
2024-03-27,ATM_005,Urban,3,15025
2024-03-27,ATM_006,Urban,1,21595
2024-03-27,ATM_007,Rural,9,3839
2024-03-27,ATM_008,Suburban,8,14002
2024-03-27,ATM_009,Rural,8,2946
2024-03-27,ATM_010,Rural,1,6923
2024-03-28,ATM_001,Rural,3,16296
2024-03-28,ATM_002,Urban,4,11572
2024-03-28,ATM_003,Rural,2,7104
2024-03-28,ATM_004,Rural,7,16094
2024-03-28,ATM_005,Urban,9,11715
2024-03-28,ATM_006,Urban,8,24267
2024-03-28,ATM_007,Rural,7,7289
2024-03-28,ATM_008,Suburban,9,6069
2024-03-28,ATM_009,Rural,1,16118
2024-03-28,ATM_010,Rural,1,5486
2024-03-29,ATM_001,Rural,4,7302
2024-03-29,ATM_002,Urban,9,6651
2024-03-29,ATM_003,Rural,3,6582
2024-03-29,ATM_004,Rural,4,5469
2024-03-29,ATM_005,Urban,2,16143
2024-03-29,ATM_006,Urban,6,10236
2024-03-29,ATM_007,Rural,9,2658
2024-03-29,ATM_008,Suburban,6,8427
2024-03-29,ATM_009,Rural,1,15096
2024-03-29,ATM_010,Rural,9,3281
2024-03-30,ATM_001,Rural,3,20376
2024-03-30,ATM_002,Urban,4,15939
2024-03-30,ATM_003,Rural,6,6710
2024-03-30,ATM_004,Rural,5,13723
2024-03-30,ATM_005,Urban,8,12575
2024-03-30,ATM_006,Urban,2,13949
2024-03-30,ATM_007,Rural,6,18121
2024-03-30,ATM_008,Suburban,9,18138
2024-03-30,ATM_009,Rural,5,18306
2024-03-30,ATM_010,Rural,7,5873
2024-03-31,ATM_001,Rural,5,6843
2024-03-31,ATM_002,Urban,7,13135
2024-03-31,ATM_003,Rural,7,17637
2024-03-31,ATM_004,Rural,8,13843
2024-03-31,ATM_005,Urban,8,23282
2024-03-31,ATM_006,Urban,7,22489
2024-03-31,ATM_007,Rural,7,7902
2024-03-31,ATM_008,Suburban,6,22614
2024-03-31,ATM_009,Rural,8,19607
2024-03-31,ATM_010,Rural,9,12405
2024-04-01,ATM_001,Rural,1,16028
2024-04-01,ATM_002,Urban,1,23142
2024-04-01,ATM_003,Rural,5,19533
2024-04-01,ATM_004,Rural,9,15527
2024-04-01,ATM_005,Urban,3,19359
2024-04-01,ATM_006,Urban,2,10970
2024-04-01,ATM_007,Rural,4,17112
2024-04-01,ATM_008,Suburban,9,4769
2024-04-01,ATM_009,Rural,9,4180
2024-04-01,ATM_010,Rural,9,20354
2024-04-02,ATM_001,Rural,2,2998
2024-04-02,ATM_002,Urban,9,12643
2024-04-02,ATM_003,Rural,5,14105
2024-04-02,ATM_004,Rural,5,11538
2024-04-02,ATM_005,Urban,9,23173
2024-04-02,ATM_006,Urban,6,23446
2024-04-02,ATM_007,Rural,7,6248
2024-04-02,ATM_008,Suburban,6,20920
2024-04-02,ATM_009,Rural,1,17243
2024-04-02,ATM_010,Rural,4,13135
2024-04-03,ATM_001,Rural,1,16106
2024-04-03,ATM_002,Urban,8,16786
2024-04-03,ATM_003,Rural,2,16904
2024-04-03,ATM_004,Rural,1,863
2024-04-03,ATM_005,Urban,2,18479
2024-04-03,ATM_006,Urban,5,19563
2024-04-03,ATM_007,Rural,7,9200
2024-04-03,ATM_008,Suburban,4,12268
2024-04-03,ATM_009,Rural,2,18095
2024-04-03,ATM_010,Rural,2,10518
2024-04-04,ATM_001,Rural,1,1859
2024-04-04,ATM_002,Urban,9,13709
2024-04-04,ATM_003,Rural,5,16828
2024-04-04,ATM_004,Rural,6,6887
2024-04-04,ATM_005,Urban,7,20968
2024-04-04,ATM_006,Urban,8,16708
2024-04-04,ATM_007,Rural,2,11281
2024-04-04,ATM_008,Suburban,9,14444
2024-04-04,ATM_009,Rural,8,3973
2024-04-04,ATM_010,Rural,6,12748
2024-04-05,ATM_001,Rural,4,7680
2024-04-05,ATM_002,Urban,9,18238
2024-04-05,ATM_003,Rural,5,16994
2024-04-05,ATM_004,Rural,2,16929
2024-04-05,ATM_005,Urban,6,17114
2024-04-05,ATM_006,Urban,4,5532
2024-04-05,ATM_007,Rural,1,1556
2024-04-05,ATM_008,Suburban,3,19447
2024-04-05,ATM_009,Rural,5,10922
2024-04-05,ATM_010,Rural,6,6181
2024-04-06,ATM_001,Rural,6,21433
2024-04-06,ATM_002,Urban,7,22796
2024-04-06,ATM_003,Rural,9,6224
2024-04-06,ATM_004,Rural,2,16431
2024-04-06,ATM_005,Urban,6,21497
2024-04-06,ATM_006,Urban,2,18918
2024-04-06,ATM_007,Rural,4,5583
2024-04-06,ATM_008,Suburban,2,8784
2024-04-06,ATM_009,Rural,2,13438
2024-04-06,ATM_010,Rural,2,16547
2024-04-07,ATM_001,Rural,7,3561
2024-04-07,ATM_002,Urban,5,7131
2024-04-07,ATM_003,Rural,7,13202
2024-04-07,ATM_004,Rural,2,14157
2024-04-07,ATM_005,Urban,6,26142
2024-04-07,ATM_006,Urban,5,24708
2024-04-07,ATM_007,Rural,7,23298
2024-04-07,ATM_008,Suburban,2,17002
2024-04-07,ATM_009,Rural,6,15477
2024-04-07,ATM_010,Rural,3,21715
2024-04-08,ATM_001,Rural,4,9586
2024-04-08,ATM_002,Urban,7,16671
2024-04-08,ATM_003,Rural,7,4150
2024-04-08,ATM_004,Rural,5,13855
2024-04-08,ATM_005,Urban,4,11446
2024-04-08,ATM_006,Urban,4,20683
2024-04-08,ATM_007,Rural,7,5875
2024-04-08,ATM_008,Suburban,6,20944
2024-04-08,ATM_009,Rural,5,19036
2024-04-08,ATM_010,Rural,8,10904
2024-04-09,ATM_001,Rural,7,8421
2024-04-09,ATM_002,Urban,3,6619
2024-04-09,ATM_003,Rural,4,19502
2024-04-09,ATM_004,Rural,6,4571
2024-04-09,ATM_005,Urban,9,15771
2024-04-09,ATM_006,Urban,3,5445
2024-04-09,ATM_007,Rural,7,9685
2024-04-09,ATM_008,Suburban,4,15803
2024-04-09,ATM_009,Rural,6,1482
2024-04-09,ATM_010,Rural,6,7976
2024-04-10,ATM_001,Rural,9,6990
2024-04-10,ATM_002,Urban,8,6261
2024-04-10,ATM_003,Rural,9,9893
2024-04-10,ATM_004,Rural,8,7212
2024-04-10,ATM_005,Urban,5,20291
2024-04-10,ATM_006,Urban,4,15417
2024-04-10,ATM_007,Rural,8,1815
2024-04-10,ATM_008,Suburban,8,16236
2024-04-10,ATM_009,Rural,2,19259
2024-04-10,ATM_010,Rural,9,17982
2024-04-11,ATM_001,Rural,7,13896
2024-04-11,ATM_002,Urban,3,10668
2024-04-11,ATM_003,Rural,4,16860
2024-04-11,ATM_004,Rural,8,18981
2024-04-11,ATM_005,Urban,6,16628
2024-04-11,ATM_006,Urban,8,17616
2024-04-11,ATM_007,Rural,8,19200
2024-04-11,ATM_008,Suburban,7,6309
2024-04-11,ATM_009,Rural,6,10579
2024-04-11,ATM_010,Rural,4,8853
2024-04-12,ATM_001,Rural,4,7053
2024-04-12,ATM_002,Urban,6,20979
2024-04-12,ATM_003,Rural,5,12800
2024-04-12,ATM_004,Rural,8,10667
2024-04-12,ATM_005,Urban,4,19318
2024-04-12,ATM_006,Urban,9,9045
2024-04-12,ATM_007,Rural,5,12209
2024-04-12,ATM_008,Suburban,4,4271
2024-04-12,ATM_009,Rural,1,10127
2024-04-12,ATM_010,Rural,8,2900
2024-04-13,ATM_001,Rural,8,12568
2024-04-13,ATM_002,Urban,1,19193
2024-04-13,ATM_003,Rural,3,18236
2024-04-13,ATM_004,Rural,4,13231
2024-04-13,ATM_005,Urban,8,24487
2024-04-13,ATM_006,Urban,6,15501
2024-04-13,ATM_007,Rural,8,5499
2024-04-13,ATM_008,Suburban,6,10166
2024-04-13,ATM_009,Rural,2,15483
2024-04-13,ATM_010,Rural,8,16590
2024-04-14,ATM_001,Rural,5,13604
2024-04-14,ATM_002,Urban,7,9906
2024-04-14,ATM_003,Rural,1,11067
2024-04-14,ATM_004,Rural,3,17070
2024-04-14,ATM_005,Urban,9,18521
2024-04-14,ATM_006,Urban,4,17030
2024-04-14,ATM_007,Rural,3,17207
2024-04-14,ATM_008,Suburban,2,7326
2024-04-14,ATM_009,Rural,8,16305
2024-04-14,ATM_010,Rural,6,15883
2024-04-15,ATM_001,Rural,6,18951
2024-04-15,ATM_002,Urban,1,21312
2024-04-15,ATM_003,Rural,9,7021
2024-04-15,ATM_004,Rural,9,9275
2024-04-15,ATM_005,Urban,3,18392
2024-04-15,ATM_006,Urban,2,10944
2024-04-15,ATM_007,Rural,3,13013
2024-04-15,ATM_008,Suburban,9,8498
2024-04-15,ATM_009,Rural,3,16967
2024-04-15,ATM_010,Rural,8,12227
2024-04-16,ATM_001,Rural,8,18522
2024-04-16,ATM_002,Urban,1,21298
2024-04-16,ATM_003,Rural,1,11229
2024-04-16,ATM_004,Rural,8,4474
2024-04-16,ATM_005,Urban,1,11538
2024-04-16,ATM_006,Urban,1,16984
2024-04-16,ATM_007,Rural,7,5961
2024-04-16,ATM_008,Suburban,1,21383
2024-04-16,ATM_009,Rural,8,7604
2024-04-16,ATM_010,Rural,4,20059
2024-04-17,ATM_001,Rural,5,5492
2024-04-17,ATM_002,Urban,4,12882
2024-04-17,ATM_003,Rural,4,13981
2024-04-17,ATM_004,Rural,1,4858
2024-04-17,ATM_005,Urban,1,16533
2024-04-17,ATM_006,Urban,6,5020
2024-04-17,ATM_007,Rural,2,13262
2024-04-17,ATM_008,Suburban,5,15211
2024-04-17,ATM_009,Rural,7,11047
2024-04-17,ATM_010,Rural,6,9791
2024-04-18,ATM_001,Rural,5,19277
2024-04-18,ATM_002,Urban,3,20066
2024-04-18,ATM_003,Rural,3,7359
2024-04-18,ATM_004,Rural,2,14240
2024-04-18,ATM_005,Urban,5,15717
2024-04-18,ATM_006,Urban,3,5614
2024-04-18,ATM_007,Rural,7,13866
2024-04-18,ATM_008,Suburban,1,12271
2024-04-18,ATM_009,Rural,5,9195
2024-04-18,ATM_010,Rural,6,3428
2024-04-19,ATM_001,Rural,8,15300
2024-04-19,ATM_002,Urban,6,17087
2024-04-19,ATM_003,Rural,2,10447
2024-04-19,ATM_004,Rural,1,19125
2024-04-19,ATM_005,Urban,5,15233
2024-04-19,ATM_006,Urban,6,13268
2024-04-19,ATM_007,Rural,6,17655
2024-04-19,ATM_008,Suburban,4,21857
2024-04-19,ATM_009,Rural,6,4935
2024-04-19,ATM_010,Rural,6,17752
2024-04-20,ATM_001,Rural,3,3561
2024-04-20,ATM_002,Urban,3,26855
2024-04-20,ATM_003,Rural,2,16006
2024-04-20,ATM_004,Rural,1,16164
2024-04-20,ATM_005,Urban,8,13047
2024-04-20,ATM_006,Urban,5,22550
2024-04-20,ATM_007,Rural,1,13095
2024-04-20,ATM_008,Suburban,6,23094
2024-04-20,ATM_009,Rural,7,14893
2024-04-20,ATM_010,Rural,7,4707
2024-04-21,ATM_001,Rural,8,8766
2024-04-21,ATM_002,Urban,8,15685
2024-04-21,ATM_003,Rural,5,6701
2024-04-21,ATM_004,Rural,9,15898
2024-04-21,ATM_005,Urban,5,23520
2024-04-21,ATM_006,Urban,2,8894
2024-04-21,ATM_007,Rural,9,6535
2024-04-21,ATM_008,Suburban,9,15958
2024-04-21,ATM_009,Rural,3,11538
2024-04-21,ATM_010,Rural,6,13099
2024-04-22,ATM_001,Rural,2,3902
2024-04-22,ATM_002,Urban,3,12200
2024-04-22,ATM_003,Rural,5,1653
2024-04-22,ATM_004,Rural,7,19238
2024-04-22,ATM_005,Urban,8,11560
2024-04-22,ATM_006,Urban,9,18678
2024-04-22,ATM_007,Rural,9,6676
2024-04-22,ATM_008,Suburban,6,12347
2024-04-22,ATM_009,Rural,9,2559
2024-04-22,ATM_010,Rural,3,13962
2024-04-23,ATM_001,Rural,3,7945
2024-04-23,ATM_002,Urban,6,20988
2024-04-23,ATM_003,Rural,4,6727
2024-04-23,ATM_004,Rural,8,15027
2024-04-23,ATM_005,Urban,1,19772
2024-04-23,ATM_006,Urban,6,23631
2024-04-23,ATM_007,Rural,5,8293
2024-04-23,ATM_008,Suburban,9,20740
2024-04-23,ATM_009,Rural,9,16183
2024-04-23,ATM_010,Rural,9,2093
2024-04-24,ATM_001,Rural,2,858
2024-04-24,ATM_002,Urban,4,20355
2024-04-24,ATM_003,Rural,5,14110
2024-04-24,ATM_004,Rural,1,3530
2024-04-24,ATM_005,Urban,7,13140
2024-04-24,ATM_006,Urban,5,14532
2024-04-24,ATM_007,Rural,5,17002
2024-04-24,ATM_008,Suburban,7,6813
2024-04-24,ATM_009,Rural,3,12199
2024-04-24,ATM_010,Rural,1,8776
2024-04-25,ATM_001,Rural,5,3953
2024-04-25,ATM_002,Urban,6,18132
2024-04-25,ATM_003,Rural,9,13128
2024-04-25,ATM_004,Rural,1,3961
2024-04-25,ATM_005,Urban,3,23456
2024-04-25,ATM_006,Urban,8,6345
2024-04-25,ATM_007,Rural,6,8457
2024-04-25,ATM_008,Suburban,4,12685
2024-04-25,ATM_009,Rural,6,5983
2024-04-25,ATM_010,Rural,3,2558
2024-04-26,ATM_001,Rural,2,10407
2024-04-26,ATM_002,Urban,9,10620
2024-04-26,ATM_003,Rural,4,14505
2024-04-26,ATM_004,Rural,6,10292
2024-04-26,ATM_005,Urban,9,17727
2024-04-26,ATM_006,Urban,9,16611
2024-04-26,ATM_007,Rural,5,10913
2024-04-26,ATM_008,Suburban,5,14654
2024-04-26,ATM_009,Rural,3,11924
2024-04-26,ATM_010,Rural,6,6153
2024-04-27,ATM_001,Rural,5,5228
2024-04-27,ATM_002,Urban,4,9223
2024-04-27,ATM_003,Rural,2,18828
2024-04-27,ATM_004,Rural,5,18900
2024-04-27,ATM_005,Urban,1,23478
2024-04-27,ATM_006,Urban,5,22883
2024-04-27,ATM_007,Rural,1,6698
2024-04-27,ATM_008,Suburban,8,24095
2024-04-27,ATM_009,Rural,1,21650
2024-04-27,ATM_010,Rural,5,4192
2024-04-28,ATM_001,Rural,8,17967
2024-04-28,ATM_002,Urban,7,22369
2024-04-28,ATM_003,Rural,9,4237
2024-04-28,ATM_004,Rural,4,10466
2024-04-28,ATM_005,Urban,5,23171
2024-04-28,ATM_006,Urban,8,9607
2024-04-28,ATM_007,Rural,8,16092
2024-04-28,ATM_008,Suburban,4,7543
2024-04-28,ATM_009,Rural,2,15655
2024-04-28,ATM_010,Rural,8,20068
2024-04-29,ATM_001,Rural,3,19269
2024-04-29,ATM_002,Urban,3,20892
2024-04-29,ATM_003,Rural,6,12235
2024-04-29,ATM_004,Rural,7,14633
2024-04-29,ATM_005,Urban,4,15673
2024-04-29,ATM_006,Urban,8,9374
2024-04-29,ATM_007,Rural,8,7751
2024-04-29,ATM_008,Suburban,4,17574
2024-04-29,ATM_009,Rural,6,13064
2024-04-29,ATM_010,Rural,1,12406
2024-04-30,ATM_001,Rural,1,1871
2024-04-30,ATM_002,Urban,3,18953
2024-04-30,ATM_003,Rural,1,19942
2024-04-30,ATM_004,Rural,3,13661
2024-04-30,ATM_005,Urban,4,8712
2024-04-30,ATM_006,Urban,7,19799
2024-04-30,ATM_007,Rural,7,5004
2024-04-30,ATM_008,Suburban,9,5416
2024-04-30,ATM_009,Rural,7,1906
2024-04-30,ATM_010,Rural,2,16824
2024-05-01,ATM_001,Rural,7,10645
2024-05-01,ATM_002,Urban,8,17136
2024-05-01,ATM_003,Rural,2,3698
2024-05-01,ATM_004,Rural,6,19244
2024-05-01,ATM_005,Urban,8,10374
2024-05-01,ATM_006,Urban,7,22805
2024-05-01,ATM_007,Rural,4,7819
2024-05-01,ATM_008,Suburban,9,14649
2024-05-01,ATM_009,Rural,1,10313
2024-05-01,ATM_010,Rural,3,10265
2024-05-02,ATM_001,Rural,5,11746
2024-05-02,ATM_002,Urban,6,22999
2024-05-02,ATM_003,Rural,6,4287
2024-05-02,ATM_004,Rural,4,11888
2024-05-02,ATM_005,Urban,6,6446
2024-05-02,ATM_006,Urban,1,11107
2024-05-02,ATM_007,Rural,2,18599
2024-05-02,ATM_008,Suburban,2,12460
2024-05-02,ATM_009,Rural,3,1607
2024-05-02,ATM_010,Rural,9,1159
2024-05-03,ATM_001,Rural,8,1037
2024-05-03,ATM_002,Urban,7,5805
2024-05-03,ATM_003,Rural,1,5713
2024-05-03,ATM_004,Rural,5,16249
2024-05-03,ATM_005,Urban,1,5674
2024-05-03,ATM_006,Urban,9,23416
2024-05-03,ATM_007,Rural,6,7451
2024-05-03,ATM_008,Suburban,2,3318
2024-05-03,ATM_009,Rural,3,15942
2024-05-03,ATM_010,Rural,7,17896
2024-05-04,ATM_001,Rural,1,22500
2024-05-04,ATM_002,Urban,4,20035
2024-05-04,ATM_003,Rural,7,13144
2024-05-04,ATM_004,Rural,9,20885
2024-05-04,ATM_005,Urban,6,14064
2024-05-04,ATM_006,Urban,6,22522
2024-05-04,ATM_007,Rural,5,20246
2024-05-04,ATM_008,Suburban,8,23439
2024-05-04,ATM_009,Rural,3,9654
2024-05-04,ATM_010,Rural,4,12686
2024-05-05,ATM_001,Rural,2,9626
2024-05-05,ATM_002,Urban,8,8762
2024-05-05,ATM_003,Rural,1,14464
2024-05-05,ATM_004,Rural,1,9714
2024-05-05,ATM_005,Urban,1,11205
2024-05-05,ATM_006,Urban,8,16648
2024-05-05,ATM_007,Rural,2,21755
2024-05-05,ATM_008,Suburban,2,16927
2024-05-05,ATM_009,Rural,9,12516
2024-05-05,ATM_010,Rural,2,12354
2024-05-06,ATM_001,Rural,6,15983
2024-05-06,ATM_002,Urban,2,17018
2024-05-06,ATM_003,Rural,8,16859
2024-05-06,ATM_004,Rural,2,14988
2024-05-06,ATM_005,Urban,6,15598
2024-05-06,ATM_006,Urban,4,18825
2024-05-06,ATM_007,Rural,8,1965
2024-05-06,ATM_008,Suburban,3,16302
2024-05-06,ATM_009,Rural,2,14473
2024-05-06,ATM_010,Rural,7,17013
2024-05-07,ATM_001,Rural,9,7674
2024-05-07,ATM_002,Urban,7,12919
2024-05-07,ATM_003,Rural,5,4577
2024-05-07,ATM_004,Rural,9,20277
2024-05-07,ATM_005,Urban,1,5749
2024-05-07,ATM_006,Urban,4,17942
2024-05-07,ATM_007,Rural,4,6290
2024-05-07,ATM_008,Suburban,5,16423
2024-05-07,ATM_009,Rural,4,17591
2024-05-07,ATM_010,Rural,8,12145
2024-05-08,ATM_001,Rural,9,10855
2024-05-08,ATM_002,Urban,2,13470
2024-05-08,ATM_003,Rural,9,4812
2024-05-08,ATM_004,Rural,4,13846
2024-05-08,ATM_005,Urban,3,14260
2024-05-08,ATM_006,Urban,8,16465
2024-05-08,ATM_007,Rural,7,13072
2024-05-08,ATM_008,Suburban,9,18382
2024-05-08,ATM_009,Rural,5,19106
2024-05-08,ATM_010,Rural,6,3846
2024-05-09,ATM_001,Rural,8,13348
2024-05-09,ATM_002,Urban,3,10489
2024-05-09,ATM_003,Rural,1,7860
2024-05-09,ATM_004,Rural,2,16040
2024-05-09,ATM_005,Urban,5,12068
2024-05-09,ATM_006,Urban,4,3709
2024-05-09,ATM_007,Rural,2,10110
2024-05-09,ATM_008,Suburban,2,11196
2024-05-09,ATM_009,Rural,5,14759
2024-05-09,ATM_010,Rural,2,8635
2024-05-10,ATM_001,Rural,4,2760
2024-05-10,ATM_002,Urban,6,6566
2024-05-10,ATM_003,Rural,7,7818
2024-05-10,ATM_004,Rural,4,1673
2024-05-10,ATM_005,Urban,2,10411
2024-05-10,ATM_006,Urban,7,18450
2024-05-10,ATM_007,Rural,5,3450
2024-05-10,ATM_008,Suburban,2,5228
2024-05-10,ATM_009,Rural,6,17820
2024-05-10,ATM_010,Rural,1,6297
2024-05-11,ATM_001,Rural,5,19798
2024-05-11,ATM_002,Urban,7,6722
2024-05-11,ATM_003,Rural,3,4512
2024-05-11,ATM_004,Rural,2,11325
2024-05-11,ATM_005,Urban,4,18765
2024-05-11,ATM_006,Urban,2,18688
2024-05-11,ATM_007,Rural,6,21120
2024-05-11,ATM_008,Suburban,4,13552
2024-05-11,ATM_009,Rural,5,8309
2024-05-11,ATM_010,Rural,5,22217
2024-05-12,ATM_001,Rural,5,13911
2024-05-12,ATM_002,Urban,2,9021
2024-05-12,ATM_003,Rural,2,9820
2024-05-12,ATM_004,Rural,9,8176
2024-05-12,ATM_005,Urban,5,20392
2024-05-12,ATM_006,Urban,8,17151
2024-05-12,ATM_007,Rural,3,20562
2024-05-12,ATM_008,Suburban,8,16507
2024-05-12,ATM_009,Rural,2,13709
2024-05-12,ATM_010,Rural,5,22176
2024-05-13,ATM_001,Rural,7,11513
2024-05-13,ATM_002,Urban,2,14233
2024-05-13,ATM_003,Rural,7,14495
2024-05-13,ATM_004,Rural,8,13085
2024-05-13,ATM_005,Urban,3,17797
2024-05-13,ATM_006,Urban,3,22183
2024-05-13,ATM_007,Rural,8,4053
2024-05-13,ATM_008,Suburban,4,17625
2024-05-13,ATM_009,Rural,9,7021
2024-05-13,ATM_010,Rural,8,12579
2024-05-14,ATM_001,Rural,9,16040
2024-05-14,ATM_002,Urban,2,7869
2024-05-14,ATM_003,Rural,3,2713
2024-05-14,ATM_004,Rural,1,17125
2024-05-14,ATM_005,Urban,3,11485
2024-05-14,ATM_006,Urban,9,13642
2024-05-14,ATM_007,Rural,5,5543
2024-05-14,ATM_008,Suburban,7,12342
2024-05-14,ATM_009,Rural,1,1871
2024-05-14,ATM_010,Rural,3,9199
2024-05-15,ATM_001,Rural,7,18284
2024-05-15,ATM_002,Urban,2,12904
2024-05-15,ATM_003,Rural,6,19926
2024-05-15,ATM_004,Rural,6,1477
2024-05-15,ATM_005,Urban,4,15050
2024-05-15,ATM_006,Urban,2,6416
2024-05-15,ATM_007,Rural,9,2509
2024-05-15,ATM_008,Suburban,4,13903
2024-05-15,ATM_009,Rural,6,1141
2024-05-15,ATM_010,Rural,9,3244
2024-05-16,ATM_001,Rural,4,18896
2024-05-16,ATM_002,Urban,9,7056
2024-05-16,ATM_003,Rural,5,17711
2024-05-16,ATM_004,Rural,5,5303
2024-05-16,ATM_005,Urban,5,21519
2024-05-16,ATM_006,Urban,9,22704
2024-05-16,ATM_007,Rural,2,16810
2024-05-16,ATM_008,Suburban,4,12038
2024-05-16,ATM_009,Rural,7,7623
2024-05-16,ATM_010,Rural,3,2611
2024-05-17,ATM_001,Rural,5,1452
2024-05-17,ATM_002,Urban,6,11587
2024-05-17,ATM_003,Rural,3,15118
2024-05-17,ATM_004,Rural,8,10538
2024-05-17,ATM_005,Urban,6,14520
2024-05-17,ATM_006,Urban,7,21052
2024-05-17,ATM_007,Rural,2,7242
2024-05-17,ATM_008,Suburban,6,18661
2024-05-17,ATM_009,Rural,3,19753
2024-05-17,ATM_010,Rural,7,19056
2024-05-18,ATM_001,Rural,8,13916
2024-05-18,ATM_002,Urban,4,12860
2024-05-18,ATM_003,Rural,2,21907
2024-05-18,ATM_004,Rural,1,17151
2024-05-18,ATM_005,Urban,7,23984
2024-05-18,ATM_006,Urban,7,10607
2024-05-18,ATM_007,Rural,6,20695
2024-05-18,ATM_008,Suburban,3,8143
2024-05-18,ATM_009,Rural,8,5480
2024-05-18,ATM_010,Rural,5,15154
2024-05-19,ATM_001,Rural,8,12647
2024-05-19,ATM_002,Urban,8,15910
2024-05-19,ATM_003,Rural,4,5595
2024-05-19,ATM_004,Rural,4,15742
2024-05-19,ATM_005,Urban,8,25574
2024-05-19,ATM_006,Urban,8,9520
2024-05-19,ATM_007,Rural,6,12032
2024-05-19,ATM_008,Suburban,8,17115
2024-05-19,ATM_009,Rural,5,20057
2024-05-19,ATM_010,Rural,6,20206
2024-05-20,ATM_001,Rural,4,7473
2024-05-20,ATM_002,Urban,3,18365
2024-05-20,ATM_003,Rural,5,16408
2024-05-20,ATM_004,Rural,8,14571
2024-05-20,ATM_005,Urban,7,18686
2024-05-20,ATM_006,Urban,1,6350
2024-05-20,ATM_007,Rural,4,7445
2024-05-20,ATM_008,Suburban,7,11298
2024-05-20,ATM_009,Rural,5,4920
2024-05-20,ATM_010,Rural,7,12213
2024-05-21,ATM_001,Rural,6,12149
2024-05-21,ATM_002,Urban,9,10230
2024-05-21,ATM_003,Rural,1,10687
2024-05-21,ATM_004,Rural,2,10668
2024-05-21,ATM_005,Urban,7,10117
2024-05-21,ATM_006,Urban,8,21294
2024-05-21,ATM_007,Rural,9,12379
2024-05-21,ATM_008,Suburban,2,8167
2024-05-21,ATM_009,Rural,6,6988
2024-05-21,ATM_010,Rural,5,1569
2024-05-22,ATM_001,Rural,4,6710
2024-05-22,ATM_002,Urban,1,7757
2024-05-22,ATM_003,Rural,6,18344
2024-05-22,ATM_004,Rural,2,17841
2024-05-22,ATM_005,Urban,6,19942
2024-05-22,ATM_006,Urban,4,16929
2024-05-22,ATM_007,Rural,9,12029
2024-05-22,ATM_008,Suburban,8,13499
2024-05-22,ATM_009,Rural,2,3873
2024-05-22,ATM_010,Rural,1,2444
2024-05-23,ATM_001,Rural,6,10759
2024-05-23,ATM_002,Urban,5,20900
2024-05-23,ATM_003,Rural,9,19760
2024-05-23,ATM_004,Rural,3,803
2024-05-23,ATM_005,Urban,6,21855
2024-05-23,ATM_006,Urban,8,13695
2024-05-23,ATM_007,Rural,2,2143
2024-05-23,ATM_008,Suburban,5,10252
2024-05-23,ATM_009,Rural,7,14560
2024-05-23,ATM_010,Rural,4,18498
2024-05-24,ATM_001,Rural,8,9822
2024-05-24,ATM_002,Urban,2,19806
2024-05-24,ATM_003,Rural,3,2884
2024-05-24,ATM_004,Rural,2,12249
2024-05-24,ATM_005,Urban,1,5116
2024-05-24,ATM_006,Urban,7,17426
2024-05-24,ATM_007,Rural,2,4880
2024-05-24,ATM_008,Suburban,6,8379
2024-05-24,ATM_009,Rural,8,7071
2024-05-24,ATM_010,Rural,7,1749
2024-05-25,ATM_001,Rural,2,18391
2024-05-25,ATM_002,Urban,2,10685
2024-05-25,ATM_003,Rural,3,20378
2024-05-25,ATM_004,Rural,3,7983
2024-05-25,ATM_005,Urban,2,19142
2024-05-25,ATM_006,Urban,9,17217
2024-05-25,ATM_007,Rural,1,8778
2024-05-25,ATM_008,Suburban,4,18222
2024-05-25,ATM_009,Rural,2,13570
2024-05-25,ATM_010,Rural,2,13005
2024-05-26,ATM_001,Rural,9,18302
2024-05-26,ATM_002,Urban,6,16826
2024-05-26,ATM_003,Rural,3,16507
2024-05-26,ATM_004,Rural,9,16382
2024-05-26,ATM_005,Urban,4,23085
2024-05-26,ATM_006,Urban,4,21476
2024-05-26,ATM_007,Rural,8,8679
2024-05-26,ATM_008,Suburban,3,6439
2024-05-26,ATM_009,Rural,1,16986
2024-05-26,ATM_010,Rural,1,13967
2024-05-27,ATM_001,Rural,7,13021
2024-05-27,ATM_002,Urban,3,11434
2024-05-27,ATM_003,Rural,3,17603
2024-05-27,ATM_004,Rural,1,16164
2024-05-27,ATM_005,Urban,7,7611
2024-05-27,ATM_006,Urban,8,14912
2024-05-27,ATM_007,Rural,3,10807
2024-05-27,ATM_008,Suburban,7,10548
2024-05-27,ATM_009,Rural,9,2183
2024-05-27,ATM_010,Rural,1,13846
2024-05-28,ATM_001,Rural,8,4263
2024-05-28,ATM_002,Urban,4,7940
2024-05-28,ATM_003,Rural,5,12512
2024-05-28,ATM_004,Rural,8,5849
2024-05-28,ATM_005,Urban,5,11931
2024-05-28,ATM_006,Urban,6,22320
2024-05-28,ATM_007,Rural,6,17728
2024-05-28,ATM_008,Suburban,5,14807
2024-05-28,ATM_009,Rural,8,11287
2024-05-28,ATM_010,Rural,3,19857
2024-05-29,ATM_001,Rural,7,16932
2024-05-29,ATM_002,Urban,1,23788
2024-05-29,ATM_003,Rural,4,5281
2024-05-29,ATM_004,Rural,1,11625
2024-05-29,ATM_005,Urban,4,20211
2024-05-29,ATM_006,Urban,7,9269
2024-05-29,ATM_007,Rural,2,12781
2024-05-29,ATM_008,Suburban,2,20625
2024-05-29,ATM_009,Rural,8,19912
2024-05-29,ATM_010,Rural,9,5687
2024-05-30,ATM_001,Rural,2,17709
2024-05-30,ATM_002,Urban,6,21787
2024-05-30,ATM_003,Rural,4,17814
2024-05-30,ATM_004,Rural,6,12320
2024-05-30,ATM_005,Urban,5,10629
2024-05-30,ATM_006,Urban,6,20229
2024-05-30,ATM_007,Rural,2,15877
2024-05-30,ATM_008,Suburban,5,9286
2024-05-30,ATM_009,Rural,5,4929
2024-05-30,ATM_010,Rural,6,10618
2024-05-31,ATM_001,Rural,9,6617
2024-05-31,ATM_002,Urban,7,6354
2024-05-31,ATM_003,Rural,9,1421
2024-05-31,ATM_004,Rural,9,3814
2024-05-31,ATM_005,Urban,1,11363
2024-05-31,ATM_006,Urban,7,9893
2024-05-31,ATM_007,Rural,7,6124
2024-05-31,ATM_008,Suburban,3,19077
2024-05-31,ATM_009,Rural,5,17999
2024-05-31,ATM_010,Rural,9,13841
2024-06-01,ATM_001,Rural,9,7274
2024-06-01,ATM_002,Urban,9,18815
2024-06-01,ATM_003,Rural,1,7681
2024-06-01,ATM_004,Rural,3,18422
2024-06-01,ATM_005,Urban,3,17631
2024-06-01,ATM_006,Urban,4,13146
2024-06-01,ATM_007,Rural,6,15559
2024-06-01,ATM_008,Suburban,3,9400
2024-06-01,ATM_009,Rural,2,21158
2024-06-01,ATM_010,Rural,8,16442
2024-06-02,ATM_001,Rural,6,14350
2024-06-02,ATM_002,Urban,3,12611
2024-06-02,ATM_003,Rural,6,19759
2024-06-02,ATM_004,Rural,2,11633
2024-06-02,ATM_005,Urban,6,17640
2024-06-02,ATM_006,Urban,2,13853
2024-06-02,ATM_007,Rural,6,17590
2024-06-02,ATM_008,Suburban,7,10840
2024-06-02,ATM_009,Rural,2,16873
2024-06-02,ATM_010,Rural,5,15922
2024-06-03,ATM_001,Rural,3,9602
2024-06-03,ATM_002,Urban,7,11790
2024-06-03,ATM_003,Rural,3,8721
2024-06-03,ATM_004,Rural,3,6767
2024-06-03,ATM_005,Urban,9,8786
2024-06-03,ATM_006,Urban,5,9644
2024-06-03,ATM_007,Rural,2,15963
2024-06-03,ATM_008,Suburban,9,13624
2024-06-03,ATM_009,Rural,9,2339
2024-06-03,ATM_010,Rural,6,7045
2024-06-04,ATM_001,Rural,7,14455
2024-06-04,ATM_002,Urban,9,22390
2024-06-04,ATM_003,Rural,1,9359
2024-06-04,ATM_004,Rural,6,1178
2024-06-04,ATM_005,Urban,5,18243
2024-06-04,ATM_006,Urban,8,19369
2024-06-04,ATM_007,Rural,3,19102
2024-06-04,ATM_008,Suburban,2,5557
2024-06-04,ATM_009,Rural,9,18197
2024-06-04,ATM_010,Rural,1,19561
2024-06-05,ATM_001,Rural,5,19450
2024-06-05,ATM_002,Urban,5,7486
2024-06-05,ATM_003,Rural,1,19196
2024-06-05,ATM_004,Rural,4,3093
2024-06-05,ATM_005,Urban,3,14657
2024-06-05,ATM_006,Urban,1,8219
2024-06-05,ATM_007,Rural,3,12770
2024-06-05,ATM_008,Suburban,4,7944
2024-06-05,ATM_009,Rural,5,19793
2024-06-05,ATM_010,Rural,8,19022
2024-06-06,ATM_001,Rural,7,2037
2024-06-06,ATM_002,Urban,8,14119
2024-06-06,ATM_003,Rural,2,4796
2024-06-06,ATM_004,Rural,2,15983
2024-06-06,ATM_005,Urban,5,21582
2024-06-06,ATM_006,Urban,3,7033
2024-06-06,ATM_007,Rural,5,8857
2024-06-06,ATM_008,Suburban,1,9293
2024-06-06,ATM_009,Rural,6,18395
2024-06-06,ATM_010,Rural,6,17913
2024-06-07,ATM_001,Rural,3,10581
2024-06-07,ATM_002,Urban,9,9329
2024-06-07,ATM_003,Rural,5,8146
2024-06-07,ATM_004,Rural,6,15459
2024-06-07,ATM_005,Urban,1,5497
2024-06-07,ATM_006,Urban,6,19653
2024-06-07,ATM_007,Rural,6,15776
2024-06-07,ATM_008,Suburban,3,4683
2024-06-07,ATM_009,Rural,6,6280
2024-06-07,ATM_010,Rural,9,19313
2024-06-08,ATM_001,Rural,3,13640
2024-06-08,ATM_002,Urban,8,23409
2024-06-08,ATM_003,Rural,3,16334
2024-06-08,ATM_004,Rural,7,18932
2024-06-08,ATM_005,Urban,3,20542
2024-06-08,ATM_006,Urban,3,21058
2024-06-08,ATM_007,Rural,5,14966
2024-06-08,ATM_008,Suburban,2,22072
2024-06-08,ATM_009,Rural,5,19070
2024-06-08,ATM_010,Rural,8,3142
2024-06-09,ATM_001,Rural,7,9619
2024-06-09,ATM_002,Urban,9,17799
2024-06-09,ATM_003,Rural,7,3409
2024-06-09,ATM_004,Rural,7,22076
2024-06-09,ATM_005,Urban,4,10596
2024-06-09,ATM_006,Urban,4,15323
2024-06-09,ATM_007,Rural,3,22757
2024-06-09,ATM_008,Suburban,1,22751
2024-06-09,ATM_009,Rural,8,20129
2024-06-09,ATM_010,Rural,6,14341
2024-06-10,ATM_001,Rural,2,11595
2024-06-10,ATM_002,Urban,9,18397
2024-06-10,ATM_003,Rural,2,7463
2024-06-10,ATM_004,Rural,6,14585
2024-06-10,ATM_005,Urban,6,14254
2024-06-10,ATM_006,Urban,8,5817
2024-06-10,ATM_007,Rural,1,17451
2024-06-10,ATM_008,Suburban,7,13953
2024-06-10,ATM_009,Rural,2,14600
2024-06-10,ATM_010,Rural,9,4701
2024-06-11,ATM_001,Rural,5,11251
2024-06-11,ATM_002,Urban,5,12068
2024-06-11,ATM_003,Rural,3,10602
2024-06-11,ATM_004,Rural,8,10134
2024-06-11,ATM_005,Urban,4,22821
2024-06-11,ATM_006,Urban,6,21452
2024-06-11,ATM_007,Rural,3,9783
2024-06-11,ATM_008,Suburban,3,14372
2024-06-11,ATM_009,Rural,9,18295
2024-06-11,ATM_010,Rural,3,3224
2024-06-12,ATM_001,Rural,8,6597
2024-06-12,ATM_002,Urban,8,12015
2024-06-12,ATM_003,Rural,2,17972
2024-06-12,ATM_004,Rural,7,11523
2024-06-12,ATM_005,Urban,4,12784
2024-06-12,ATM_006,Urban,7,16789
2024-06-12,ATM_007,Rural,3,5332
2024-06-12,ATM_008,Suburban,9,3748
2024-06-12,ATM_009,Rural,7,5892
2024-06-12,ATM_010,Rural,4,7316
2024-06-13,ATM_001,Rural,8,16733
2024-06-13,ATM_002,Urban,4,15989
2024-06-13,ATM_003,Rural,7,18521
2024-06-13,ATM_004,Rural,8,7196
2024-06-13,ATM_005,Urban,1,20726
2024-06-13,ATM_006,Urban,3,12574
2024-06-13,ATM_007,Rural,7,9279
2024-06-13,ATM_008,Suburban,3,15307
2024-06-13,ATM_009,Rural,1,8364
2024-06-13,ATM_010,Rural,1,14458
2024-06-14,ATM_001,Rural,5,16222
2024-06-14,ATM_002,Urban,2,3523
2024-06-14,ATM_003,Rural,8,3683
2024-06-14,ATM_004,Rural,6,17125
2024-06-14,ATM_005,Urban,9,12025
2024-06-14,ATM_006,Urban,8,20961
2024-06-14,ATM_007,Rural,3,6404
2024-06-14,ATM_008,Suburban,4,20629
2024-06-14,ATM_009,Rural,2,2901
2024-06-14,ATM_010,Rural,7,2355
2024-06-15,ATM_001,Rural,1,17192
2024-06-15,ATM_002,Urban,7,10099
2024-06-15,ATM_003,Rural,5,12037
2024-06-15,ATM_004,Rural,1,9533
2024-06-15,ATM_005,Urban,6,28534
2024-06-15,ATM_006,Urban,4,9887
2024-06-15,ATM_007,Rural,8,14099
2024-06-15,ATM_008,Suburban,4,11495
2024-06-15,ATM_009,Rural,4,6798
2024-06-15,ATM_010,Rural,7,17866
2024-06-16,ATM_001,Rural,3,22394
2024-06-16,ATM_002,Urban,5,25591
2024-06-16,ATM_003,Rural,1,11340
2024-06-16,ATM_004,Rural,9,7614
2024-06-16,ATM_005,Urban,5,15333
2024-06-16,ATM_006,Urban,8,13730
2024-06-16,ATM_007,Rural,2,16002
2024-06-16,ATM_008,Suburban,5,19149
2024-06-16,ATM_009,Rural,3,5689
2024-06-16,ATM_010,Rural,8,13837
2024-06-17,ATM_001,Rural,9,6185
2024-06-17,ATM_002,Urban,3,13369
2024-06-17,ATM_003,Rural,3,4592
2024-06-17,ATM_004,Rural,7,3046
2024-06-17,ATM_005,Urban,9,15640
2024-06-17,ATM_006,Urban,8,12520
2024-06-17,ATM_007,Rural,7,662
2024-06-17,ATM_008,Suburban,1,18217
2024-06-17,ATM_009,Rural,5,15738
2024-06-17,ATM_010,Rural,8,4463
2024-06-18,ATM_001,Rural,9,1072
2024-06-18,ATM_002,Urban,5,13545
2024-06-18,ATM_003,Rural,5,10699
2024-06-18,ATM_004,Rural,7,17787
2024-06-18,ATM_005,Urban,5,16337
2024-06-18,ATM_006,Urban,3,19137
2024-06-18,ATM_007,Rural,8,7382
2024-06-18,ATM_008,Suburban,7,3192
2024-06-18,ATM_009,Rural,9,18398
2024-06-18,ATM_010,Rural,3,10191
2024-06-19,ATM_001,Rural,2,15100
2024-06-19,ATM_002,Urban,3,6416
2024-06-19,ATM_003,Rural,6,14051
2024-06-19,ATM_004,Rural,8,13978
2024-06-19,ATM_005,Urban,5,17401
2024-06-19,ATM_006,Urban,5,15540
2024-06-19,ATM_007,Rural,9,697
2024-06-19,ATM_008,Suburban,6,10006
2024-06-19,ATM_009,Rural,7,16541
2024-06-19,ATM_010,Rural,5,5953
2024-06-20,ATM_001,Rural,5,19646
2024-06-20,ATM_002,Urban,9,11968
2024-06-20,ATM_003,Rural,8,11752
2024-06-20,ATM_004,Rural,6,5400
2024-06-20,ATM_005,Urban,2,12482
2024-06-20,ATM_006,Urban,5,17516
2024-06-20,ATM_007,Rural,2,16771
2024-06-20,ATM_008,Suburban,7,8174
2024-06-20,ATM_009,Rural,9,14732
2024-06-20,ATM_010,Rural,6,3695
2024-06-21,ATM_001,Rural,9,5991
2024-06-21,ATM_002,Urban,4,8691
2024-06-21,ATM_003,Rural,7,8594
2024-06-21,ATM_004,Rural,1,20134
2024-06-21,ATM_005,Urban,5,17212
2024-06-21,ATM_006,Urban,7,15816
2024-06-21,ATM_007,Rural,3,12417
2024-06-21,ATM_008,Suburban,1,7100
2024-06-21,ATM_009,Rural,9,12771
2024-06-21,ATM_010,Rural,4,7202
2024-06-22,ATM_001,Rural,3,7386
2024-06-22,ATM_002,Urban,9,20779
2024-06-22,ATM_003,Rural,3,15888
2024-06-22,ATM_004,Rural,5,21558
2024-06-22,ATM_005,Urban,1,19597
2024-06-22,ATM_006,Urban,5,15583
2024-06-22,ATM_007,Rural,7,12425
2024-06-22,ATM_008,Suburban,3,21142
2024-06-22,ATM_009,Rural,8,4616
2024-06-22,ATM_010,Rural,1,6968
2024-06-23,ATM_001,Rural,2,20764
2024-06-23,ATM_002,Urban,7,13048
2024-06-23,ATM_003,Rural,8,4543
2024-06-23,ATM_004,Rural,8,20843
2024-06-23,ATM_005,Urban,9,21318
2024-06-23,ATM_006,Urban,4,7186
2024-06-23,ATM_007,Rural,6,20388
2024-06-23,ATM_008,Suburban,2,12680
2024-06-23,ATM_009,Rural,7,5646
2024-06-23,ATM_010,Rural,4,16406
2024-06-24,ATM_001,Rural,9,8581
2024-06-24,ATM_002,Urban,4,8306
2024-06-24,ATM_003,Rural,8,15850
2024-06-24,ATM_004,Rural,3,5427
2024-06-24,ATM_005,Urban,2,8812
2024-06-24,ATM_006,Urban,8,5202
2024-06-24,ATM_007,Rural,3,18936
2024-06-24,ATM_008,Suburban,9,21447
2024-06-24,ATM_009,Rural,7,11106
2024-06-24,ATM_010,Rural,7,2902
2024-06-25,ATM_001,Rural,8,2289
2024-06-25,ATM_002,Urban,4,17496
2024-06-25,ATM_003,Rural,8,16659
2024-06-25,ATM_004,Rural,3,2610
2024-06-25,ATM_005,Urban,9,19306
2024-06-25,ATM_006,Urban,1,10777
2024-06-25,ATM_007,Rural,7,2104
2024-06-25,ATM_008,Suburban,7,12336
2024-06-25,ATM_009,Rural,1,15099
2024-06-25,ATM_010,Rural,2,3583
2024-06-26,ATM_001,Rural,6,1848
2024-06-26,ATM_002,Urban,7,24003
2024-06-26,ATM_003,Rural,5,17241
2024-06-26,ATM_004,Rural,9,5794
2024-06-26,ATM_005,Urban,5,15147
2024-06-26,ATM_006,Urban,4,17482
2024-06-26,ATM_007,Rural,8,11549
2024-06-26,ATM_008,Suburban,3,5245
2024-06-26,ATM_009,Rural,6,11350
2024-06-26,ATM_010,Rural,1,6310
2024-06-27,ATM_001,Rural,2,9547
2024-06-27,ATM_002,Urban,4,12267
2024-06-27,ATM_003,Rural,2,1186
2024-06-27,ATM_004,Rural,2,14191
2024-06-27,ATM_005,Urban,7,16282
2024-06-27,ATM_006,Urban,1,5372
2024-06-27,ATM_007,Rural,7,1941
2024-06-27,ATM_008,Suburban,4,17329
2024-06-27,ATM_009,Rural,2,1861
2024-06-27,ATM_010,Rural,3,6163
2024-06-28,ATM_001,Rural,3,19319
2024-06-28,ATM_002,Urban,8,11636
2024-06-28,ATM_003,Rural,7,16403
2024-06-28,ATM_004,Rural,8,11307
2024-06-28,ATM_005,Urban,9,18006
2024-06-28,ATM_006,Urban,1,13989
2024-06-28,ATM_007,Rural,1,2116
2024-06-28,ATM_008,Suburban,8,11336
2024-06-28,ATM_009,Rural,1,12268
2024-06-28,ATM_010,Rural,7,8748
2024-06-29,ATM_001,Rural,2,13832
2024-06-29,ATM_002,Urban,9,14831
2024-06-29,ATM_003,Rural,2,8533
2024-06-29,ATM_004,Rural,9,4323
2024-06-29,ATM_005,Urban,5,15313
2024-06-29,ATM_006,Urban,2,11016
2024-06-29,ATM_007,Rural,4,8427
2024-06-29,ATM_008,Suburban,7,16715
2024-06-29,ATM_009,Rural,9,3100
2024-06-29,ATM_010,Rural,4,19109
2024-06-30,ATM_001,Rural,9,19485
2024-06-30,ATM_002,Urban,1,21152
2024-06-30,ATM_003,Rural,4,6854
2024-06-30,ATM_004,Rural,3,15593
2024-06-30,ATM_005,Urban,2,25423
2024-06-30,ATM_006,Urban,9,12093
2024-06-30,ATM_007,Rural,9,9606
2024-06-30,ATM_008,Suburban,1,20840
2024-06-30,ATM_009,Rural,3,11059
2024-06-30,ATM_010,Rural,8,18893
2024-07-01,ATM_001,Rural,1,12311
2024-07-01,ATM_002,Urban,1,5680
2024-07-01,ATM_003,Rural,5,7003
2024-07-01,ATM_004,Rural,4,9288
2024-07-01,ATM_005,Urban,7,13729
2024-07-01,ATM_006,Urban,7,11129
2024-07-01,ATM_007,Rural,6,18096
2024-07-01,ATM_008,Suburban,2,18504
2024-07-01,ATM_009,Rural,7,16672
2024-07-01,ATM_010,Rural,6,11135
2024-07-02,ATM_001,Rural,4,10458
2024-07-02,ATM_002,Urban,3,9424
2024-07-02,ATM_003,Rural,8,13648
2024-07-02,ATM_004,Rural,8,13253
2024-07-02,ATM_005,Urban,9,21409
2024-07-02,ATM_006,Urban,4,15436
2024-07-02,ATM_007,Rural,8,2500
2024-07-02,ATM_008,Suburban,9,20289
2024-07-02,ATM_009,Rural,2,1652
2024-07-02,ATM_010,Rural,7,13609
2024-07-03,ATM_001,Rural,4,2808
2024-07-03,ATM_002,Urban,3,4864
2024-07-03,ATM_003,Rural,3,8303
2024-07-03,ATM_004,Rural,4,9843
2024-07-03,ATM_005,Urban,1,18223
2024-07-03,ATM_006,Urban,9,18809
2024-07-03,ATM_007,Rural,2,2853
2024-07-03,ATM_008,Suburban,6,5535
2024-07-03,ATM_009,Rural,1,18605
2024-07-03,ATM_010,Rural,9,17703
2024-07-04,ATM_001,Rural,3,13474
2024-07-04,ATM_002,Urban,5,17516
2024-07-04,ATM_003,Rural,2,10585
2024-07-04,ATM_004,Rural,1,9908
2024-07-04,ATM_005,Urban,7,13497
2024-07-04,ATM_006,Urban,1,9244
2024-07-04,ATM_007,Rural,9,7969
2024-07-04,ATM_008,Suburban,1,17303
2024-07-04,ATM_009,Rural,4,15842
2024-07-04,ATM_010,Rural,8,4808
2024-07-05,ATM_001,Rural,9,2763
2024-07-05,ATM_002,Urban,4,13907
2024-07-05,ATM_003,Rural,7,18553
2024-07-05,ATM_004,Rural,3,17118
2024-07-05,ATM_005,Urban,8,17257
2024-07-05,ATM_006,Urban,3,15562
2024-07-05,ATM_007,Rural,2,1824
2024-07-05,ATM_008,Suburban,8,14293
2024-07-05,ATM_009,Rural,6,11492
2024-07-05,ATM_010,Rural,8,2388
2024-07-06,ATM_001,Rural,5,17731
2024-07-06,ATM_002,Urban,7,21944
2024-07-06,ATM_003,Rural,7,19119
2024-07-06,ATM_004,Rural,1,14147
2024-07-06,ATM_005,Urban,8,11698
2024-07-06,ATM_006,Urban,8,6201
2024-07-06,ATM_007,Rural,6,16633
2024-07-06,ATM_008,Suburban,9,11181
2024-07-06,ATM_009,Rural,2,8303
2024-07-06,ATM_010,Rural,2,20767
2024-07-07,ATM_001,Rural,4,8280
2024-07-07,ATM_002,Urban,6,17391
2024-07-07,ATM_003,Rural,5,7051
2024-07-07,ATM_004,Rural,4,22712
2024-07-07,ATM_005,Urban,5,8324
2024-07-07,ATM_006,Urban,2,17939
2024-07-07,ATM_007,Rural,3,6620
2024-07-07,ATM_008,Suburban,6,11931
2024-07-07,ATM_009,Rural,1,18392
2024-07-07,ATM_010,Rural,7,7299
2024-07-08,ATM_001,Rural,8,17650
2024-07-08,ATM_002,Urban,5,8217
2024-07-08,ATM_003,Rural,9,9637
2024-07-08,ATM_004,Rural,7,13215
2024-07-08,ATM_005,Urban,4,16908
2024-07-08,ATM_006,Urban,5,4805
2024-07-08,ATM_007,Rural,1,4417
2024-07-08,ATM_008,Suburban,8,6582
2024-07-08,ATM_009,Rural,1,7993
2024-07-08,ATM_010,Rural,6,3617
2024-07-09,ATM_001,Rural,6,16322
2024-07-09,ATM_002,Urban,6,16762
2024-07-09,ATM_003,Rural,6,15113
2024-07-09,ATM_004,Rural,7,6363
2024-07-09,ATM_005,Urban,1,21539
2024-07-09,ATM_006,Urban,3,23705
2024-07-09,ATM_007,Rural,4,13309
2024-07-09,ATM_008,Suburban,1,18378
2024-07-09,ATM_009,Rural,9,13994
2024-07-09,ATM_010,Rural,8,5071
2024-07-10,ATM_001,Rural,1,2350
2024-07-10,ATM_002,Urban,6,19079
2024-07-10,ATM_003,Rural,1,19918
2024-07-10,ATM_004,Rural,9,4130
2024-07-10,ATM_005,Urban,7,13507
2024-07-10,ATM_006,Urban,8,19843
2024-07-10,ATM_007,Rural,7,12603
2024-07-10,ATM_008,Suburban,3,3406
2024-07-10,ATM_009,Rural,3,9190
2024-07-10,ATM_010,Rural,9,19690
2024-07-11,ATM_001,Rural,7,19253
2024-07-11,ATM_002,Urban,4,15605
2024-07-11,ATM_003,Rural,3,9475
2024-07-11,ATM_004,Rural,2,15966
2024-07-11,ATM_005,Urban,2,11574
2024-07-11,ATM_006,Urban,6,18045
2024-07-11,ATM_007,Rural,5,18385
2024-07-11,ATM_008,Suburban,1,18591
2024-07-11,ATM_009,Rural,1,16901
2024-07-11,ATM_010,Rural,4,7578
2024-07-12,ATM_001,Rural,5,16229
2024-07-12,ATM_002,Urban,7,17949
2024-07-12,ATM_003,Rural,8,11832
2024-07-12,ATM_004,Rural,9,11412
2024-07-12,ATM_005,Urban,9,4238
2024-07-12,ATM_006,Urban,4,17439
2024-07-12,ATM_007,Rural,4,6336
2024-07-12,ATM_008,Suburban,4,20653
2024-07-12,ATM_009,Rural,2,6395
2024-07-12,ATM_010,Rural,2,14665
2024-07-13,ATM_001,Rural,6,18891
2024-07-13,ATM_002,Urban,5,13261
2024-07-13,ATM_003,Rural,6,18912
2024-07-13,ATM_004,Rural,9,21436
2024-07-13,ATM_005,Urban,7,7899
2024-07-13,ATM_006,Urban,3,10780
2024-07-13,ATM_007,Rural,6,12501
2024-07-13,ATM_008,Suburban,5,9132
2024-07-13,ATM_009,Rural,5,17953
2024-07-13,ATM_010,Rural,4,5463
2024-07-14,ATM_001,Rural,1,13823
2024-07-14,ATM_002,Urban,8,11322
2024-07-14,ATM_003,Rural,2,13922
2024-07-14,ATM_004,Rural,6,8722
2024-07-14,ATM_005,Urban,2,25687
2024-07-14,ATM_006,Urban,9,25462
2024-07-14,ATM_007,Rural,1,19785
2024-07-14,ATM_008,Suburban,5,8177
2024-07-14,ATM_009,Rural,1,20503
2024-07-14,ATM_010,Rural,9,12323
2024-07-15,ATM_001,Rural,1,4228
2024-07-15,ATM_002,Urban,8,14977
2024-07-15,ATM_003,Rural,2,16349
2024-07-15,ATM_004,Rural,3,15618
2024-07-15,ATM_005,Urban,3,11717
2024-07-15,ATM_006,Urban,3,20914
2024-07-15,ATM_007,Rural,8,19418
2024-07-15,ATM_008,Suburban,7,16986
2024-07-15,ATM_009,Rural,5,12668
2024-07-15,ATM_010,Rural,4,7608
2024-07-16,ATM_001,Rural,3,4195
2024-07-16,ATM_002,Urban,9,15342
2024-07-16,ATM_003,Rural,7,6661
2024-07-16,ATM_004,Rural,2,11118
2024-07-16,ATM_005,Urban,5,9858
2024-07-16,ATM_006,Urban,6,21337
2024-07-16,ATM_007,Rural,3,4996
2024-07-16,ATM_008,Suburban,4,12495
2024-07-16,ATM_009,Rural,8,4287
2024-07-16,ATM_010,Rural,2,15596
2024-07-17,ATM_001,Rural,4,9720
2024-07-17,ATM_002,Urban,7,4416
2024-07-17,ATM_003,Rural,9,5642
2024-07-17,ATM_004,Rural,4,13207
2024-07-17,ATM_005,Urban,8,18206
2024-07-17,ATM_006,Urban,4,21065
2024-07-17,ATM_007,Rural,4,3094
2024-07-17,ATM_008,Suburban,9,20928
2024-07-17,ATM_009,Rural,7,14154
2024-07-17,ATM_010,Rural,4,11876
2024-07-18,ATM_001,Rural,6,5048
2024-07-18,ATM_002,Urban,7,5752
2024-07-18,ATM_003,Rural,3,16699
2024-07-18,ATM_004,Rural,9,19023
2024-07-18,ATM_005,Urban,3,22091
2024-07-18,ATM_006,Urban,7,14775
2024-07-18,ATM_007,Rural,9,9451
2024-07-18,ATM_008,Suburban,3,12489
2024-07-18,ATM_009,Rural,7,5837
2024-07-18,ATM_010,Rural,5,18208
2024-07-19,ATM_001,Rural,2,9218
2024-07-19,ATM_002,Urban,9,20285
2024-07-19,ATM_003,Rural,5,1925
2024-07-19,ATM_004,Rural,4,13316
2024-07-19,ATM_005,Urban,9,3290
2024-07-19,ATM_006,Urban,3,14427
2024-07-19,ATM_007,Rural,4,12546
2024-07-19,ATM_008,Suburban,2,21097
2024-07-19,ATM_009,Rural,6,5123
2024-07-19,ATM_010,Rural,4,15040
2024-07-20,ATM_001,Rural,1,8240
2024-07-20,ATM_002,Urban,8,8575
2024-07-20,ATM_003,Rural,4,15270
2024-07-20,ATM_004,Rural,4,16535
2024-07-20,ATM_005,Urban,9,25564
2024-07-20,ATM_006,Urban,9,21317
2024-07-20,ATM_007,Rural,5,14619
2024-07-20,ATM_008,Suburban,2,17214
2024-07-20,ATM_009,Rural,3,6348
2024-07-20,ATM_010,Rural,1,18717
2024-07-21,ATM_001,Rural,3,21522
2024-07-21,ATM_002,Urban,9,10618
2024-07-21,ATM_003,Rural,1,16035
2024-07-21,ATM_004,Rural,2,12463
2024-07-21,ATM_005,Urban,9,12967
2024-07-21,ATM_006,Urban,9,28730
2024-07-21,ATM_007,Rural,9,20742
2024-07-21,ATM_008,Suburban,9,22828
2024-07-21,ATM_009,Rural,8,16217
2024-07-21,ATM_010,Rural,4,11897
2024-07-22,ATM_001,Rural,5,6250
2024-07-22,ATM_002,Urban,7,6351
2024-07-22,ATM_003,Rural,3,6372
2024-07-22,ATM_004,Rural,6,12098
2024-07-22,ATM_005,Urban,6,15430
2024-07-22,ATM_006,Urban,7,4357
2024-07-22,ATM_007,Rural,7,5749
2024-07-22,ATM_008,Suburban,1,21550
2024-07-22,ATM_009,Rural,1,4285
2024-07-22,ATM_010,Rural,6,5123
2024-07-23,ATM_001,Rural,3,15427
2024-07-23,ATM_002,Urban,5,19371
2024-07-23,ATM_003,Rural,1,5179
2024-07-23,ATM_004,Rural,2,3946
2024-07-23,ATM_005,Urban,9,13100
2024-07-23,ATM_006,Urban,9,19550
2024-07-23,ATM_007,Rural,6,1483
2024-07-23,ATM_008,Suburban,6,14560
2024-07-23,ATM_009,Rural,5,9226
2024-07-23,ATM_010,Rural,1,1960
2024-07-24,ATM_001,Rural,5,1351
2024-07-24,ATM_002,Urban,9,4142
2024-07-24,ATM_003,Rural,6,13858
2024-07-24,ATM_004,Rural,3,2884
2024-07-24,ATM_005,Urban,7,17967
2024-07-24,ATM_006,Urban,7,5651
2024-07-24,ATM_007,Rural,6,12951
2024-07-24,ATM_008,Suburban,7,21713
2024-07-24,ATM_009,Rural,8,721
2024-07-24,ATM_010,Rural,7,16456
2024-07-25,ATM_001,Rural,6,10149
2024-07-25,ATM_002,Urban,2,10381
2024-07-25,ATM_003,Rural,2,15030
2024-07-25,ATM_004,Rural,4,9958
2024-07-25,ATM_005,Urban,8,10858
2024-07-25,ATM_006,Urban,1,15323
2024-07-25,ATM_007,Rural,6,14182
2024-07-25,ATM_008,Suburban,9,16324
2024-07-25,ATM_009,Rural,3,19211
2024-07-25,ATM_010,Rural,4,13209
2024-07-26,ATM_001,Rural,4,1926
2024-07-26,ATM_002,Urban,2,17689
2024-07-26,ATM_003,Rural,3,13091
2024-07-26,ATM_004,Rural,2,20112
2024-07-26,ATM_005,Urban,8,9758
2024-07-26,ATM_006,Urban,1,11906
2024-07-26,ATM_007,Rural,2,7839
2024-07-26,ATM_008,Suburban,4,18777
2024-07-26,ATM_009,Rural,8,18466
2024-07-26,ATM_010,Rural,7,9499
2024-07-27,ATM_001,Rural,7,10456
2024-07-27,ATM_002,Urban,7,12969
2024-07-27,ATM_003,Rural,6,17831
2024-07-27,ATM_004,Rural,1,21304
2024-07-27,ATM_005,Urban,9,9690
2024-07-27,ATM_006,Urban,8,6795
2024-07-27,ATM_007,Rural,8,16267
2024-07-27,ATM_008,Suburban,3,16172
2024-07-27,ATM_009,Rural,4,14106
2024-07-27,ATM_010,Rural,8,17530
2024-07-28,ATM_001,Rural,1,17082
2024-07-28,ATM_002,Urban,1,13951
2024-07-28,ATM_003,Rural,1,20144
2024-07-28,ATM_004,Rural,9,5433
2024-07-28,ATM_005,Urban,9,25086
2024-07-28,ATM_006,Urban,8,14951
2024-07-28,ATM_007,Rural,2,16425
2024-07-28,ATM_008,Suburban,5,13936
2024-07-28,ATM_009,Rural,1,18300
2024-07-28,ATM_010,Rural,3,18982
2024-07-29,ATM_001,Rural,6,12996
2024-07-29,ATM_002,Urban,9,9484
2024-07-29,ATM_003,Rural,2,16683
2024-07-29,ATM_004,Rural,4,17288
2024-07-29,ATM_005,Urban,6,20109
2024-07-29,ATM_006,Urban,4,13396
2024-07-29,ATM_007,Rural,3,13413
2024-07-29,ATM_008,Suburban,9,13056
2024-07-29,ATM_009,Rural,2,17329
2024-07-29,ATM_010,Rural,7,13298
2024-07-30,ATM_001,Rural,1,10598
2024-07-30,ATM_002,Urban,1,12933
2024-07-30,ATM_003,Rural,5,12336
2024-07-30,ATM_004,Rural,2,7220
2024-07-30,ATM_005,Urban,9,22379
2024-07-30,ATM_006,Urban,4,18177
2024-07-30,ATM_007,Rural,7,6222
2024-07-30,ATM_008,Suburban,6,20799
2024-07-30,ATM_009,Rural,8,18168
2024-07-30,ATM_010,Rural,3,7194
2024-07-31,ATM_001,Rural,8,16033
2024-07-31,ATM_002,Urban,3,6614
2024-07-31,ATM_003,Rural,2,6295
2024-07-31,ATM_004,Rural,6,3141
2024-07-31,ATM_005,Urban,9,10801
2024-07-31,ATM_006,Urban,4,24347
2024-07-31,ATM_007,Rural,8,10793
2024-07-31,ATM_008,Suburban,7,13016
2024-07-31,ATM_009,Rural,3,10863
2024-07-31,ATM_010,Rural,9,2169
2024-08-01,ATM_001,Rural,9,1365
2024-08-01,ATM_002,Urban,2,7775
2024-08-01,ATM_003,Rural,3,10698
2024-08-01,ATM_004,Rural,2,6031
2024-08-01,ATM_005,Urban,2,7801
2024-08-01,ATM_006,Urban,7,9430
2024-08-01,ATM_007,Rural,2,11811
2024-08-01,ATM_008,Suburban,2,5285
2024-08-01,ATM_009,Rural,3,19919
2024-08-01,ATM_010,Rural,3,12734
2024-08-02,ATM_001,Rural,4,15589
2024-08-02,ATM_002,Urban,5,6368
2024-08-02,ATM_003,Rural,4,14855
2024-08-02,ATM_004,Rural,3,17975
2024-08-02,ATM_005,Urban,4,19643
2024-08-02,ATM_006,Urban,5,4466
2024-08-02,ATM_007,Rural,4,12021
2024-08-02,ATM_008,Suburban,7,3355
2024-08-02,ATM_009,Rural,4,14078
2024-08-02,ATM_010,Rural,2,1623
2024-08-03,ATM_001,Rural,3,5510
2024-08-03,ATM_002,Urban,5,22138
2024-08-03,ATM_003,Rural,1,6689
2024-08-03,ATM_004,Rural,7,18727
2024-08-03,ATM_005,Urban,9,16850
2024-08-03,ATM_006,Urban,1,12652
2024-08-03,ATM_007,Rural,6,7498
2024-08-03,ATM_008,Suburban,2,18099
2024-08-03,ATM_009,Rural,3,16101
2024-08-03,ATM_010,Rural,1,13964
2024-08-04,ATM_001,Rural,8,6608
2024-08-04,ATM_002,Urban,5,15275
2024-08-04,ATM_003,Rural,3,7729
2024-08-04,ATM_004,Rural,6,6053
2024-08-04,ATM_005,Urban,3,22828
2024-08-04,ATM_006,Urban,1,14114
2024-08-04,ATM_007,Rural,8,8458
2024-08-04,ATM_008,Suburban,8,19563
2024-08-04,ATM_009,Rural,8,19553
2024-08-04,ATM_010,Rural,3,5010
2024-08-05,ATM_001,Rural,6,11595
2024-08-05,ATM_002,Urban,1,9198
2024-08-05,ATM_003,Rural,8,10768
2024-08-05,ATM_004,Rural,9,10859
2024-08-05,ATM_005,Urban,4,15457
2024-08-05,ATM_006,Urban,1,17146
2024-08-05,ATM_007,Rural,2,1238
2024-08-05,ATM_008,Suburban,3,20959
2024-08-05,ATM_009,Rural,9,6442
2024-08-05,ATM_010,Rural,1,4597
2024-08-06,ATM_001,Rural,4,14344
2024-08-06,ATM_002,Urban,8,22023
2024-08-06,ATM_003,Rural,5,15133
2024-08-06,ATM_004,Rural,2,8821
2024-08-06,ATM_005,Urban,4,16304
2024-08-06,ATM_006,Urban,5,16039
2024-08-06,ATM_007,Rural,3,11023
2024-08-06,ATM_008,Suburban,9,14001
2024-08-06,ATM_009,Rural,9,7654
2024-08-06,ATM_010,Rural,3,13757
2024-08-07,ATM_001,Rural,4,14878
2024-08-07,ATM_002,Urban,3,10490
2024-08-07,ATM_003,Rural,7,14016
2024-08-07,ATM_004,Rural,8,3897
2024-08-07,ATM_005,Urban,7,4273
2024-08-07,ATM_006,Urban,5,9407
2024-08-07,ATM_007,Rural,1,9055
2024-08-07,ATM_008,Suburban,8,18287
2024-08-07,ATM_009,Rural,4,1854
2024-08-07,ATM_010,Rural,6,16617
2024-08-08,ATM_001,Rural,2,10544
2024-08-08,ATM_002,Urban,7,12317
2024-08-08,ATM_003,Rural,9,16476
2024-08-08,ATM_004,Rural,3,19593
2024-08-08,ATM_005,Urban,2,21873
2024-08-08,ATM_006,Urban,9,5096
2024-08-08,ATM_007,Rural,3,8367
2024-08-08,ATM_008,Suburban,3,16670
2024-08-08,ATM_009,Rural,4,3208
2024-08-08,ATM_010,Rural,9,10656
2024-08-09,ATM_001,Rural,2,10894
2024-08-09,ATM_002,Urban,9,21525
2024-08-09,ATM_003,Rural,5,15525
2024-08-09,ATM_004,Rural,4,14897
2024-08-09,ATM_005,Urban,6,14239
2024-08-09,ATM_006,Urban,1,10184
2024-08-09,ATM_007,Rural,3,5111
2024-08-09,ATM_008,Suburban,2,19888
2024-08-09,ATM_009,Rural,6,10032
2024-08-09,ATM_010,Rural,8,13772
2024-08-10,ATM_001,Rural,4,14286
2024-08-10,ATM_002,Urban,3,21041
2024-08-10,ATM_003,Rural,1,16066
2024-08-10,ATM_004,Rural,3,18810
2024-08-10,ATM_005,Urban,8,13655
2024-08-10,ATM_006,Urban,3,10624
2024-08-10,ATM_007,Rural,1,4556
2024-08-10,ATM_008,Suburban,2,21541
2024-08-10,ATM_009,Rural,4,14551
2024-08-10,ATM_010,Rural,5,21384
2024-08-11,ATM_001,Rural,3,7815
2024-08-11,ATM_002,Urban,8,13944
2024-08-11,ATM_003,Rural,2,12019
2024-08-11,ATM_004,Rural,6,8745
2024-08-11,ATM_005,Urban,8,6213
2024-08-11,ATM_006,Urban,4,12893
2024-08-11,ATM_007,Rural,1,13391
2024-08-11,ATM_008,Suburban,1,13914
2024-08-11,ATM_009,Rural,1,11301
2024-08-11,ATM_010,Rural,8,17720
2024-08-12,ATM_001,Rural,5,5574
2024-08-12,ATM_002,Urban,9,21907
2024-08-12,ATM_003,Rural,2,6392
2024-08-12,ATM_004,Rural,2,1566
2024-08-12,ATM_005,Urban,1,10188
2024-08-12,ATM_006,Urban,1,10523
2024-08-12,ATM_007,Rural,4,5229
2024-08-12,ATM_008,Suburban,6,19280
2024-08-12,ATM_009,Rural,7,18853
2024-08-12,ATM_010,Rural,4,12199
2024-08-13,ATM_001,Rural,8,17337
2024-08-13,ATM_002,Urban,4,9158
2024-08-13,ATM_003,Rural,5,8158
2024-08-13,ATM_004,Rural,9,17855
2024-08-13,ATM_005,Urban,9,11813
2024-08-13,ATM_006,Urban,4,5545
2024-08-13,ATM_007,Rural,1,14223
2024-08-13,ATM_008,Suburban,2,8640
2024-08-13,ATM_009,Rural,9,12543
2024-08-13,ATM_010,Rural,3,19329
2024-08-14,ATM_001,Rural,3,8983
2024-08-14,ATM_002,Urban,2,11329
2024-08-14,ATM_003,Rural,6,5930
2024-08-14,ATM_004,Rural,5,16484
2024-08-14,ATM_005,Urban,5,14884
2024-08-14,ATM_006,Urban,9,20217
2024-08-14,ATM_007,Rural,6,2654
2024-08-14,ATM_008,Suburban,2,7175
2024-08-14,ATM_009,Rural,9,2986
2024-08-14,ATM_010,Rural,2,16313
2024-08-15,ATM_001,Rural,5,2034
2024-08-15,ATM_002,Urban,7,7870
2024-08-15,ATM_003,Rural,6,6768
2024-08-15,ATM_004,Rural,4,14436
2024-08-15,ATM_005,Urban,7,6541
2024-08-15,ATM_006,Urban,6,4952
2024-08-15,ATM_007,Rural,6,9995
2024-08-15,ATM_008,Suburban,6,19584
2024-08-15,ATM_009,Rural,7,10920
2024-08-15,ATM_010,Rural,1,4192
2024-08-16,ATM_001,Rural,6,6268
2024-08-16,ATM_002,Urban,6,17843
2024-08-16,ATM_003,Rural,9,3205
2024-08-16,ATM_004,Rural,2,10102
2024-08-16,ATM_005,Urban,7,23283
2024-08-16,ATM_006,Urban,9,7048
2024-08-16,ATM_007,Rural,3,6174
2024-08-16,ATM_008,Suburban,2,15831
2024-08-16,ATM_009,Rural,2,11654
2024-08-16,ATM_010,Rural,6,15372
2024-08-17,ATM_001,Rural,9,19927
2024-08-17,ATM_002,Urban,9,14600
2024-08-17,ATM_003,Rural,6,16848
2024-08-17,ATM_004,Rural,8,15507
2024-08-17,ATM_005,Urban,6,16445
2024-08-17,ATM_006,Urban,5,12460
2024-08-17,ATM_007,Rural,7,3970
2024-08-17,ATM_008,Suburban,1,18440
2024-08-17,ATM_009,Rural,7,9007
2024-08-17,ATM_010,Rural,7,8355
2024-08-18,ATM_001,Rural,4,12183
2024-08-18,ATM_002,Urban,4,12517
2024-08-18,ATM_003,Rural,6,5848
2024-08-18,ATM_004,Rural,8,4101
2024-08-18,ATM_005,Urban,9,11383
2024-08-18,ATM_006,Urban,1,10316
2024-08-18,ATM_007,Rural,2,17122
2024-08-18,ATM_008,Suburban,3,5729
2024-08-18,ATM_009,Rural,6,23637
2024-08-18,ATM_010,Rural,5,13053
2024-08-19,ATM_001,Rural,8,16429
2024-08-19,ATM_002,Urban,5,5099
2024-08-19,ATM_003,Rural,5,2847
2024-08-19,ATM_004,Rural,5,10840
2024-08-19,ATM_005,Urban,6,14421
2024-08-19,ATM_006,Urban,3,18780
2024-08-19,ATM_007,Rural,4,19224
2024-08-19,ATM_008,Suburban,8,20051
2024-08-19,ATM_009,Rural,5,13866
2024-08-19,ATM_010,Rural,8,18447
2024-08-20,ATM_001,Rural,3,14976
2024-08-20,ATM_002,Urban,7,15392
2024-08-20,ATM_003,Rural,8,9913
2024-08-20,ATM_004,Rural,4,14447
2024-08-20,ATM_005,Urban,1,11617
2024-08-20,ATM_006,Urban,9,19617
2024-08-20,ATM_007,Rural,6,8514
2024-08-20,ATM_008,Suburban,8,13936
2024-08-20,ATM_009,Rural,4,13470
2024-08-20,ATM_010,Rural,1,785
2024-08-21,ATM_001,Rural,2,2617
2024-08-21,ATM_002,Urban,8,22895
2024-08-21,ATM_003,Rural,7,19226
2024-08-21,ATM_004,Rural,3,10977
2024-08-21,ATM_005,Urban,5,4449
2024-08-21,ATM_006,Urban,8,20254
2024-08-21,ATM_007,Rural,9,19148
2024-08-21,ATM_008,Suburban,2,16346
2024-08-21,ATM_009,Rural,3,9197
2024-08-21,ATM_010,Rural,2,3945
2024-08-22,ATM_001,Rural,3,13285
2024-08-22,ATM_002,Urban,8,18055
2024-08-22,ATM_003,Rural,4,8761
2024-08-22,ATM_004,Rural,9,4422
2024-08-22,ATM_005,Urban,8,17520
2024-08-22,ATM_006,Urban,5,21843
2024-08-22,ATM_007,Rural,6,14011
2024-08-22,ATM_008,Suburban,9,20104
2024-08-22,ATM_009,Rural,3,9300
2024-08-22,ATM_010,Rural,6,1824
2024-08-23,ATM_001,Rural,9,17060
2024-08-23,ATM_002,Urban,2,17246
2024-08-23,ATM_003,Rural,9,2692
2024-08-23,ATM_004,Rural,9,9820
2024-08-23,ATM_005,Urban,9,21007
2024-08-23,ATM_006,Urban,3,15399
2024-08-23,ATM_007,Rural,1,6056
2024-08-23,ATM_008,Suburban,7,18769
2024-08-23,ATM_009,Rural,6,11209
2024-08-23,ATM_010,Rural,8,9695
2024-08-24,ATM_001,Rural,4,12761
2024-08-24,ATM_002,Urban,6,20084
2024-08-24,ATM_003,Rural,7,19116
2024-08-24,ATM_004,Rural,9,9443
2024-08-24,ATM_005,Urban,1,10946
2024-08-24,ATM_006,Urban,6,25962
2024-08-24,ATM_007,Rural,3,12898
2024-08-24,ATM_008,Suburban,7,13143
2024-08-24,ATM_009,Rural,7,5620
2024-08-24,ATM_010,Rural,4,16412
2024-08-25,ATM_001,Rural,2,18459
2024-08-25,ATM_002,Urban,8,10120
2024-08-25,ATM_003,Rural,4,13979
2024-08-25,ATM_004,Rural,6,5058
2024-08-25,ATM_005,Urban,9,16904
2024-08-25,ATM_006,Urban,3,10921
2024-08-25,ATM_007,Rural,4,17647
2024-08-25,ATM_008,Suburban,6,9287
2024-08-25,ATM_009,Rural,3,8300
2024-08-25,ATM_010,Rural,2,19326
2024-08-26,ATM_001,Rural,3,4331
2024-08-26,ATM_002,Urban,8,7523
2024-08-26,ATM_003,Rural,8,14914
2024-08-26,ATM_004,Rural,8,3645
2024-08-26,ATM_005,Urban,5,7103
2024-08-26,ATM_006,Urban,2,5987
2024-08-26,ATM_007,Rural,6,4031
2024-08-26,ATM_008,Suburban,4,22246
2024-08-26,ATM_009,Rural,6,9478
2024-08-26,ATM_010,Rural,5,16908
2024-08-27,ATM_001,Rural,1,4238
2024-08-27,ATM_002,Urban,9,17015
2024-08-27,ATM_003,Rural,3,7355
2024-08-27,ATM_004,Rural,4,10721
2024-08-27,ATM_005,Urban,3,5928
2024-08-27,ATM_006,Urban,7,13345
2024-08-27,ATM_007,Rural,5,4099
2024-08-27,ATM_008,Suburban,3,13916
2024-08-27,ATM_009,Rural,5,5331
2024-08-27,ATM_010,Rural,2,14366
2024-08-28,ATM_001,Rural,4,5476
2024-08-28,ATM_002,Urban,9,16522
2024-08-28,ATM_003,Rural,7,15439
2024-08-28,ATM_004,Rural,5,13892
2024-08-28,ATM_005,Urban,4,12951
2024-08-28,ATM_006,Urban,6,11611
2024-08-28,ATM_007,Rural,8,11255
2024-08-28,ATM_008,Suburban,8,20449
2024-08-28,ATM_009,Rural,2,15861
2024-08-28,ATM_010,Rural,2,18570
2024-08-29,ATM_001,Rural,1,11065
2024-08-29,ATM_002,Urban,3,9738
2024-08-29,ATM_003,Rural,8,5903
2024-08-29,ATM_004,Rural,7,11876
2024-08-29,ATM_005,Urban,7,12432
2024-08-29,ATM_006,Urban,1,15372
2024-08-29,ATM_007,Rural,2,18723
2024-08-29,ATM_008,Suburban,2,16122
2024-08-29,ATM_009,Rural,4,16203
2024-08-29,ATM_010,Rural,8,17435
2024-08-30,ATM_001,Rural,1,16831
2024-08-30,ATM_002,Urban,1,5371
2024-08-30,ATM_003,Rural,2,13984
2024-08-30,ATM_004,Rural,2,17214
2024-08-30,ATM_005,Urban,5,21728
2024-08-30,ATM_006,Urban,4,14447
2024-08-30,ATM_007,Rural,4,8649
2024-08-30,ATM_008,Suburban,6,17863
2024-08-30,ATM_009,Rural,6,3627
2024-08-30,ATM_010,Rural,1,9133
2024-08-31,ATM_001,Rural,4,4836
2024-08-31,ATM_002,Urban,6,20641
2024-08-31,ATM_003,Rural,4,8858
2024-08-31,ATM_004,Rural,3,16648
2024-08-31,ATM_005,Urban,8,21253
2024-08-31,ATM_006,Urban,2,18268
2024-08-31,ATM_007,Rural,2,17490
2024-08-31,ATM_008,Suburban,4,13353
2024-08-31,ATM_009,Rural,6,21026
2024-08-31,ATM_010,Rural,6,13904
2024-09-01,ATM_001,Rural,3,11173
2024-09-01,ATM_002,Urban,9,10162
2024-09-01,ATM_003,Rural,9,10659
2024-09-01,ATM_004,Rural,6,10822
2024-09-01,ATM_005,Urban,9,10006
2024-09-01,ATM_006,Urban,6,23614
2024-09-01,ATM_007,Rural,6,21527
2024-09-01,ATM_008,Suburban,4,17224
2024-09-01,ATM_009,Rural,8,5056
2024-09-01,ATM_010,Rural,3,16821
2024-09-02,ATM_001,Rural,8,7642
2024-09-02,ATM_002,Urban,8,7985
2024-09-02,ATM_003,Rural,3,12319
2024-09-02,ATM_004,Rural,7,16545
2024-09-02,ATM_005,Urban,3,17031
2024-09-02,ATM_006,Urban,6,18297
2024-09-02,ATM_007,Rural,6,15456
2024-09-02,ATM_008,Suburban,6,13906
2024-09-02,ATM_009,Rural,2,18192
2024-09-02,ATM_010,Rural,4,14521
2024-09-03,ATM_001,Rural,5,14980
2024-09-03,ATM_002,Urban,9,15260
2024-09-03,ATM_003,Rural,3,3501
2024-09-03,ATM_004,Rural,8,10880
2024-09-03,ATM_005,Urban,2,16498
2024-09-03,ATM_006,Urban,4,13137
2024-09-03,ATM_007,Rural,4,17429
2024-09-03,ATM_008,Suburban,2,19872
2024-09-03,ATM_009,Rural,1,12843
2024-09-03,ATM_010,Rural,4,9320
2024-09-04,ATM_001,Rural,3,10675
2024-09-04,ATM_002,Urban,8,9438
2024-09-04,ATM_003,Rural,7,5769
2024-09-04,ATM_004,Rural,4,2975
2024-09-04,ATM_005,Urban,6,12496
2024-09-04,ATM_006,Urban,4,5832
2024-09-04,ATM_007,Rural,8,9344
2024-09-04,ATM_008,Suburban,1,6908
2024-09-04,ATM_009,Rural,7,15747
2024-09-04,ATM_010,Rural,3,18763
2024-09-05,ATM_001,Rural,6,14376
2024-09-05,ATM_002,Urban,9,14735
2024-09-05,ATM_003,Rural,4,10400
2024-09-05,ATM_004,Rural,5,12706
2024-09-05,ATM_005,Urban,7,10552
2024-09-05,ATM_006,Urban,7,14842
2024-09-05,ATM_007,Rural,8,3316
2024-09-05,ATM_008,Suburban,6,14693
2024-09-05,ATM_009,Rural,6,4386
2024-09-05,ATM_010,Rural,8,12860
2024-09-06,ATM_001,Rural,2,5763
2024-09-06,ATM_002,Urban,1,21268
2024-09-06,ATM_003,Rural,6,3018
2024-09-06,ATM_004,Rural,9,7938
2024-09-06,ATM_005,Urban,9,10131
2024-09-06,ATM_006,Urban,7,16565
2024-09-06,ATM_007,Rural,1,5005
2024-09-06,ATM_008,Suburban,4,6711
2024-09-06,ATM_009,Rural,7,19414
2024-09-06,ATM_010,Rural,1,14487
2024-09-07,ATM_001,Rural,4,2997
2024-09-07,ATM_002,Urban,3,9412
2024-09-07,ATM_003,Rural,3,17048
2024-09-07,ATM_004,Rural,7,19953
2024-09-07,ATM_005,Urban,3,17447
2024-09-07,ATM_006,Urban,7,25228
2024-09-07,ATM_007,Rural,8,15859
2024-09-07,ATM_008,Suburban,6,23852
2024-09-07,ATM_009,Rural,9,7378
2024-09-07,ATM_010,Rural,9,11442
2024-09-08,ATM_001,Rural,7,10874
2024-09-08,ATM_002,Urban,9,12875
2024-09-08,ATM_003,Rural,6,17787
2024-09-08,ATM_004,Rural,9,19196
2024-09-08,ATM_005,Urban,3,10952
2024-09-08,ATM_006,Urban,1,21555
2024-09-08,ATM_007,Rural,6,20309
2024-09-08,ATM_008,Suburban,5,11841
2024-09-08,ATM_009,Rural,6,18275
2024-09-08,ATM_010,Rural,1,19602
2024-09-09,ATM_001,Rural,8,17638
2024-09-09,ATM_002,Urban,7,16230
2024-09-09,ATM_003,Rural,4,12981
2024-09-09,ATM_004,Rural,4,19334
2024-09-09,ATM_005,Urban,3,10126
2024-09-09,ATM_006,Urban,3,8967
2024-09-09,ATM_007,Rural,2,13365
2024-09-09,ATM_008,Suburban,7,4120
2024-09-09,ATM_009,Rural,1,7927
2024-09-09,ATM_010,Rural,7,18001
2024-09-10,ATM_001,Rural,2,15610
2024-09-10,ATM_002,Urban,7,9271
2024-09-10,ATM_003,Rural,4,18653
2024-09-10,ATM_004,Rural,4,2379
2024-09-10,ATM_005,Urban,4,14022
2024-09-10,ATM_006,Urban,1,15358
2024-09-10,ATM_007,Rural,3,9134
2024-09-10,ATM_008,Suburban,8,16451
2024-09-10,ATM_009,Rural,6,6547
2024-09-10,ATM_010,Rural,9,13427
2024-09-11,ATM_001,Rural,3,9919
2024-09-11,ATM_002,Urban,6,8299
2024-09-11,ATM_003,Rural,8,11358
2024-09-11,ATM_004,Rural,2,4510
2024-09-11,ATM_005,Urban,7,22639
2024-09-11,ATM_006,Urban,1,11838
2024-09-11,ATM_007,Rural,6,17933
2024-09-11,ATM_008,Suburban,5,4486
2024-09-11,ATM_009,Rural,9,12366
2024-09-11,ATM_010,Rural,6,864
2024-09-12,ATM_001,Rural,4,4727
2024-09-12,ATM_002,Urban,6,4341
2024-09-12,ATM_003,Rural,2,13865
2024-09-12,ATM_004,Rural,7,12326
2024-09-12,ATM_005,Urban,6,11133
2024-09-12,ATM_006,Urban,2,6364
2024-09-12,ATM_007,Rural,9,17612
2024-09-12,ATM_008,Suburban,7,8370
2024-09-12,ATM_009,Rural,8,12982
2024-09-12,ATM_010,Rural,3,5369
2024-09-13,ATM_001,Rural,6,1866
2024-09-13,ATM_002,Urban,5,10575
2024-09-13,ATM_003,Rural,7,7513
2024-09-13,ATM_004,Rural,2,13387
2024-09-13,ATM_005,Urban,5,5470
2024-09-13,ATM_006,Urban,3,14962
2024-09-13,ATM_007,Rural,2,11557
2024-09-13,ATM_008,Suburban,3,17386
2024-09-13,ATM_009,Rural,4,7700
2024-09-13,ATM_010,Rural,3,12623
2024-09-14,ATM_001,Rural,2,17864
2024-09-14,ATM_002,Urban,9,13632
2024-09-14,ATM_003,Rural,4,15939
2024-09-14,ATM_004,Rural,8,18810
2024-09-14,ATM_005,Urban,7,18698
2024-09-14,ATM_006,Urban,1,16213
2024-09-14,ATM_007,Rural,4,7897
2024-09-14,ATM_008,Suburban,3,17513
2024-09-14,ATM_009,Rural,4,5389
2024-09-14,ATM_010,Rural,5,13334
2024-09-15,ATM_001,Rural,3,20476
2024-09-15,ATM_002,Urban,3,26778
2024-09-15,ATM_003,Rural,5,20622
2024-09-15,ATM_004,Rural,8,3985
2024-09-15,ATM_005,Urban,4,14535
2024-09-15,ATM_006,Urban,4,10260
2024-09-15,ATM_007,Rural,4,7977
2024-09-15,ATM_008,Suburban,3,19551
2024-09-15,ATM_009,Rural,7,11208
2024-09-15,ATM_010,Rural,8,9452
2024-09-16,ATM_001,Rural,1,9057
2024-09-16,ATM_002,Urban,8,8534
2024-09-16,ATM_003,Rural,9,11859
2024-09-16,ATM_004,Rural,7,4313
2024-09-16,ATM_005,Urban,6,6844
2024-09-16,ATM_006,Urban,2,20997
2024-09-16,ATM_007,Rural,1,3292
2024-09-16,ATM_008,Suburban,7,16806
2024-09-16,ATM_009,Rural,7,10732
2024-09-16,ATM_010,Rural,2,10441
2024-09-17,ATM_001,Rural,9,17657
2024-09-17,ATM_002,Urban,7,22334
2024-09-17,ATM_003,Rural,4,8836
2024-09-17,ATM_004,Rural,1,3962
2024-09-17,ATM_005,Urban,7,17558
2024-09-17,ATM_006,Urban,6,19148
2024-09-17,ATM_007,Rural,4,19159
2024-09-17,ATM_008,Suburban,1,11694
2024-09-17,ATM_009,Rural,8,14925
2024-09-17,ATM_010,Rural,2,14636
2024-09-18,ATM_001,Rural,1,17277
2024-09-18,ATM_002,Urban,3,23105
2024-09-18,ATM_003,Rural,8,3940
2024-09-18,ATM_004,Rural,4,6006
2024-09-18,ATM_005,Urban,2,6967
2024-09-18,ATM_006,Urban,6,15677
2024-09-18,ATM_007,Rural,7,8551
2024-09-18,ATM_008,Suburban,1,11170
2024-09-18,ATM_009,Rural,8,18638
2024-09-18,ATM_010,Rural,3,5383
2024-09-19,ATM_001,Rural,6,14413
2024-09-19,ATM_002,Urban,6,12080
2024-09-19,ATM_003,Rural,8,9267
2024-09-19,ATM_004,Rural,2,13737
2024-09-19,ATM_005,Urban,7,21078
2024-09-19,ATM_006,Urban,2,22441
2024-09-19,ATM_007,Rural,9,5813
2024-09-19,ATM_008,Suburban,9,21508
2024-09-19,ATM_009,Rural,7,7576
2024-09-19,ATM_010,Rural,2,14123
2024-09-20,ATM_001,Rural,3,7333
2024-09-20,ATM_002,Urban,5,20780
2024-09-20,ATM_003,Rural,7,916
2024-09-20,ATM_004,Rural,7,9769
2024-09-20,ATM_005,Urban,6,6519
2024-09-20,ATM_006,Urban,5,8742
2024-09-20,ATM_007,Rural,9,12748
2024-09-20,ATM_008,Suburban,3,16605
2024-09-20,ATM_009,Rural,4,15504
2024-09-20,ATM_010,Rural,2,9512
2024-09-21,ATM_001,Rural,2,11640
2024-09-21,ATM_002,Urban,2,21212
2024-09-21,ATM_003,Rural,1,21438
2024-09-21,ATM_004,Rural,8,21129
2024-09-21,ATM_005,Urban,7,25224
2024-09-21,ATM_006,Urban,7,16506
2024-09-21,ATM_007,Rural,5,5926
2024-09-21,ATM_008,Suburban,9,23154
2024-09-21,ATM_009,Rural,1,4835
2024-09-21,ATM_010,Rural,6,6836
2024-09-22,ATM_001,Rural,7,6745
2024-09-22,ATM_002,Urban,2,19529
2024-09-22,ATM_003,Rural,6,9075
2024-09-22,ATM_004,Rural,5,7604
2024-09-22,ATM_005,Urban,8,17994
2024-09-22,ATM_006,Urban,1,22896
2024-09-22,ATM_007,Rural,6,10318
2024-09-22,ATM_008,Suburban,7,16406
2024-09-22,ATM_009,Rural,5,19673
2024-09-22,ATM_010,Rural,1,13071
2024-09-23,ATM_001,Rural,9,17750
2024-09-23,ATM_002,Urban,9,16535
2024-09-23,ATM_003,Rural,9,11418
2024-09-23,ATM_004,Rural,9,14086
2024-09-23,ATM_005,Urban,9,24428
2024-09-23,ATM_006,Urban,8,24014
2024-09-23,ATM_007,Rural,9,18524
2024-09-23,ATM_008,Suburban,9,2909
2024-09-23,ATM_009,Rural,6,17071
2024-09-23,ATM_010,Rural,4,15617
2024-09-24,ATM_001,Rural,9,15889
2024-09-24,ATM_002,Urban,5,22671
2024-09-24,ATM_003,Rural,3,16667
2024-09-24,ATM_004,Rural,1,6891
2024-09-24,ATM_005,Urban,4,21816
2024-09-24,ATM_006,Urban,4,22167
2024-09-24,ATM_007,Rural,5,14993
2024-09-24,ATM_008,Suburban,5,3746
2024-09-24,ATM_009,Rural,3,15585
2024-09-24,ATM_010,Rural,2,8917
2024-09-25,ATM_001,Rural,2,12401
2024-09-25,ATM_002,Urban,2,14298
2024-09-25,ATM_003,Rural,4,8955
2024-09-25,ATM_004,Rural,3,9685
2024-09-25,ATM_005,Urban,2,8504
2024-09-25,ATM_006,Urban,3,4889
2024-09-25,ATM_007,Rural,9,11823
2024-09-25,ATM_008,Suburban,3,3325
2024-09-25,ATM_009,Rural,8,11885
2024-09-25,ATM_010,Rural,6,18316
2024-09-26,ATM_001,Rural,8,12327
2024-09-26,ATM_002,Urban,7,16850
2024-09-26,ATM_003,Rural,5,10154
2024-09-26,ATM_004,Rural,7,3944
2024-09-26,ATM_005,Urban,1,13839
2024-09-26,ATM_006,Urban,5,9787
2024-09-26,ATM_007,Rural,6,4091
2024-09-26,ATM_008,Suburban,5,18831
2024-09-26,ATM_009,Rural,6,14422
2024-09-26,ATM_010,Rural,4,8996
2024-09-27,ATM_001,Rural,2,5236
2024-09-27,ATM_002,Urban,7,8511
2024-09-27,ATM_003,Rural,4,5553
2024-09-27,ATM_004,Rural,9,8546
2024-09-27,ATM_005,Urban,2,14818
2024-09-27,ATM_006,Urban,5,22781
2024-09-27,ATM_007,Rural,1,17536
2024-09-27,ATM_008,Suburban,6,6877
2024-09-27,ATM_009,Rural,2,8943
2024-09-27,ATM_010,Rural,3,9186
2024-09-28,ATM_001,Rural,6,11716
2024-09-28,ATM_002,Urban,4,20413
2024-09-28,ATM_003,Rural,3,8786
2024-09-28,ATM_004,Rural,6,3685
2024-09-28,ATM_005,Urban,8,24177
2024-09-28,ATM_006,Urban,7,7644
2024-09-28,ATM_007,Rural,6,17455
2024-09-28,ATM_008,Suburban,9,12094
2024-09-28,ATM_009,Rural,2,20380
2024-09-28,ATM_010,Rural,7,8094
2024-09-29,ATM_001,Rural,1,6259
2024-09-29,ATM_002,Urban,7,21603
2024-09-29,ATM_003,Rural,3,21498
2024-09-29,ATM_004,Rural,4,5188
2024-09-29,ATM_005,Urban,1,15139
2024-09-29,ATM_006,Urban,5,11135
2024-09-29,ATM_007,Rural,2,19176
2024-09-29,ATM_008,Suburban,1,12184
2024-09-29,ATM_009,Rural,3,21145
2024-09-29,ATM_010,Rural,7,18867
2024-09-30,ATM_001,Rural,2,8513
2024-09-30,ATM_002,Urban,9,19702
2024-09-30,ATM_003,Rural,3,4803
2024-09-30,ATM_004,Rural,3,11794
2024-09-30,ATM_005,Urban,9,13157
2024-09-30,ATM_006,Urban,6,20057
2024-09-30,ATM_007,Rural,7,2470
2024-09-30,ATM_008,Suburban,9,20540
2024-09-30,ATM_009,Rural,2,7892
2024-09-30,ATM_010,Rural,4,5874
2024-10-01,ATM_001,Rural,2,14680
2024-10-01,ATM_002,Urban,3,13764
2024-10-01,ATM_003,Rural,1,19008
2024-10-01,ATM_004,Rural,8,10364
2024-10-01,ATM_005,Urban,7,19214
2024-10-01,ATM_006,Urban,7,9736
2024-10-01,ATM_007,Rural,9,4888
2024-10-01,ATM_008,Suburban,9,4032
2024-10-01,ATM_009,Rural,7,7260
2024-10-01,ATM_010,Rural,6,19652
2024-10-02,ATM_001,Rural,4,19067
2024-10-02,ATM_002,Urban,8,7211
2024-10-02,ATM_003,Rural,2,17794
2024-10-02,ATM_004,Rural,4,14486
2024-10-02,ATM_005,Urban,4,16377
2024-10-02,ATM_006,Urban,1,12060
2024-10-02,ATM_007,Rural,1,3185
2024-10-02,ATM_008,Suburban,3,4030
2024-10-02,ATM_009,Rural,6,8072
2024-10-02,ATM_010,Rural,5,10521
2024-10-03,ATM_001,Rural,7,11055
2024-10-03,ATM_002,Urban,3,21190
2024-10-03,ATM_003,Rural,5,3947
2024-10-03,ATM_004,Rural,8,9747
2024-10-03,ATM_005,Urban,1,21350
2024-10-03,ATM_006,Urban,4,9838
2024-10-03,ATM_007,Rural,5,15513
2024-10-03,ATM_008,Suburban,6,5084
2024-10-03,ATM_009,Rural,1,8086
2024-10-03,ATM_010,Rural,9,4277
2024-10-04,ATM_001,Rural,1,17373
2024-10-04,ATM_002,Urban,4,14157
2024-10-04,ATM_003,Rural,6,16278
2024-10-04,ATM_004,Rural,7,4331
2024-10-04,ATM_005,Urban,4,21380
2024-10-04,ATM_006,Urban,6,17253
2024-10-04,ATM_007,Rural,1,5591
2024-10-04,ATM_008,Suburban,5,9390
2024-10-04,ATM_009,Rural,5,19633
2024-10-04,ATM_010,Rural,1,9873
2024-10-05,ATM_001,Rural,1,4356
2024-10-05,ATM_002,Urban,4,8186
2024-10-05,ATM_003,Rural,2,18733
2024-10-05,ATM_004,Rural,8,11650
2024-10-05,ATM_005,Urban,2,19109
2024-10-05,ATM_006,Urban,9,16659
2024-10-05,ATM_007,Rural,3,15552
2024-10-05,ATM_008,Suburban,2,12556
2024-10-05,ATM_009,Rural,8,7717
2024-10-05,ATM_010,Rural,9,19103
2024-10-06,ATM_001,Rural,8,21918
2024-10-06,ATM_002,Urban,8,11165
2024-10-06,ATM_003,Rural,7,14785
2024-10-06,ATM_004,Rural,5,3835
2024-10-06,ATM_005,Urban,4,20554
2024-10-06,ATM_006,Urban,3,15606
2024-10-06,ATM_007,Rural,6,2719
2024-10-06,ATM_008,Suburban,5,13492
2024-10-06,ATM_009,Rural,7,9621
2024-10-06,ATM_010,Rural,4,18307
2024-10-07,ATM_001,Rural,3,11072
2024-10-07,ATM_002,Urban,1,13993
2024-10-07,ATM_003,Rural,2,2658
2024-10-07,ATM_004,Rural,2,6393
2024-10-07,ATM_005,Urban,4,17889
2024-10-07,ATM_006,Urban,4,14044
2024-10-07,ATM_007,Rural,8,11954
2024-10-07,ATM_008,Suburban,1,6226
2024-10-07,ATM_009,Rural,5,19179
2024-10-07,ATM_010,Rural,3,15965
2024-10-08,ATM_001,Rural,9,7784
2024-10-08,ATM_002,Urban,8,16484
2024-10-08,ATM_003,Rural,5,7748
2024-10-08,ATM_004,Rural,6,14324
2024-10-08,ATM_005,Urban,9,6275
2024-10-08,ATM_006,Urban,2,8808
2024-10-08,ATM_007,Rural,4,8821
2024-10-08,ATM_008,Suburban,3,22945
2024-10-08,ATM_009,Rural,4,16706
2024-10-08,ATM_010,Rural,2,3306
2024-10-09,ATM_001,Rural,3,19036
2024-10-09,ATM_002,Urban,6,23383
2024-10-09,ATM_003,Rural,2,2316
2024-10-09,ATM_004,Rural,7,19338
2024-10-09,ATM_005,Urban,2,14813
2024-10-09,ATM_006,Urban,1,19193
2024-10-09,ATM_007,Rural,9,8422
2024-10-09,ATM_008,Suburban,8,15445
2024-10-09,ATM_009,Rural,8,12330
2024-10-09,ATM_010,Rural,8,8125
2024-10-10,ATM_001,Rural,5,10503
2024-10-10,ATM_002,Urban,2,19784
2024-10-10,ATM_003,Rural,3,10210
2024-10-10,ATM_004,Rural,2,8044
2024-10-10,ATM_005,Urban,1,8704
2024-10-10,ATM_006,Urban,5,21257
2024-10-10,ATM_007,Rural,9,4463
2024-10-10,ATM_008,Suburban,1,21313
2024-10-10,ATM_009,Rural,4,3489
2024-10-10,ATM_010,Rural,1,18097
2024-10-11,ATM_001,Rural,5,12842
2024-10-11,ATM_002,Urban,6,4154
2024-10-11,ATM_003,Rural,4,10021
2024-10-11,ATM_004,Rural,1,17224
2024-10-11,ATM_005,Urban,7,11782
2024-10-11,ATM_006,Urban,6,16866
2024-10-11,ATM_007,Rural,5,17726
2024-10-11,ATM_008,Suburban,5,7602
2024-10-11,ATM_009,Rural,6,11218
2024-10-11,ATM_010,Rural,9,11351
2024-10-12,ATM_001,Rural,8,9174
2024-10-12,ATM_002,Urban,8,26563
2024-10-12,ATM_003,Rural,3,8077
2024-10-12,ATM_004,Rural,8,14855
2024-10-12,ATM_005,Urban,2,7465
2024-10-12,ATM_006,Urban,8,6809
2024-10-12,ATM_007,Rural,9,6408
2024-10-12,ATM_008,Suburban,6,13159
2024-10-12,ATM_009,Rural,1,4652
2024-10-12,ATM_010,Rural,9,9068
2024-10-13,ATM_001,Rural,4,11098
2024-10-13,ATM_002,Urban,6,25431
2024-10-13,ATM_003,Rural,9,10733
2024-10-13,ATM_004,Rural,9,18202
2024-10-13,ATM_005,Urban,3,7288
2024-10-13,ATM_006,Urban,3,6751
2024-10-13,ATM_007,Rural,4,4804
2024-10-13,ATM_008,Suburban,6,25551
2024-10-13,ATM_009,Rural,6,4453
2024-10-13,ATM_010,Rural,9,14459
2024-10-14,ATM_001,Rural,7,19004
2024-10-14,ATM_002,Urban,6,11124
2024-10-14,ATM_003,Rural,9,10287
2024-10-14,ATM_004,Rural,2,18046
2024-10-14,ATM_005,Urban,2,11408
2024-10-14,ATM_006,Urban,5,19487
2024-10-14,ATM_007,Rural,1,4374
2024-10-14,ATM_008,Suburban,7,8228
2024-10-14,ATM_009,Rural,7,14562
2024-10-14,ATM_010,Rural,6,17611
2024-10-15,ATM_001,Rural,6,17049
2024-10-15,ATM_002,Urban,2,20207
2024-10-15,ATM_003,Rural,3,1567
2024-10-15,ATM_004,Rural,9,7793
2024-10-15,ATM_005,Urban,5,4731
2024-10-15,ATM_006,Urban,4,14200
2024-10-15,ATM_007,Rural,1,17931
2024-10-15,ATM_008,Suburban,5,13261
2024-10-15,ATM_009,Rural,3,5771
2024-10-15,ATM_010,Rural,3,4378
2024-10-16,ATM_001,Rural,5,3178
2024-10-16,ATM_002,Urban,4,12660
2024-10-16,ATM_003,Rural,4,17894
2024-10-16,ATM_004,Rural,8,8522
2024-10-16,ATM_005,Urban,9,11268
2024-10-16,ATM_006,Urban,4,21332
2024-10-16,ATM_007,Rural,7,16514
2024-10-16,ATM_008,Suburban,5,16939
2024-10-16,ATM_009,Rural,9,5753
2024-10-16,ATM_010,Rural,8,6510
2024-10-17,ATM_001,Rural,5,4957
2024-10-17,ATM_002,Urban,2,21285
2024-10-17,ATM_003,Rural,9,9784
2024-10-17,ATM_004,Rural,4,17491
2024-10-17,ATM_005,Urban,9,15533
2024-10-17,ATM_006,Urban,9,20901
2024-10-17,ATM_007,Rural,2,12472
2024-10-17,ATM_008,Suburban,7,4196
2024-10-17,ATM_009,Rural,8,1396
2024-10-17,ATM_010,Rural,1,19728
2024-10-18,ATM_001,Rural,1,16086
2024-10-18,ATM_002,Urban,7,5267
2024-10-18,ATM_003,Rural,8,17952
2024-10-18,ATM_004,Rural,4,15052
2024-10-18,ATM_005,Urban,1,8571
2024-10-18,ATM_006,Urban,1,17077
2024-10-18,ATM_007,Rural,6,2327
2024-10-18,ATM_008,Suburban,8,17972
2024-10-18,ATM_009,Rural,5,7502
2024-10-18,ATM_010,Rural,6,17285
2024-10-19,ATM_001,Rural,9,22294
2024-10-19,ATM_002,Urban,3,28209
2024-10-19,ATM_003,Rural,8,14847
2024-10-19,ATM_004,Rural,7,10851
2024-10-19,ATM_005,Urban,5,12925
2024-10-19,ATM_006,Urban,4,11958
2024-10-19,ATM_007,Rural,6,15353
2024-10-19,ATM_008,Suburban,9,18318
2024-10-19,ATM_009,Rural,1,14773
2024-10-19,ATM_010,Rural,5,17056
2024-10-20,ATM_001,Rural,8,12099
2024-10-20,ATM_002,Urban,7,22885
2024-10-20,ATM_003,Rural,8,3688
2024-10-20,ATM_004,Rural,5,22297
2024-10-20,ATM_005,Urban,2,7564
2024-10-20,ATM_006,Urban,8,14116
2024-10-20,ATM_007,Rural,1,17195
2024-10-20,ATM_008,Suburban,1,23922
2024-10-20,ATM_009,Rural,3,6788
2024-10-20,ATM_010,Rural,1,22317
2024-10-21,ATM_001,Rural,4,11612
2024-10-21,ATM_002,Urban,3,12596
2024-10-21,ATM_003,Rural,2,5318
2024-10-21,ATM_004,Rural,1,16044
2024-10-21,ATM_005,Urban,2,20125
2024-10-21,ATM_006,Urban,8,18946
2024-10-21,ATM_007,Rural,6,7834
2024-10-21,ATM_008,Suburban,6,19801
2024-10-21,ATM_009,Rural,2,16730
2024-10-21,ATM_010,Rural,6,1606
2024-10-22,ATM_001,Rural,8,8402
2024-10-22,ATM_002,Urban,4,16608
2024-10-22,ATM_003,Rural,8,9659
2024-10-22,ATM_004,Rural,6,9952
2024-10-22,ATM_005,Urban,8,14089
2024-10-22,ATM_006,Urban,9,14887
2024-10-22,ATM_007,Rural,4,18166
2024-10-22,ATM_008,Suburban,3,9809
2024-10-22,ATM_009,Rural,3,19130
2024-10-22,ATM_010,Rural,5,13640
2024-10-23,ATM_001,Rural,7,9185
2024-10-23,ATM_002,Urban,6,14029
2024-10-23,ATM_003,Rural,3,16484
2024-10-23,ATM_004,Rural,9,7418
2024-10-23,ATM_005,Urban,8,18414
2024-10-23,ATM_006,Urban,6,5231
2024-10-23,ATM_007,Rural,1,11472
2024-10-23,ATM_008,Suburban,6,17038
2024-10-23,ATM_009,Rural,7,13934
2024-10-23,ATM_010,Rural,8,14246
2024-10-24,ATM_001,Rural,2,8360
2024-10-24,ATM_002,Urban,6,19443
2024-10-24,ATM_003,Rural,4,13105
2024-10-24,ATM_004,Rural,6,6511
2024-10-24,ATM_005,Urban,8,7112
2024-10-24,ATM_006,Urban,5,14500
2024-10-24,ATM_007,Rural,9,11573
2024-10-24,ATM_008,Suburban,5,3497
2024-10-24,ATM_009,Rural,4,7823
2024-10-24,ATM_010,Rural,4,6285
2024-10-25,ATM_001,Rural,4,14784
2024-10-25,ATM_002,Urban,3,18225
2024-10-25,ATM_003,Rural,1,9180
2024-10-25,ATM_004,Rural,9,6632
2024-10-25,ATM_005,Urban,7,22281
2024-10-25,ATM_006,Urban,8,8624
2024-10-25,ATM_007,Rural,2,9737
2024-10-25,ATM_008,Suburban,3,13570
2024-10-25,ATM_009,Rural,9,13091
2024-10-25,ATM_010,Rural,4,6329
2024-10-26,ATM_001,Rural,5,20200
2024-10-26,ATM_002,Urban,3,11780
2024-10-26,ATM_003,Rural,1,16606
2024-10-26,ATM_004,Rural,4,11817
2024-10-26,ATM_005,Urban,4,16527
2024-10-26,ATM_006,Urban,7,24458
2024-10-26,ATM_007,Rural,4,7447
2024-10-26,ATM_008,Suburban,9,7146
2024-10-26,ATM_009,Rural,3,5586
2024-10-26,ATM_010,Rural,7,14700
2024-10-27,ATM_001,Rural,7,13219
2024-10-27,ATM_002,Urban,8,17365
2024-10-27,ATM_003,Rural,8,16827
2024-10-27,ATM_004,Rural,9,13648
2024-10-27,ATM_005,Urban,5,13313
2024-10-27,ATM_006,Urban,9,9523
2024-10-27,ATM_007,Rural,2,13015
2024-10-27,ATM_008,Suburban,9,23943
2024-10-27,ATM_009,Rural,3,17978
2024-10-27,ATM_010,Rural,1,23141
2024-10-28,ATM_001,Rural,5,9252
2024-10-28,ATM_002,Urban,8,5235
2024-10-28,ATM_003,Rural,3,6379
2024-10-28,ATM_004,Rural,1,18326
2024-10-28,ATM_005,Urban,4,11027
2024-10-28,ATM_006,Urban,8,9371
2024-10-28,ATM_007,Rural,3,6223
2024-10-28,ATM_008,Suburban,7,9685
2024-10-28,ATM_009,Rural,7,7521
2024-10-28,ATM_010,Rural,6,16673
2024-10-29,ATM_001,Rural,4,13507
2024-10-29,ATM_002,Urban,2,21198
2024-10-29,ATM_003,Rural,4,10518
2024-10-29,ATM_004,Rural,7,5104
2024-10-29,ATM_005,Urban,8,14480
2024-10-29,ATM_006,Urban,3,19988
2024-10-29,ATM_007,Rural,8,6805
2024-10-29,ATM_008,Suburban,4,3938
2024-10-29,ATM_009,Rural,5,12069
2024-10-29,ATM_010,Rural,4,14737
2024-10-30,ATM_001,Rural,6,9815
2024-10-30,ATM_002,Urban,7,16873
2024-10-30,ATM_003,Rural,4,12097
2024-10-30,ATM_004,Rural,3,20317
2024-10-30,ATM_005,Urban,5,21501
2024-10-30,ATM_006,Urban,4,7894
2024-10-30,ATM_007,Rural,6,8244
2024-10-30,ATM_008,Suburban,8,16963
2024-10-30,ATM_009,Rural,5,14654
2024-10-30,ATM_010,Rural,1,17082
2024-10-31,ATM_001,Rural,5,6165
2024-10-31,ATM_002,Urban,6,15717
2024-10-31,ATM_003,Rural,8,2196
2024-10-31,ATM_004,Rural,4,17686
2024-10-31,ATM_005,Urban,5,6971
2024-10-31,ATM_006,Urban,4,20381
2024-10-31,ATM_007,Rural,1,18074
2024-10-31,ATM_008,Suburban,8,19992
2024-10-31,ATM_009,Rural,9,2046
2024-10-31,ATM_010,Rural,8,4554
2024-11-01,ATM_001,Rural,4,10839
2024-11-01,ATM_002,Urban,4,21500
2024-11-01,ATM_003,Rural,8,3072
2024-11-01,ATM_004,Rural,7,16902
2024-11-01,ATM_005,Urban,2,22572
2024-11-01,ATM_006,Urban,2,13954
2024-11-01,ATM_007,Rural,7,16915
2024-11-01,ATM_008,Suburban,9,12896
2024-11-01,ATM_009,Rural,8,19256
2024-11-01,ATM_010,Rural,9,10109
2024-11-02,ATM_001,Rural,4,14520
2024-11-02,ATM_002,Urban,5,20754
2024-11-02,ATM_003,Rural,1,7741
2024-11-02,ATM_004,Rural,1,15418
2024-11-02,ATM_005,Urban,8,16141
2024-11-02,ATM_006,Urban,8,15577
2024-11-02,ATM_007,Rural,9,14265
2024-11-02,ATM_008,Suburban,8,6123
2024-11-02,ATM_009,Rural,3,6327
2024-11-02,ATM_010,Rural,7,20041
2024-11-03,ATM_001,Rural,1,18028
2024-11-03,ATM_002,Urban,6,13261
2024-11-03,ATM_003,Rural,7,9737
2024-11-03,ATM_004,Rural,4,11710
2024-11-03,ATM_005,Urban,4,19089
2024-11-03,ATM_006,Urban,8,18763
2024-11-03,ATM_007,Rural,6,19677
2024-11-03,ATM_008,Suburban,6,15752
2024-11-03,ATM_009,Rural,6,9867
2024-11-03,ATM_010,Rural,1,16374
2024-11-04,ATM_001,Rural,5,4668
2024-11-04,ATM_002,Urban,7,9105
2024-11-04,ATM_003,Rural,1,8054
2024-11-04,ATM_004,Rural,8,19027
2024-11-04,ATM_005,Urban,9,18647
2024-11-04,ATM_006,Urban,6,7917
2024-11-04,ATM_007,Rural,4,15295
2024-11-04,ATM_008,Suburban,6,8764
2024-11-04,ATM_009,Rural,9,15042
2024-11-04,ATM_010,Rural,3,6584
2024-11-05,ATM_001,Rural,9,14351
2024-11-05,ATM_002,Urban,2,6126
2024-11-05,ATM_003,Rural,9,13272
2024-11-05,ATM_004,Rural,9,4382
2024-11-05,ATM_005,Urban,5,16954
2024-11-05,ATM_006,Urban,3,17027
2024-11-05,ATM_007,Rural,9,4302
2024-11-05,ATM_008,Suburban,8,17455
2024-11-05,ATM_009,Rural,2,14938
2024-11-05,ATM_010,Rural,9,14134
2024-11-06,ATM_001,Rural,5,3141
2024-11-06,ATM_002,Urban,7,16499
2024-11-06,ATM_003,Rural,3,11223
2024-11-06,ATM_004,Rural,4,13103
2024-11-06,ATM_005,Urban,2,21531
2024-11-06,ATM_006,Urban,7,20199
2024-11-06,ATM_007,Rural,2,7573
2024-11-06,ATM_008,Suburban,9,20683
2024-11-06,ATM_009,Rural,7,1810
2024-11-06,ATM_010,Rural,2,19150
2024-11-07,ATM_001,Rural,6,2467
2024-11-07,ATM_002,Urban,9,19364
2024-11-07,ATM_003,Rural,7,15121
2024-11-07,ATM_004,Rural,5,3043
2024-11-07,ATM_005,Urban,8,8031
2024-11-07,ATM_006,Urban,8,15718
2024-11-07,ATM_007,Rural,6,9801
2024-11-07,ATM_008,Suburban,3,7114
2024-11-07,ATM_009,Rural,3,9352
2024-11-07,ATM_010,Rural,3,9566
2024-11-08,ATM_001,Rural,2,16139
2024-11-08,ATM_002,Urban,4,12732
2024-11-08,ATM_003,Rural,5,16377
2024-11-08,ATM_004,Rural,2,13723
2024-11-08,ATM_005,Urban,4,9675
2024-11-08,ATM_006,Urban,6,11264
2024-11-08,ATM_007,Rural,1,10548
2024-11-08,ATM_008,Suburban,8,4332
2024-11-08,ATM_009,Rural,5,6905
2024-11-08,ATM_010,Rural,7,1800
2024-11-09,ATM_001,Rural,8,7287
2024-11-09,ATM_002,Urban,6,11646
2024-11-09,ATM_003,Rural,6,6107
2024-11-09,ATM_004,Rural,5,10785
2024-11-09,ATM_005,Urban,7,17691
2024-11-09,ATM_006,Urban,2,19243
2024-11-09,ATM_007,Rural,8,10169
2024-11-09,ATM_008,Suburban,5,10412
2024-11-09,ATM_009,Rural,6,18426
2024-11-09,ATM_010,Rural,1,12376
2024-11-10,ATM_001,Rural,6,14459
2024-11-10,ATM_002,Urban,9,25601
2024-11-10,ATM_003,Rural,1,12520
2024-11-10,ATM_004,Rural,7,14916
2024-11-10,ATM_005,Urban,6,19590
2024-11-10,ATM_006,Urban,1,15445
2024-11-10,ATM_007,Rural,9,5525
2024-11-10,ATM_008,Suburban,8,15742
2024-11-10,ATM_009,Rural,6,2752
2024-11-10,ATM_010,Rural,9,16830
2024-11-11,ATM_001,Rural,8,17984
2024-11-11,ATM_002,Urban,9,5759
2024-11-11,ATM_003,Rural,9,4645
2024-11-11,ATM_004,Rural,7,6521
2024-11-11,ATM_005,Urban,4,22596
2024-11-11,ATM_006,Urban,1,10905
2024-11-11,ATM_007,Rural,5,12876
2024-11-11,ATM_008,Suburban,9,5984
2024-11-11,ATM_009,Rural,3,1102
2024-11-11,ATM_010,Rural,5,8150
2024-11-12,ATM_001,Rural,4,17776
2024-11-12,ATM_002,Urban,7,13894
2024-11-12,ATM_003,Rural,2,7779
2024-11-12,ATM_004,Rural,5,12776
2024-11-12,ATM_005,Urban,6,5533
2024-11-12,ATM_006,Urban,4,18309
2024-11-12,ATM_007,Rural,8,17662
2024-11-12,ATM_008,Suburban,1,18814
2024-11-12,ATM_009,Rural,3,17081
2024-11-12,ATM_010,Rural,3,19358
2024-11-13,ATM_001,Rural,4,17153
2024-11-13,ATM_002,Urban,9,10722
2024-11-13,ATM_003,Rural,1,4046
2024-11-13,ATM_004,Rural,5,4401
2024-11-13,ATM_005,Urban,9,13421
2024-11-13,ATM_006,Urban,8,19705
2024-11-13,ATM_007,Rural,3,8042
2024-11-13,ATM_008,Suburban,4,4517
2024-11-13,ATM_009,Rural,9,5471
2024-11-13,ATM_010,Rural,2,18720
2024-11-14,ATM_001,Rural,4,7860
2024-11-14,ATM_002,Urban,7,19347
2024-11-14,ATM_003,Rural,1,2376
2024-11-14,ATM_004,Rural,6,6911
2024-11-14,ATM_005,Urban,2,10047
2024-11-14,ATM_006,Urban,3,13872
2024-11-14,ATM_007,Rural,5,18110
2024-11-14,ATM_008,Suburban,6,7012
2024-11-14,ATM_009,Rural,4,16804
2024-11-14,ATM_010,Rural,8,8558
2024-11-15,ATM_001,Rural,3,1741
2024-11-15,ATM_002,Urban,2,18068
2024-11-15,ATM_003,Rural,4,18402
2024-11-15,ATM_004,Rural,8,18859
2024-11-15,ATM_005,Urban,2,9444
2024-11-15,ATM_006,Urban,9,13175
2024-11-15,ATM_007,Rural,2,15044
2024-11-15,ATM_008,Suburban,6,5937
2024-11-15,ATM_009,Rural,2,966
2024-11-15,ATM_010,Rural,9,5640
2024-11-16,ATM_001,Rural,4,16095
2024-11-16,ATM_002,Urban,5,20447
2024-11-16,ATM_003,Rural,5,8586
2024-11-16,ATM_004,Rural,5,7190
2024-11-16,ATM_005,Urban,7,7787
2024-11-16,ATM_006,Urban,2,20157
2024-11-16,ATM_007,Rural,4,16511
2024-11-16,ATM_008,Suburban,4,10319
2024-11-16,ATM_009,Rural,4,4540
2024-11-16,ATM_010,Rural,2,7884
2024-11-17,ATM_001,Rural,6,7100
2024-11-17,ATM_002,Urban,1,15888
2024-11-17,ATM_003,Rural,1,15660
2024-11-17,ATM_004,Rural,5,13552
2024-11-17,ATM_005,Urban,6,15081
2024-11-17,ATM_006,Urban,4,18480
2024-11-17,ATM_007,Rural,3,12006
2024-11-17,ATM_008,Suburban,7,17515
2024-11-17,ATM_009,Rural,8,5370
2024-11-17,ATM_010,Rural,1,6568
2024-11-18,ATM_001,Rural,6,10686
2024-11-18,ATM_002,Urban,9,18512
2024-11-18,ATM_003,Rural,6,11775
2024-11-18,ATM_004,Rural,4,12390
2024-11-18,ATM_005,Urban,8,10138
2024-11-18,ATM_006,Urban,3,12970
2024-11-18,ATM_007,Rural,9,5370
2024-11-18,ATM_008,Suburban,4,16779
2024-11-18,ATM_009,Rural,7,19900
2024-11-18,ATM_010,Rural,8,10990
2024-11-19,ATM_001,Rural,6,4317
2024-11-19,ATM_002,Urban,9,10347
2024-11-19,ATM_003,Rural,9,10910
2024-11-19,ATM_004,Rural,2,9154
2024-11-19,ATM_005,Urban,6,22257
2024-11-19,ATM_006,Urban,3,20632
2024-11-19,ATM_007,Rural,5,12250
2024-11-19,ATM_008,Suburban,7,5623
2024-11-19,ATM_009,Rural,8,6740
2024-11-19,ATM_010,Rural,7,4807
2024-11-20,ATM_001,Rural,7,14241
2024-11-20,ATM_002,Urban,1,21825
2024-11-20,ATM_003,Rural,8,5799
2024-11-20,ATM_004,Rural,7,4336
2024-11-20,ATM_005,Urban,3,17805
2024-11-20,ATM_006,Urban,5,20986
2024-11-20,ATM_007,Rural,5,10369
2024-11-20,ATM_008,Suburban,7,6344
2024-11-20,ATM_009,Rural,2,16818
2024-11-20,ATM_010,Rural,7,2373
2024-11-21,ATM_001,Rural,3,1700
2024-11-21,ATM_002,Urban,8,7323
2024-11-21,ATM_003,Rural,7,19615
2024-11-21,ATM_004,Rural,3,7591
2024-11-21,ATM_005,Urban,8,17398
2024-11-21,ATM_006,Urban,8,13314
2024-11-21,ATM_007,Rural,2,5882
2024-11-21,ATM_008,Suburban,2,16321
2024-11-21,ATM_009,Rural,1,18968
2024-11-21,ATM_010,Rural,3,14632
2024-11-22,ATM_001,Rural,5,12658
2024-11-22,ATM_002,Urban,4,20718
2024-11-22,ATM_003,Rural,7,16756
2024-11-22,ATM_004,Rural,2,19200
2024-11-22,ATM_005,Urban,1,15039
2024-11-22,ATM_006,Urban,3,7500
2024-11-22,ATM_007,Rural,9,9237
2024-11-22,ATM_008,Suburban,1,12903
2024-11-22,ATM_009,Rural,3,2675
2024-11-22,ATM_010,Rural,6,5478
2024-11-23,ATM_001,Rural,5,8664
2024-11-23,ATM_002,Urban,3,12646
2024-11-23,ATM_003,Rural,1,15329
2024-11-23,ATM_004,Rural,3,14307
2024-11-23,ATM_005,Urban,1,14178
2024-11-23,ATM_006,Urban,2,13768
2024-11-23,ATM_007,Rural,6,17893
2024-11-23,ATM_008,Suburban,7,15827
2024-11-23,ATM_009,Rural,6,7198
2024-11-23,ATM_010,Rural,2,22064
2024-11-24,ATM_001,Rural,5,11361
2024-11-24,ATM_002,Urban,7,12380
2024-11-24,ATM_003,Rural,5,14150
2024-11-24,ATM_004,Rural,8,15046
2024-11-24,ATM_005,Urban,9,16767
2024-11-24,ATM_006,Urban,9,14002
2024-11-24,ATM_007,Rural,2,19094
2024-11-24,ATM_008,Suburban,6,10843
2024-11-24,ATM_009,Rural,9,18597
2024-11-24,ATM_010,Rural,4,13057
2024-11-25,ATM_001,Rural,4,15831
2024-11-25,ATM_002,Urban,3,16105
2024-11-25,ATM_003,Rural,6,5461
2024-11-25,ATM_004,Rural,8,10701
2024-11-25,ATM_005,Urban,3,19808
2024-11-25,ATM_006,Urban,9,6991
2024-11-25,ATM_007,Rural,2,9924
2024-11-25,ATM_008,Suburban,6,7890
2024-11-25,ATM_009,Rural,1,7735
2024-11-25,ATM_010,Rural,5,1113
2024-11-26,ATM_001,Rural,1,17890
2024-11-26,ATM_002,Urban,5,20773
2024-11-26,ATM_003,Rural,8,14694
2024-11-26,ATM_004,Rural,5,7893
2024-11-26,ATM_005,Urban,2,22627
2024-11-26,ATM_006,Urban,9,6064
2024-11-26,ATM_007,Rural,8,7708
2024-11-26,ATM_008,Suburban,4,23022
2024-11-26,ATM_009,Rural,4,9915
2024-11-26,ATM_010,Rural,4,6842
2024-11-27,ATM_001,Rural,8,1137
2024-11-27,ATM_002,Urban,8,24013
2024-11-27,ATM_003,Rural,4,3091
2024-11-27,ATM_004,Rural,6,1045
2024-11-27,ATM_005,Urban,2,13110
2024-11-27,ATM_006,Urban,7,15143
2024-11-27,ATM_007,Rural,9,14035
2024-11-27,ATM_008,Suburban,6,9590
2024-11-27,ATM_009,Rural,9,12619
2024-11-27,ATM_010,Rural,8,12899
2024-11-28,ATM_001,Rural,4,3923
2024-11-28,ATM_002,Urban,9,9866
2024-11-28,ATM_003,Rural,1,19029
2024-11-28,ATM_004,Rural,9,18925
2024-11-28,ATM_005,Urban,3,5167
2024-11-28,ATM_006,Urban,6,21708
2024-11-28,ATM_007,Rural,1,9843
2024-11-28,ATM_008,Suburban,7,7652
2024-11-28,ATM_009,Rural,8,5801
2024-11-28,ATM_010,Rural,7,2765
2024-11-29,ATM_001,Rural,9,4250
2024-11-29,ATM_002,Urban,5,17395
2024-11-29,ATM_003,Rural,8,10586
2024-11-29,ATM_004,Rural,1,2148
2024-11-29,ATM_005,Urban,5,5708
2024-11-29,ATM_006,Urban,4,13670
2024-11-29,ATM_007,Rural,2,12604
2024-11-29,ATM_008,Suburban,8,19528
2024-11-29,ATM_009,Rural,4,1596
2024-11-29,ATM_010,Rural,8,10542
2024-11-30,ATM_001,Rural,7,21242
2024-11-30,ATM_002,Urban,9,13505
2024-11-30,ATM_003,Rural,2,12206
2024-11-30,ATM_004,Rural,7,16330
2024-11-30,ATM_005,Urban,7,21372
2024-11-30,ATM_006,Urban,2,13920
2024-11-30,ATM_007,Rural,9,15234
2024-11-30,ATM_008,Suburban,6,13364
2024-11-30,ATM_009,Rural,1,20515
2024-11-30,ATM_010,Rural,2,9386
2024-12-01,ATM_001,Rural,7,10399
2024-12-01,ATM_002,Urban,1,17245
2024-12-01,ATM_003,Rural,9,20591
2024-12-01,ATM_004,Rural,6,6891
2024-12-01,ATM_005,Urban,6,14876
2024-12-01,ATM_006,Urban,3,15788
2024-12-01,ATM_007,Rural,7,13501
2024-12-01,ATM_008,Suburban,1,17832
2024-12-01,ATM_009,Rural,3,19049
2024-12-01,ATM_010,Rural,8,14610
2024-12-02,ATM_001,Rural,2,13999
2024-12-02,ATM_002,Urban,6,23362
2024-12-02,ATM_003,Rural,3,16266
2024-12-02,ATM_004,Rural,2,3353
2024-12-02,ATM_005,Urban,9,7848
2024-12-02,ATM_006,Urban,6,17164
2024-12-02,ATM_007,Rural,9,17157
2024-12-02,ATM_008,Suburban,6,3720
2024-12-02,ATM_009,Rural,6,9406
2024-12-02,ATM_010,Rural,6,18441
2024-12-03,ATM_001,Rural,1,12264
2024-12-03,ATM_002,Urban,2,21890
2024-12-03,ATM_003,Rural,8,7782
2024-12-03,ATM_004,Rural,5,9253
2024-12-03,ATM_005,Urban,4,21497
2024-12-03,ATM_006,Urban,3,16139
2024-12-03,ATM_007,Rural,7,9485
2024-12-03,ATM_008,Suburban,6,10736
2024-12-03,ATM_009,Rural,3,14194
2024-12-03,ATM_010,Rural,6,14628
2024-12-04,ATM_001,Rural,7,6624
2024-12-04,ATM_002,Urban,4,16675
2024-12-04,ATM_003,Rural,2,16968
2024-12-04,ATM_004,Rural,7,2822
2024-12-04,ATM_005,Urban,5,5932
2024-12-04,ATM_006,Urban,6,15002
2024-12-04,ATM_007,Rural,5,13646
2024-12-04,ATM_008,Suburban,8,17472
2024-12-04,ATM_009,Rural,2,10061
2024-12-04,ATM_010,Rural,1,14402
2024-12-05,ATM_001,Rural,8,12944
2024-12-05,ATM_002,Urban,7,4242
2024-12-05,ATM_003,Rural,1,7379
2024-12-05,ATM_004,Rural,7,9536
2024-12-05,ATM_005,Urban,8,8982
2024-12-05,ATM_006,Urban,2,5137
2024-12-05,ATM_007,Rural,5,2797
2024-12-05,ATM_008,Suburban,8,10828
2024-12-05,ATM_009,Rural,3,4796
2024-12-05,ATM_010,Rural,4,12147
2024-12-06,ATM_001,Rural,4,2958
2024-12-06,ATM_002,Urban,4,21753
2024-12-06,ATM_003,Rural,7,20327
2024-12-06,ATM_004,Rural,5,7323
2024-12-06,ATM_005,Urban,5,9364
2024-12-06,ATM_006,Urban,7,21787
2024-12-06,ATM_007,Rural,1,9927
2024-12-06,ATM_008,Suburban,7,5746
2024-12-06,ATM_009,Rural,2,18998
2024-12-06,ATM_010,Rural,4,1505
2024-12-07,ATM_001,Rural,3,10472
2024-12-07,ATM_002,Urban,7,26683
2024-12-07,ATM_003,Rural,1,14591
2024-12-07,ATM_004,Rural,4,19453
2024-12-07,ATM_005,Urban,2,17897
2024-12-07,ATM_006,Urban,1,7274
2024-12-07,ATM_007,Rural,1,5722
2024-12-07,ATM_008,Suburban,3,12342
2024-12-07,ATM_009,Rural,2,12614
2024-12-07,ATM_010,Rural,4,18997
2024-12-08,ATM_001,Rural,7,5821
2024-12-08,ATM_002,Urban,1,18468
2024-12-08,ATM_003,Rural,5,19150
2024-12-08,ATM_004,Rural,4,13446
2024-12-08,ATM_005,Urban,4,10014
2024-12-08,ATM_006,Urban,6,19084
2024-12-08,ATM_007,Rural,7,5882
2024-12-08,ATM_008,Suburban,8,20655
2024-12-08,ATM_009,Rural,2,4934
2024-12-08,ATM_010,Rural,6,17530
2024-12-09,ATM_001,Rural,2,17449
2024-12-09,ATM_002,Urban,9,17047
2024-12-09,ATM_003,Rural,7,17399
2024-12-09,ATM_004,Rural,3,19467
2024-12-09,ATM_005,Urban,2,15025
2024-12-09,ATM_006,Urban,5,16648
2024-12-09,ATM_007,Rural,9,924
2024-12-09,ATM_008,Suburban,1,17569
2024-12-09,ATM_009,Rural,7,718
2024-12-09,ATM_010,Rural,7,5792
2024-12-10,ATM_001,Rural,4,15367
2024-12-10,ATM_002,Urban,1,23693
2024-12-10,ATM_003,Rural,2,10484
2024-12-10,ATM_004,Rural,2,9953
2024-12-10,ATM_005,Urban,6,18513
2024-12-10,ATM_006,Urban,8,19028
2024-12-10,ATM_007,Rural,4,12463
2024-12-10,ATM_008,Suburban,1,5549
2024-12-10,ATM_009,Rural,4,3457
2024-12-10,ATM_010,Rural,7,13299
2024-12-11,ATM_001,Rural,5,11845
2024-12-11,ATM_002,Urban,8,19861
2024-12-11,ATM_003,Rural,1,11016
2024-12-11,ATM_004,Rural,2,4854
2024-12-11,ATM_005,Urban,2,13076
2024-12-11,ATM_006,Urban,6,7146
2024-12-11,ATM_007,Rural,3,1611
2024-12-11,ATM_008,Suburban,6,13905
2024-12-11,ATM_009,Rural,3,16062
2024-12-11,ATM_010,Rural,4,15282
2024-12-12,ATM_001,Rural,4,19332
2024-12-12,ATM_002,Urban,6,6833
2024-12-12,ATM_003,Rural,5,6571
2024-12-12,ATM_004,Rural,7,8124
2024-12-12,ATM_005,Urban,8,20568
2024-12-12,ATM_006,Urban,3,4771
2024-12-12,ATM_007,Rural,8,4896
2024-12-12,ATM_008,Suburban,9,17359
2024-12-12,ATM_009,Rural,9,4817
2024-12-12,ATM_010,Rural,9,18306
2024-12-13,ATM_001,Rural,2,18779
2024-12-13,ATM_002,Urban,2,11833
2024-12-13,ATM_003,Rural,2,17885
2024-12-13,ATM_004,Rural,2,11677
2024-12-13,ATM_005,Urban,7,14110
2024-12-13,ATM_006,Urban,5,17739
2024-12-13,ATM_007,Rural,3,12656
2024-12-13,ATM_008,Suburban,7,16992
2024-12-13,ATM_009,Rural,4,3577
2024-12-13,ATM_010,Rural,5,16243
2024-12-14,ATM_001,Rural,1,12022
2024-12-14,ATM_002,Urban,9,16207
2024-12-14,ATM_003,Rural,9,17394
2024-12-14,ATM_004,Rural,8,16366
2024-12-14,ATM_005,Urban,6,13066
2024-12-14,ATM_006,Urban,3,13056
2024-12-14,ATM_007,Rural,6,17177
2024-12-14,ATM_008,Suburban,8,8687
2024-12-14,ATM_009,Rural,1,13811
2024-12-14,ATM_010,Rural,4,18239
2024-12-15,ATM_001,Rural,8,14892
2024-12-15,ATM_002,Urban,7,23080
2024-12-15,ATM_003,Rural,9,17916
2024-12-15,ATM_004,Rural,7,11272
2024-12-15,ATM_005,Urban,9,21268
2024-12-15,ATM_006,Urban,1,17181
2024-12-15,ATM_007,Rural,9,14382
2024-12-15,ATM_008,Suburban,9,10468
2024-12-15,ATM_009,Rural,5,22020
2024-12-15,ATM_010,Rural,8,12926
2024-12-16,ATM_001,Rural,6,5409
2024-12-16,ATM_002,Urban,8,9906
2024-12-16,ATM_003,Rural,4,13098
2024-12-16,ATM_004,Rural,2,16534
2024-12-16,ATM_005,Urban,5,16207
2024-12-16,ATM_006,Urban,1,21718
2024-12-16,ATM_007,Rural,9,17283
2024-12-16,ATM_008,Suburban,7,10469
2024-12-16,ATM_009,Rural,1,15709
2024-12-16,ATM_010,Rural,1,3284
2024-12-17,ATM_001,Rural,3,4755
2024-12-17,ATM_002,Urban,8,11366
2024-12-17,ATM_003,Rural,7,10255
2024-12-17,ATM_004,Rural,8,10838
2024-12-17,ATM_005,Urban,2,12951
2024-12-17,ATM_006,Urban,4,24171
2024-12-17,ATM_007,Rural,1,17518
2024-12-17,ATM_008,Suburban,2,3494
2024-12-17,ATM_009,Rural,9,5949
2024-12-17,ATM_010,Rural,7,6709
2024-12-18,ATM_001,Rural,7,8617
2024-12-18,ATM_002,Urban,2,18709
2024-12-18,ATM_003,Rural,1,15846
2024-12-18,ATM_004,Rural,5,1303
2024-12-18,ATM_005,Urban,4,15355
2024-12-18,ATM_006,Urban,8,21157
2024-12-18,ATM_007,Rural,9,10134
2024-12-18,ATM_008,Suburban,6,9388
2024-12-18,ATM_009,Rural,7,7439
2024-12-18,ATM_010,Rural,6,9406
2024-12-19,ATM_001,Rural,2,16273
2024-12-19,ATM_002,Urban,7,20489
2024-12-19,ATM_003,Rural,7,10259
2024-12-19,ATM_004,Rural,8,9316
2024-12-19,ATM_005,Urban,9,5402
2024-12-19,ATM_006,Urban,7,20630
2024-12-19,ATM_007,Rural,5,13881
2024-12-19,ATM_008,Suburban,1,12683
2024-12-19,ATM_009,Rural,2,10749
2024-12-19,ATM_010,Rural,4,5836
2024-12-20,ATM_001,Rural,6,10454
2024-12-20,ATM_002,Urban,5,10595
2024-12-20,ATM_003,Rural,2,2010
2024-12-20,ATM_004,Rural,5,7866
2024-12-20,ATM_005,Urban,1,10221
2024-12-20,ATM_006,Urban,3,19929
2024-12-20,ATM_007,Rural,9,15648
2024-12-20,ATM_008,Suburban,7,5183
2024-12-20,ATM_009,Rural,9,17598
2024-12-20,ATM_010,Rural,8,14762
2024-12-21,ATM_001,Rural,7,8924
2024-12-21,ATM_002,Urban,9,18409
2024-12-21,ATM_003,Rural,1,21840
2024-12-21,ATM_004,Rural,5,17700
2024-12-21,ATM_005,Urban,3,16930
2024-12-21,ATM_006,Urban,3,11681
2024-12-21,ATM_007,Rural,9,19988
2024-12-21,ATM_008,Suburban,3,17044
2024-12-21,ATM_009,Rural,1,11230
2024-12-21,ATM_010,Rural,4,18437
2024-12-22,ATM_001,Rural,5,19110
2024-12-22,ATM_002,Urban,9,7585
2024-12-22,ATM_003,Rural,4,19842
2024-12-22,ATM_004,Rural,5,8382
2024-12-22,ATM_005,Urban,8,17170
2024-12-22,ATM_006,Urban,1,15773
2024-12-22,ATM_007,Rural,2,13554
2024-12-22,ATM_008,Suburban,3,21830
2024-12-22,ATM_009,Rural,6,7887
2024-12-22,ATM_010,Rural,8,13606
2024-12-23,ATM_001,Rural,2,18530
2024-12-23,ATM_002,Urban,1,13374
2024-12-23,ATM_003,Rural,2,7428
2024-12-23,ATM_004,Rural,6,8658
2024-12-23,ATM_005,Urban,4,5858
2024-12-23,ATM_006,Urban,6,13447
2024-12-23,ATM_007,Rural,4,5193
2024-12-23,ATM_008,Suburban,1,20610
2024-12-23,ATM_009,Rural,4,11935
2024-12-23,ATM_010,Rural,3,4770
2024-12-24,ATM_001,Rural,9,3755
2024-12-24,ATM_002,Urban,5,10969
2024-12-24,ATM_003,Rural,4,18159
2024-12-24,ATM_004,Rural,3,4984
2024-12-24,ATM_005,Urban,7,16558
2024-12-24,ATM_006,Urban,7,4777
2024-12-24,ATM_007,Rural,3,16023
2024-12-24,ATM_008,Suburban,8,19671
2024-12-24,ATM_009,Rural,3,7781
2024-12-24,ATM_010,Rural,3,6542
2024-12-25,ATM_001,Rural,2,18177
2024-12-25,ATM_002,Urban,7,16163
2024-12-25,ATM_003,Rural,4,15367
2024-12-25,ATM_004,Rural,7,18415
2024-12-25,ATM_005,Urban,2,21019
2024-12-25,ATM_006,Urban,6,10184
2024-12-25,ATM_007,Rural,2,17818
2024-12-25,ATM_008,Suburban,8,13720
2024-12-25,ATM_009,Rural,6,6426
2024-12-25,ATM_010,Rural,8,5553
2024-12-26,ATM_001,Rural,6,10646
2024-12-26,ATM_002,Urban,5,7821
2024-12-26,ATM_003,Rural,5,14925
2024-12-26,ATM_004,Rural,9,4677
2024-12-26,ATM_005,Urban,5,20280
2024-12-26,ATM_006,Urban,7,7226
2024-12-26,ATM_007,Rural,8,10955
2024-12-26,ATM_008,Suburban,5,17569
2024-12-26,ATM_009,Rural,4,5824
2024-12-26,ATM_010,Rural,3,19557
2024-12-27,ATM_001,Rural,5,2013
2024-12-27,ATM_002,Urban,1,8695
2024-12-27,ATM_003,Rural,5,6905
2024-12-27,ATM_004,Rural,9,15128
2024-12-27,ATM_005,Urban,6,8514
2024-12-27,ATM_006,Urban,8,10373
2024-12-27,ATM_007,Rural,5,8179
2024-12-27,ATM_008,Suburban,9,6498
2024-12-27,ATM_009,Rural,5,5628
2024-12-27,ATM_010,Rural,2,9398
2024-12-28,ATM_001,Rural,8,2829
2024-12-28,ATM_002,Urban,7,14644
2024-12-28,ATM_003,Rural,4,8460
2024-12-28,ATM_004,Rural,2,5799
2024-12-28,ATM_005,Urban,3,15174
2024-12-28,ATM_006,Urban,6,13537
2024-12-28,ATM_007,Rural,8,13383
2024-12-28,ATM_008,Suburban,7,21769
2024-12-28,ATM_009,Rural,6,16216
2024-12-28,ATM_010,Rural,2,21611
2024-12-29,ATM_001,Rural,5,11909
2024-12-29,ATM_002,Urban,9,18923
2024-12-29,ATM_003,Rural,2,13067
2024-12-29,ATM_004,Rural,1,16094
2024-12-29,ATM_005,Urban,6,22769
2024-12-29,ATM_006,Urban,3,10081
2024-12-29,ATM_007,Rural,7,12599
2024-12-29,ATM_008,Suburban,9,20115
2024-12-29,ATM_009,Rural,7,9593
2024-12-29,ATM_010,Rural,3,13245
2024-12-30,ATM_001,Rural,6,4563
2024-12-30,ATM_002,Urban,7,17873
2024-12-30,ATM_003,Rural,5,3828
2024-12-30,ATM_004,Rural,2,1828
2024-12-30,ATM_005,Urban,4,22512
2024-12-30,ATM_006,Urban,7,6204
2024-12-30,ATM_007,Rural,2,11873
2024-12-30,ATM_008,Suburban,3,21552
2024-12-30,ATM_009,Rural,5,7063
2024-12-30,ATM_010,Rural,8,14566
2024-12-31,ATM_001,Rural,9,3042
2024-12-31,ATM_002,Urban,5,11393
2024-12-31,ATM_003,Rural,1,19130
2024-12-31,ATM_004,Rural,7,12400
2024-12-31,ATM_005,Urban,5,8700
2024-12-31,ATM_006,Urban,2,9613
2024-12-31,ATM_007,Rural,9,10657
2024-12-31,ATM_008,Suburban,4,8538
2024-12-31,ATM_009,Rural,2,7642
2024-12-31,ATM_010,Rural,5,12560
2025-01-01,ATM_001,Rural,1,14443
2025-01-01,ATM_002,Urban,5,4566
2025-01-01,ATM_003,Rural,5,8878
2025-01-01,ATM_004,Rural,2,13824
2025-01-01,ATM_005,Urban,8,15181
2025-01-01,ATM_006,Urban,7,15687
2025-01-01,ATM_007,Rural,9,18013
2025-01-01,ATM_008,Suburban,2,6642
2025-01-01,ATM_009,Rural,3,6520
2025-01-01,ATM_010,Rural,3,5100
2025-01-02,ATM_001,Rural,4,9241
2025-01-02,ATM_002,Urban,4,21568
2025-01-02,ATM_003,Rural,7,4538
2025-01-02,ATM_004,Rural,1,16925
2025-01-02,ATM_005,Urban,2,9648
2025-01-02,ATM_006,Urban,3,16078
2025-01-02,ATM_007,Rural,3,9434
2025-01-02,ATM_008,Suburban,9,16494
2025-01-02,ATM_009,Rural,9,12481
2025-01-02,ATM_010,Rural,2,6763
2025-01-03,ATM_001,Rural,6,16823
2025-01-03,ATM_002,Urban,4,18718
2025-01-03,ATM_003,Rural,8,13998
2025-01-03,ATM_004,Rural,8,19830
2025-01-03,ATM_005,Urban,6,22646
2025-01-03,ATM_006,Urban,8,10303
2025-01-03,ATM_007,Rural,8,9745
2025-01-03,ATM_008,Suburban,4,17712
2025-01-03,ATM_009,Rural,2,6091
2025-01-03,ATM_010,Rural,4,9349
2025-01-04,ATM_001,Rural,3,11411
2025-01-04,ATM_002,Urban,3,12629
2025-01-04,ATM_003,Rural,7,15327
2025-01-04,ATM_004,Rural,1,8753
2025-01-04,ATM_005,Urban,1,17512
2025-01-04,ATM_006,Urban,7,23063
2025-01-04,ATM_007,Rural,1,8974
2025-01-04,ATM_008,Suburban,8,19365
2025-01-04,ATM_009,Rural,7,12513
2025-01-04,ATM_010,Rural,2,6718
2025-01-05,ATM_001,Rural,4,5162
2025-01-05,ATM_002,Urban,9,27384
2025-01-05,ATM_003,Rural,1,8538
2025-01-05,ATM_004,Rural,6,20754
2025-01-05,ATM_005,Urban,9,20922
2025-01-05,ATM_006,Urban,9,22762
2025-01-05,ATM_007,Rural,1,7761
2025-01-05,ATM_008,Suburban,2,12110
2025-01-05,ATM_009,Rural,4,4488
2025-01-05,ATM_010,Rural,7,6807
2025-01-06,ATM_001,Rural,5,18406
2025-01-06,ATM_002,Urban,6,20021
2025-01-06,ATM_003,Rural,2,14752
2025-01-06,ATM_004,Rural,2,15841
2025-01-06,ATM_005,Urban,3,19329
2025-01-06,ATM_006,Urban,3,15311
2025-01-06,ATM_007,Rural,3,11082
2025-01-06,ATM_008,Suburban,1,15436
2025-01-06,ATM_009,Rural,4,9281
2025-01-06,ATM_010,Rural,2,11599
2025-01-07,ATM_001,Rural,4,17018
2025-01-07,ATM_002,Urban,7,16219
2025-01-07,ATM_003,Rural,8,17351
2025-01-07,ATM_004,Rural,9,2410
2025-01-07,ATM_005,Urban,5,24481
2025-01-07,ATM_006,Urban,6,10419
2025-01-07,ATM_007,Rural,6,15229
2025-01-07,ATM_008,Suburban,4,7973
2025-01-07,ATM_009,Rural,3,5419
2025-01-07,ATM_010,Rural,4,18277
2025-01-08,ATM_001,Rural,4,10003
2025-01-08,ATM_002,Urban,2,15745
2025-01-08,ATM_003,Rural,3,14089
2025-01-08,ATM_004,Rural,9,18366
2025-01-08,ATM_005,Urban,1,18343
2025-01-08,ATM_006,Urban,8,15098
2025-01-08,ATM_007,Rural,6,1930
2025-01-08,ATM_008,Suburban,6,13777
2025-01-08,ATM_009,Rural,3,18011
2025-01-08,ATM_010,Rural,7,13743
2025-01-09,ATM_001,Rural,5,4511
2025-01-09,ATM_002,Urban,3,14287
2025-01-09,ATM_003,Rural,3,14656
2025-01-09,ATM_004,Rural,5,5793
2025-01-09,ATM_005,Urban,4,18611
2025-01-09,ATM_006,Urban,4,19750
2025-01-09,ATM_007,Rural,9,2644
2025-01-09,ATM_008,Suburban,6,20175
2025-01-09,ATM_009,Rural,8,12175
2025-01-09,ATM_010,Rural,4,4560
2025-01-10,ATM_001,Rural,7,4406
2025-01-10,ATM_002,Urban,3,7233
2025-01-10,ATM_003,Rural,6,12859
2025-01-10,ATM_004,Rural,4,11850
2025-01-10,ATM_005,Urban,6,3122
2025-01-10,ATM_006,Urban,3,12657
2025-01-10,ATM_007,Rural,1,15690
2025-01-10,ATM_008,Suburban,3,12376
2025-01-10,ATM_009,Rural,9,8679
2025-01-10,ATM_010,Rural,6,15409
2025-01-11,ATM_001,Rural,9,21535
2025-01-11,ATM_002,Urban,2,18270
2025-01-11,ATM_003,Rural,9,6560
2025-01-11,ATM_004,Rural,6,5137
2025-01-11,ATM_005,Urban,9,19048
2025-01-11,ATM_006,Urban,3,13105
2025-01-11,ATM_007,Rural,1,7699
2025-01-11,ATM_008,Suburban,1,16059
2025-01-11,ATM_009,Rural,8,3466
2025-01-11,ATM_010,Rural,4,20498
2025-01-12,ATM_001,Rural,1,20779
2025-01-12,ATM_002,Urban,3,9586
2025-01-12,ATM_003,Rural,5,7401
2025-01-12,ATM_004,Rural,2,12659
2025-01-12,ATM_005,Urban,5,12637
2025-01-12,ATM_006,Urban,2,17071
2025-01-12,ATM_007,Rural,3,12141
2025-01-12,ATM_008,Suburban,7,15644
2025-01-12,ATM_009,Rural,9,9187
2025-01-12,ATM_010,Rural,5,9357
2025-01-13,ATM_001,Rural,8,2383
2025-01-13,ATM_002,Urban,7,19531
2025-01-13,ATM_003,Rural,7,5163
2025-01-13,ATM_004,Rural,6,3914
2025-01-13,ATM_005,Urban,1,11809
2025-01-13,ATM_006,Urban,7,17260
2025-01-13,ATM_007,Rural,9,7550
2025-01-13,ATM_008,Suburban,4,5519
2025-01-13,ATM_009,Rural,2,20009
2025-01-13,ATM_010,Rural,5,14744
2025-01-14,ATM_001,Rural,8,8571
2025-01-14,ATM_002,Urban,4,22193
2025-01-14,ATM_003,Rural,7,18637
2025-01-14,ATM_004,Rural,4,18706
2025-01-14,ATM_005,Urban,4,23798
2025-01-14,ATM_006,Urban,1,21804
2025-01-14,ATM_007,Rural,9,11633
2025-01-14,ATM_008,Suburban,5,11284
2025-01-14,ATM_009,Rural,1,20082
2025-01-14,ATM_010,Rural,6,19716
2025-01-15,ATM_001,Rural,5,18158
2025-01-15,ATM_002,Urban,7,5956
2025-01-15,ATM_003,Rural,8,3499
2025-01-15,ATM_004,Rural,6,12100
2025-01-15,ATM_005,Urban,2,19556
2025-01-15,ATM_006,Urban,3,12310
2025-01-15,ATM_007,Rural,8,18424
2025-01-15,ATM_008,Suburban,6,13732
2025-01-15,ATM_009,Rural,2,17954
2025-01-15,ATM_010,Rural,8,7564
2025-01-16,ATM_001,Rural,1,16524
2025-01-16,ATM_002,Urban,2,6733
2025-01-16,ATM_003,Rural,9,18241
2025-01-16,ATM_004,Rural,7,4810
2025-01-16,ATM_005,Urban,1,17059
2025-01-16,ATM_006,Urban,2,20088
2025-01-16,ATM_007,Rural,3,16740
2025-01-16,ATM_008,Suburban,8,16473
2025-01-16,ATM_009,Rural,2,10573
2025-01-16,ATM_010,Rural,7,7923
2025-01-17,ATM_001,Rural,2,1250
2025-01-17,ATM_002,Urban,8,20375
2025-01-17,ATM_003,Rural,5,13428
2025-01-17,ATM_004,Rural,5,12618
2025-01-17,ATM_005,Urban,2,8859
2025-01-17,ATM_006,Urban,1,13673
2025-01-17,ATM_007,Rural,3,17371
2025-01-17,ATM_008,Suburban,3,10274
2025-01-17,ATM_009,Rural,3,12266
2025-01-17,ATM_010,Rural,3,14332
2025-01-18,ATM_001,Rural,5,5187
2025-01-18,ATM_002,Urban,7,9752
2025-01-18,ATM_003,Rural,2,3708
2025-01-18,ATM_004,Rural,4,22672
2025-01-18,ATM_005,Urban,3,11974
2025-01-18,ATM_006,Urban,4,13267
2025-01-18,ATM_007,Rural,6,13272
2025-01-18,ATM_008,Suburban,5,21156
2025-01-18,ATM_009,Rural,3,16249
2025-01-18,ATM_010,Rural,4,12094
2025-01-19,ATM_001,Rural,4,12852
2025-01-19,ATM_002,Urban,6,16895
2025-01-19,ATM_003,Rural,5,11770
2025-01-19,ATM_004,Rural,5,16101
2025-01-19,ATM_005,Urban,9,10858
2025-01-19,ATM_006,Urban,4,17583
2025-01-19,ATM_007,Rural,9,10910
2025-01-19,ATM_008,Suburban,5,25275
2025-01-19,ATM_009,Rural,2,17660
2025-01-19,ATM_010,Rural,7,12871
2025-01-20,ATM_001,Rural,2,11224
2025-01-20,ATM_002,Urban,3,11205
2025-01-20,ATM_003,Rural,4,11470
2025-01-20,ATM_004,Rural,8,18297
2025-01-20,ATM_005,Urban,4,8567
2025-01-20,ATM_006,Urban,5,13940
2025-01-20,ATM_007,Rural,5,11613
2025-01-20,ATM_008,Suburban,3,14614
2025-01-20,ATM_009,Rural,9,7245
2025-01-20,ATM_010,Rural,5,4980
2025-01-21,ATM_001,Rural,5,5858
2025-01-21,ATM_002,Urban,7,14008
2025-01-21,ATM_003,Rural,6,3184
2025-01-21,ATM_004,Rural,5,1413
2025-01-21,ATM_005,Urban,3,8123
2025-01-21,ATM_006,Urban,7,11309
2025-01-21,ATM_007,Rural,7,17784
2025-01-21,ATM_008,Suburban,6,4510
2025-01-21,ATM_009,Rural,1,18393
2025-01-21,ATM_010,Rural,7,12867
2025-01-22,ATM_001,Rural,6,10031
2025-01-22,ATM_002,Urban,4,20397
2025-01-22,ATM_003,Rural,1,9705
2025-01-22,ATM_004,Rural,7,18358
2025-01-22,ATM_005,Urban,2,15765
2025-01-22,ATM_006,Urban,1,8655
2025-01-22,ATM_007,Rural,4,11524
2025-01-22,ATM_008,Suburban,8,5663
2025-01-22,ATM_009,Rural,2,16610
2025-01-22,ATM_010,Rural,4,2138
2025-01-23,ATM_001,Rural,8,12593
2025-01-23,ATM_002,Urban,5,7786
2025-01-23,ATM_003,Rural,6,17372
2025-01-23,ATM_004,Rural,6,14371
2025-01-23,ATM_005,Urban,9,10307
2025-01-23,ATM_006,Urban,7,4459
2025-01-23,ATM_007,Rural,6,7418
2025-01-23,ATM_008,Suburban,7,19398
2025-01-23,ATM_009,Rural,1,19323
2025-01-23,ATM_010,Rural,5,13420
2025-01-24,ATM_001,Rural,7,10651
2025-01-24,ATM_002,Urban,2,15960
2025-01-24,ATM_003,Rural,2,3799
2025-01-24,ATM_004,Rural,4,9546
2025-01-24,ATM_005,Urban,9,17551
2025-01-24,ATM_006,Urban,7,15153
2025-01-24,ATM_007,Rural,5,10830
2025-01-24,ATM_008,Suburban,6,11343
2025-01-24,ATM_009,Rural,4,20350
2025-01-24,ATM_010,Rural,4,17628
2025-01-25,ATM_001,Rural,5,4797
2025-01-25,ATM_002,Urban,8,17089
2025-01-25,ATM_003,Rural,9,19448
2025-01-25,ATM_004,Rural,7,20118
2025-01-25,ATM_005,Urban,6,18073
2025-01-25,ATM_006,Urban,7,18823
2025-01-25,ATM_007,Rural,2,13406
2025-01-25,ATM_008,Suburban,6,12381
2025-01-25,ATM_009,Rural,6,6341
2025-01-25,ATM_010,Rural,8,12453
2025-01-26,ATM_001,Rural,4,21691
2025-01-26,ATM_002,Urban,3,19133
2025-01-26,ATM_003,Rural,3,18945
2025-01-26,ATM_004,Rural,4,6374
2025-01-26,ATM_005,Urban,1,12380
2025-01-26,ATM_006,Urban,2,16841
2025-01-26,ATM_007,Rural,9,16547
2025-01-26,ATM_008,Suburban,5,9134
2025-01-26,ATM_009,Rural,2,10775
2025-01-26,ATM_010,Rural,5,3645
2025-01-27,ATM_001,Rural,8,2950
2025-01-27,ATM_002,Urban,5,22790
2025-01-27,ATM_003,Rural,1,9319
2025-01-27,ATM_004,Rural,1,10446
2025-01-27,ATM_005,Urban,1,10112
2025-01-27,ATM_006,Urban,7,10735
2025-01-27,ATM_007,Rural,8,4135
2025-01-27,ATM_008,Suburban,4,20951
2025-01-27,ATM_009,Rural,5,15268
2025-01-27,ATM_010,Rural,2,7608
2025-01-28,ATM_001,Rural,9,16071
2025-01-28,ATM_002,Urban,1,13905
2025-01-28,ATM_003,Rural,4,19428
2025-01-28,ATM_004,Rural,1,9349
2025-01-28,ATM_005,Urban,2,20947
2025-01-28,ATM_006,Urban,5,6796
2025-01-28,ATM_007,Rural,9,4825
2025-01-28,ATM_008,Suburban,9,19095
2025-01-28,ATM_009,Rural,3,18320
2025-01-28,ATM_010,Rural,9,5998
2025-01-29,ATM_001,Rural,8,7352
2025-01-29,ATM_002,Urban,4,5440
2025-01-29,ATM_003,Rural,5,10418
2025-01-29,ATM_004,Rural,4,13220
2025-01-29,ATM_005,Urban,5,7005
2025-01-29,ATM_006,Urban,8,17683
2025-01-29,ATM_007,Rural,5,14370
2025-01-29,ATM_008,Suburban,1,22487
2025-01-29,ATM_009,Rural,7,3179
2025-01-29,ATM_010,Rural,3,10076
2025-01-30,ATM_001,Rural,1,10840
2025-01-30,ATM_002,Urban,5,13185
2025-01-30,ATM_003,Rural,4,10221
2025-01-30,ATM_004,Rural,9,8313
2025-01-30,ATM_005,Urban,4,20865
2025-01-30,ATM_006,Urban,7,23379
2025-01-30,ATM_007,Rural,4,8327
2025-01-30,ATM_008,Suburban,1,15278
2025-01-30,ATM_009,Rural,7,4546
2025-01-30,ATM_010,Rural,4,11386
2025-01-31,ATM_001,Rural,9,1438
2025-01-31,ATM_002,Urban,3,7578
2025-01-31,ATM_003,Rural,6,10157
2025-01-31,ATM_004,Rural,8,8333
2025-01-31,ATM_005,Urban,1,20578
2025-01-31,ATM_006,Urban,7,15162
2025-01-31,ATM_007,Rural,3,4827
2025-01-31,ATM_008,Suburban,9,12873
2025-01-31,ATM_009,Rural,7,11839
2025-01-31,ATM_010,Rural,5,14118
2025-02-01,ATM_001,Rural,8,9179
2025-02-01,ATM_002,Urban,9,21967
2025-02-01,ATM_003,Rural,3,22101
2025-02-01,ATM_004,Rural,3,8342
2025-02-01,ATM_005,Urban,5,22738
2025-02-01,ATM_006,Urban,3,15272
2025-02-01,ATM_007,Rural,1,8460
2025-02-01,ATM_008,Suburban,7,9887
2025-02-01,ATM_009,Rural,9,12783
2025-02-01,ATM_010,Rural,1,13587
2025-02-02,ATM_001,Rural,3,17628
2025-02-02,ATM_002,Urban,5,21015
2025-02-02,ATM_003,Rural,9,14460
2025-02-02,ATM_004,Rural,9,22801
2025-02-02,ATM_005,Urban,4,17551
2025-02-02,ATM_006,Urban,6,11817
2025-02-02,ATM_007,Rural,6,20526
2025-02-02,ATM_008,Suburban,6,13682
2025-02-02,ATM_009,Rural,9,13880
2025-02-02,ATM_010,Rural,3,5240
2025-02-03,ATM_001,Rural,2,9573
2025-02-03,ATM_002,Urban,6,6105
2025-02-03,ATM_003,Rural,3,11571
2025-02-03,ATM_004,Rural,7,13741
2025-02-03,ATM_005,Urban,6,18418
2025-02-03,ATM_006,Urban,1,10420
2025-02-03,ATM_007,Rural,7,15136
2025-02-03,ATM_008,Suburban,1,7230
2025-02-03,ATM_009,Rural,5,13790
2025-02-03,ATM_010,Rural,9,16505
2025-02-04,ATM_001,Rural,9,17436
2025-02-04,ATM_002,Urban,5,8587
2025-02-04,ATM_003,Rural,5,3225
2025-02-04,ATM_004,Rural,6,11779
2025-02-04,ATM_005,Urban,4,6200
2025-02-04,ATM_006,Urban,6,12825
2025-02-04,ATM_007,Rural,9,8378
2025-02-04,ATM_008,Suburban,9,15658
2025-02-04,ATM_009,Rural,1,1785
2025-02-04,ATM_010,Rural,8,9529
2025-02-05,ATM_001,Rural,7,1758
2025-02-05,ATM_002,Urban,6,8133
2025-02-05,ATM_003,Rural,8,19761
2025-02-05,ATM_004,Rural,7,15664
2025-02-05,ATM_005,Urban,4,15634
2025-02-05,ATM_006,Urban,4,17046
2025-02-05,ATM_007,Rural,7,3843
2025-02-05,ATM_008,Suburban,6,14926
2025-02-05,ATM_009,Rural,7,2759
2025-02-05,ATM_010,Rural,4,2566
2025-02-06,ATM_001,Rural,6,16653
2025-02-06,ATM_002,Urban,9,6539
2025-02-06,ATM_003,Rural,7,16990
2025-02-06,ATM_004,Rural,6,6770
2025-02-06,ATM_005,Urban,8,20442
2025-02-06,ATM_006,Urban,6,4261
2025-02-06,ATM_007,Rural,7,9578
2025-02-06,ATM_008,Suburban,1,3750
2025-02-06,ATM_009,Rural,8,19224
2025-02-06,ATM_010,Rural,4,11234
2025-02-07,ATM_001,Rural,9,14223
2025-02-07,ATM_002,Urban,4,7019
2025-02-07,ATM_003,Rural,3,18905
2025-02-07,ATM_004,Rural,8,16717
2025-02-07,ATM_005,Urban,3,23457
2025-02-07,ATM_006,Urban,4,21698
2025-02-07,ATM_007,Rural,1,18927
2025-02-07,ATM_008,Suburban,9,16876
2025-02-07,ATM_009,Rural,2,16935
2025-02-07,ATM_010,Rural,9,19717
2025-02-08,ATM_001,Rural,3,9602
2025-02-08,ATM_002,Urban,5,8262
2025-02-08,ATM_003,Rural,9,15944
2025-02-08,ATM_004,Rural,3,10997
2025-02-08,ATM_005,Urban,6,18981
2025-02-08,ATM_006,Urban,1,13146
2025-02-08,ATM_007,Rural,6,7194
2025-02-08,ATM_008,Suburban,4,15361
2025-02-08,ATM_009,Rural,5,13273
2025-02-08,ATM_010,Rural,8,5299
2025-02-09,ATM_001,Rural,4,5254
2025-02-09,ATM_002,Urban,4,18181
2025-02-09,ATM_003,Rural,8,11207
2025-02-09,ATM_004,Rural,3,7943
2025-02-09,ATM_005,Urban,1,18762
2025-02-09,ATM_006,Urban,5,18314
2025-02-09,ATM_007,Rural,9,10502
2025-02-09,ATM_008,Suburban,5,6863
2025-02-09,ATM_009,Rural,4,10742
2025-02-09,ATM_010,Rural,2,5984
2025-02-10,ATM_001,Rural,1,8834
2025-02-10,ATM_002,Urban,4,10293
2025-02-10,ATM_003,Rural,2,4996
2025-02-10,ATM_004,Rural,4,11337
2025-02-10,ATM_005,Urban,8,20217
2025-02-10,ATM_006,Urban,2,9467
2025-02-10,ATM_007,Rural,4,13398
2025-02-10,ATM_008,Suburban,1,13640
2025-02-10,ATM_009,Rural,9,18731
2025-02-10,ATM_010,Rural,2,2150
2025-02-11,ATM_001,Rural,8,9803
2025-02-11,ATM_002,Urban,4,18139
2025-02-11,ATM_003,Rural,9,17167
2025-02-11,ATM_004,Rural,7,14247
2025-02-11,ATM_005,Urban,4,15984
2025-02-11,ATM_006,Urban,3,17793
2025-02-11,ATM_007,Rural,4,18132
2025-02-11,ATM_008,Suburban,6,16946
2025-02-11,ATM_009,Rural,7,1903
2025-02-11,ATM_010,Rural,9,1935
2025-02-12,ATM_001,Rural,7,2401
2025-02-12,ATM_002,Urban,9,5490
2025-02-12,ATM_003,Rural,8,5198
2025-02-12,ATM_004,Rural,3,16197
2025-02-12,ATM_005,Urban,7,20132
2025-02-12,ATM_006,Urban,1,14638
2025-02-12,ATM_007,Rural,1,1818
2025-02-12,ATM_008,Suburban,2,16374
2025-02-12,ATM_009,Rural,4,14173
2025-02-12,ATM_010,Rural,4,16320
2025-02-13,ATM_001,Rural,4,18920
2025-02-13,ATM_002,Urban,4,15288
2025-02-13,ATM_003,Rural,5,10792
2025-02-13,ATM_004,Rural,3,13170
2025-02-13,ATM_005,Urban,1,14104
2025-02-13,ATM_006,Urban,3,18400
2025-02-13,ATM_007,Rural,5,7622
2025-02-13,ATM_008,Suburban,7,7704
2025-02-13,ATM_009,Rural,2,14488
2025-02-13,ATM_010,Rural,6,19362
2025-02-14,ATM_001,Rural,1,5797
2025-02-14,ATM_002,Urban,1,15848
2025-02-14,ATM_003,Rural,1,7808
2025-02-14,ATM_004,Rural,1,14124
2025-02-14,ATM_005,Urban,5,20760
2025-02-14,ATM_006,Urban,6,8144
2025-02-14,ATM_007,Rural,7,14810
2025-02-14,ATM_008,Suburban,8,15294
2025-02-14,ATM_009,Rural,3,8462
2025-02-14,ATM_010,Rural,6,7036
2025-02-15,ATM_001,Rural,3,4473
2025-02-15,ATM_002,Urban,5,13482
2025-02-15,ATM_003,Rural,9,4201
2025-02-15,ATM_004,Rural,6,6634
2025-02-15,ATM_005,Urban,5,9060
2025-02-15,ATM_006,Urban,1,21347
2025-02-15,ATM_007,Rural,5,12559
2025-02-15,ATM_008,Suburban,5,13070
2025-02-15,ATM_009,Rural,7,10274
2025-02-15,ATM_010,Rural,5,11423
2025-02-16,ATM_001,Rural,5,15639
2025-02-16,ATM_002,Urban,2,20617
2025-02-16,ATM_003,Rural,1,9172
2025-02-16,ATM_004,Rural,1,14014
2025-02-16,ATM_005,Urban,9,11171
2025-02-16,ATM_006,Urban,5,17845
2025-02-16,ATM_007,Rural,6,16577
2025-02-16,ATM_008,Suburban,5,9805
2025-02-16,ATM_009,Rural,4,7101
2025-02-16,ATM_010,Rural,8,18374
2025-02-17,ATM_001,Rural,1,14735
2025-02-17,ATM_002,Urban,6,14694
2025-02-17,ATM_003,Rural,5,18964
2025-02-17,ATM_004,Rural,7,17184
2025-02-17,ATM_005,Urban,9,8616
2025-02-17,ATM_006,Urban,7,21254
2025-02-17,ATM_007,Rural,2,5880
2025-02-17,ATM_008,Suburban,6,12634
2025-02-17,ATM_009,Rural,7,2401
2025-02-17,ATM_010,Rural,4,1897
2025-02-18,ATM_001,Rural,6,10699
2025-02-18,ATM_002,Urban,9,20337
2025-02-18,ATM_003,Rural,8,2700
2025-02-18,ATM_004,Rural,4,10791
2025-02-18,ATM_005,Urban,1,19391
2025-02-18,ATM_006,Urban,6,19264
2025-02-18,ATM_007,Rural,8,10174
2025-02-18,ATM_008,Suburban,3,7429
2025-02-18,ATM_009,Rural,1,19991
2025-02-18,ATM_010,Rural,2,13750
2025-02-19,ATM_001,Rural,5,6780
2025-02-19,ATM_002,Urban,7,6912
2025-02-19,ATM_003,Rural,7,20304
2025-02-19,ATM_004,Rural,4,18352
2025-02-19,ATM_005,Urban,8,14780
2025-02-19,ATM_006,Urban,5,14528
2025-02-19,ATM_007,Rural,5,6423
2025-02-19,ATM_008,Suburban,4,15775
2025-02-19,ATM_009,Rural,9,8817
2025-02-19,ATM_010,Rural,4,9099
2025-02-20,ATM_001,Rural,6,8387
2025-02-20,ATM_002,Urban,6,13687
2025-02-20,ATM_003,Rural,2,12322
2025-02-20,ATM_004,Rural,3,9847
2025-02-20,ATM_005,Urban,2,19458
2025-02-20,ATM_006,Urban,6,20592
2025-02-20,ATM_007,Rural,3,1302
2025-02-20,ATM_008,Suburban,2,16250
2025-02-20,ATM_009,Rural,8,3170
2025-02-20,ATM_010,Rural,2,9759
2025-02-21,ATM_001,Rural,2,5092
2025-02-21,ATM_002,Urban,9,15087
2025-02-21,ATM_003,Rural,5,12592
2025-02-21,ATM_004,Rural,1,13203
2025-02-21,ATM_005,Urban,9,17506
2025-02-21,ATM_006,Urban,7,11016
2025-02-21,ATM_007,Rural,7,6010
2025-02-21,ATM_008,Suburban,2,19117
2025-02-21,ATM_009,Rural,2,19261
2025-02-21,ATM_010,Rural,5,17142
2025-02-22,ATM_001,Rural,4,14432
2025-02-22,ATM_002,Urban,9,6724
2025-02-22,ATM_003,Rural,8,15463
2025-02-22,ATM_004,Rural,2,16757
2025-02-22,ATM_005,Urban,9,17661
2025-02-22,ATM_006,Urban,7,15922
2025-02-22,ATM_007,Rural,4,19071
2025-02-22,ATM_008,Suburban,2,8081
2025-02-22,ATM_009,Rural,6,17874
2025-02-22,ATM_010,Rural,3,17501
2025-02-23,ATM_001,Rural,7,5348
2025-02-23,ATM_002,Urban,8,10421
2025-02-23,ATM_003,Rural,2,7274
2025-02-23,ATM_004,Rural,4,8025
2025-02-23,ATM_005,Urban,8,20526
2025-02-23,ATM_006,Urban,8,20234
2025-02-23,ATM_007,Rural,5,21376
2025-02-23,ATM_008,Suburban,3,5910
2025-02-23,ATM_009,Rural,2,4803
2025-02-23,ATM_010,Rural,4,5048
2025-02-24,ATM_001,Rural,5,11579
2025-02-24,ATM_002,Urban,8,22175
2025-02-24,ATM_003,Rural,3,15586
2025-02-24,ATM_004,Rural,6,4035
2025-02-24,ATM_005,Urban,4,20832
2025-02-24,ATM_006,Urban,5,24633
2025-02-24,ATM_007,Rural,9,3155
2025-02-24,ATM_008,Suburban,9,16906
2025-02-24,ATM_009,Rural,9,15309
2025-02-24,ATM_010,Rural,4,16133
2025-02-25,ATM_001,Rural,2,2170
2025-02-25,ATM_002,Urban,7,19897
2025-02-25,ATM_003,Rural,3,4233
2025-02-25,ATM_004,Rural,2,14467
2025-02-25,ATM_005,Urban,3,13277
2025-02-25,ATM_006,Urban,5,10260
2025-02-25,ATM_007,Rural,2,11078
2025-02-25,ATM_008,Suburban,5,18454
2025-02-25,ATM_009,Rural,3,8157
2025-02-25,ATM_010,Rural,8,19628
2025-02-26,ATM_001,Rural,3,2643
2025-02-26,ATM_002,Urban,3,18525
2025-02-26,ATM_003,Rural,3,1359
2025-02-26,ATM_004,Rural,6,8840
2025-02-26,ATM_005,Urban,3,18066
2025-02-26,ATM_006,Urban,8,13439
2025-02-26,ATM_007,Rural,4,17670
2025-02-26,ATM_008,Suburban,4,12326
2025-02-26,ATM_009,Rural,7,13203
2025-02-26,ATM_010,Rural,2,823
2025-02-27,ATM_001,Rural,8,9284
2025-02-27,ATM_002,Urban,9,16256
2025-02-27,ATM_003,Rural,3,14036
2025-02-27,ATM_004,Rural,5,9239
2025-02-27,ATM_005,Urban,8,17013
2025-02-27,ATM_006,Urban,9,8612
2025-02-27,ATM_007,Rural,7,8572
2025-02-27,ATM_008,Suburban,6,10641
2025-02-27,ATM_009,Rural,9,1010
2025-02-27,ATM_010,Rural,8,17386
2025-02-28,ATM_001,Rural,7,6986
2025-02-28,ATM_002,Urban,5,17247
2025-02-28,ATM_003,Rural,7,20020
2025-02-28,ATM_004,Rural,7,5694
2025-02-28,ATM_005,Urban,5,11582
2025-02-28,ATM_006,Urban,5,13600
2025-02-28,ATM_007,Rural,7,17094
2025-02-28,ATM_008,Suburban,8,17205
2025-02-28,ATM_009,Rural,2,7369
2025-02-28,ATM_010,Rural,4,6906
2025-03-01,ATM_001,Rural,6,21541
2025-03-01,ATM_002,Urban,9,8673
2025-03-01,ATM_003,Rural,9,18929
2025-03-01,ATM_004,Rural,6,12891
2025-03-01,ATM_005,Urban,4,17032
2025-03-01,ATM_006,Urban,6,22238
2025-03-01,ATM_007,Rural,3,11274
2025-03-01,ATM_008,Suburban,3,17660
2025-03-01,ATM_009,Rural,3,4717
2025-03-01,ATM_010,Rural,4,22062
2025-03-02,ATM_001,Rural,7,19209
2025-03-02,ATM_002,Urban,1,16946
2025-03-02,ATM_003,Rural,5,18830
2025-03-02,ATM_004,Rural,2,9762
2025-03-02,ATM_005,Urban,3,12712
2025-03-02,ATM_006,Urban,1,11598
2025-03-02,ATM_007,Rural,9,9540
2025-03-02,ATM_008,Suburban,6,22633
2025-03-02,ATM_009,Rural,1,5525
2025-03-02,ATM_010,Rural,4,14582
2025-03-03,ATM_001,Rural,9,7725
2025-03-03,ATM_002,Urban,2,23039
2025-03-03,ATM_003,Rural,3,15232
2025-03-03,ATM_004,Rural,7,961
2025-03-03,ATM_005,Urban,7,14300
2025-03-03,ATM_006,Urban,5,20453
2025-03-03,ATM_007,Rural,5,9425
2025-03-03,ATM_008,Suburban,2,9086
2025-03-03,ATM_009,Rural,9,19503
2025-03-03,ATM_010,Rural,2,11069
2025-03-04,ATM_001,Rural,6,8589
2025-03-04,ATM_002,Urban,5,8166
2025-03-04,ATM_003,Rural,3,12187
2025-03-04,ATM_004,Rural,9,2534
2025-03-04,ATM_005,Urban,7,5819
2025-03-04,ATM_006,Urban,5,19890
2025-03-04,ATM_007,Rural,9,8928
2025-03-04,ATM_008,Suburban,2,14617
2025-03-04,ATM_009,Rural,9,9971
2025-03-04,ATM_010,Rural,8,1165
2025-03-05,ATM_001,Rural,5,12179
2025-03-05,ATM_002,Urban,8,23350
2025-03-05,ATM_003,Rural,1,4982
2025-03-05,ATM_004,Rural,6,1554
2025-03-05,ATM_005,Urban,8,16244
2025-03-05,ATM_006,Urban,2,15160
2025-03-05,ATM_007,Rural,2,2379
2025-03-05,ATM_008,Suburban,1,14480
2025-03-05,ATM_009,Rural,3,13502
2025-03-05,ATM_010,Rural,5,10538
2025-03-06,ATM_001,Rural,9,19778
2025-03-06,ATM_002,Urban,1,14480
2025-03-06,ATM_003,Rural,8,4133
2025-03-06,ATM_004,Rural,9,10327
2025-03-06,ATM_005,Urban,3,21220
2025-03-06,ATM_006,Urban,9,13245
2025-03-06,ATM_007,Rural,8,5269
2025-03-06,ATM_008,Suburban,1,7736
2025-03-06,ATM_009,Rural,8,19567
2025-03-06,ATM_010,Rural,6,2255
2025-03-07,ATM_001,Rural,6,19319
2025-03-07,ATM_002,Urban,5,6325
2025-03-07,ATM_003,Rural,5,19230
2025-03-07,ATM_004,Rural,5,11205
2025-03-07,ATM_005,Urban,3,6718
2025-03-07,ATM_006,Urban,9,23798
2025-03-07,ATM_007,Rural,4,15945
2025-03-07,ATM_008,Suburban,3,17575
2025-03-07,ATM_009,Rural,8,17528
2025-03-07,ATM_010,Rural,7,19474
2025-03-08,ATM_001,Rural,2,11409
2025-03-08,ATM_002,Urban,1,12629
2025-03-08,ATM_003,Rural,9,12823
2025-03-08,ATM_004,Rural,6,16660
2025-03-08,ATM_005,Urban,2,8236
2025-03-08,ATM_006,Urban,4,15395
2025-03-08,ATM_007,Rural,1,21581
2025-03-08,ATM_008,Suburban,2,12992
2025-03-08,ATM_009,Rural,6,22616
2025-03-08,ATM_010,Rural,8,8108
2025-03-09,ATM_001,Rural,9,20126
2025-03-09,ATM_002,Urban,2,14801
2025-03-09,ATM_003,Rural,3,21599
2025-03-09,ATM_004,Rural,8,7095
2025-03-09,ATM_005,Urban,7,9666
2025-03-09,ATM_006,Urban,4,17914
2025-03-09,ATM_007,Rural,9,8377
2025-03-09,ATM_008,Suburban,9,8864
2025-03-09,ATM_009,Rural,1,6705
2025-03-09,ATM_010,Rural,4,6914
2025-03-10,ATM_001,Rural,3,9056
2025-03-10,ATM_002,Urban,9,17947
2025-03-10,ATM_003,Rural,4,16021
2025-03-10,ATM_004,Rural,1,17923
2025-03-10,ATM_005,Urban,9,12705
2025-03-10,ATM_006,Urban,8,17541
2025-03-10,ATM_007,Rural,6,4786
2025-03-10,ATM_008,Suburban,1,14025
2025-03-10,ATM_009,Rural,9,18517
2025-03-10,ATM_010,Rural,8,3464
2025-03-11,ATM_001,Rural,1,1176
2025-03-11,ATM_002,Urban,6,14747
2025-03-11,ATM_003,Rural,5,11745
2025-03-11,ATM_004,Rural,4,6931
2025-03-11,ATM_005,Urban,2,6476
2025-03-11,ATM_006,Urban,1,13549
2025-03-11,ATM_007,Rural,7,15236
2025-03-11,ATM_008,Suburban,3,21395
2025-03-11,ATM_009,Rural,7,12562
2025-03-11,ATM_010,Rural,8,2513
2025-03-12,ATM_001,Rural,6,9088
2025-03-12,ATM_002,Urban,1,14632
2025-03-12,ATM_003,Rural,9,11155
2025-03-12,ATM_004,Rural,2,19238
2025-03-12,ATM_005,Urban,4,3627
2025-03-12,ATM_006,Urban,4,15106
2025-03-12,ATM_007,Rural,4,4541
2025-03-12,ATM_008,Suburban,8,14149
2025-03-12,ATM_009,Rural,9,8830
2025-03-12,ATM_010,Rural,7,15467
2025-03-13,ATM_001,Rural,9,6190
2025-03-13,ATM_002,Urban,6,10507
2025-03-13,ATM_003,Rural,5,14258
2025-03-13,ATM_004,Rural,4,19112
2025-03-13,ATM_005,Urban,6,18349
2025-03-13,ATM_006,Urban,4,6074
2025-03-13,ATM_007,Rural,4,13423
2025-03-13,ATM_008,Suburban,8,7874
2025-03-13,ATM_009,Rural,8,19707
2025-03-13,ATM_010,Rural,2,8554
2025-03-14,ATM_001,Rural,9,16570
2025-03-14,ATM_002,Urban,8,15794
2025-03-14,ATM_003,Rural,5,15436
2025-03-14,ATM_004,Rural,3,6831
2025-03-14,ATM_005,Urban,9,18587
2025-03-14,ATM_006,Urban,5,8012
2025-03-14,ATM_007,Rural,9,11390
2025-03-14,ATM_008,Suburban,3,4577
2025-03-14,ATM_009,Rural,1,11929
2025-03-14,ATM_010,Rural,4,5961
2025-03-15,ATM_001,Rural,8,13266
2025-03-15,ATM_002,Urban,5,24679
2025-03-15,ATM_003,Rural,6,17618
2025-03-15,ATM_004,Rural,4,5591
2025-03-15,ATM_005,Urban,7,9973
2025-03-15,ATM_006,Urban,3,16545
2025-03-15,ATM_007,Rural,2,7069
2025-03-15,ATM_008,Suburban,1,17406
2025-03-15,ATM_009,Rural,1,13221
2025-03-15,ATM_010,Rural,7,9511
2025-03-16,ATM_001,Rural,1,14805
2025-03-16,ATM_002,Urban,6,21702
2025-03-16,ATM_003,Rural,5,14302
2025-03-16,ATM_004,Rural,5,14384
2025-03-16,ATM_005,Urban,6,23168
2025-03-16,ATM_006,Urban,3,25285
2025-03-16,ATM_007,Rural,9,20729
2025-03-16,ATM_008,Suburban,3,18298
2025-03-16,ATM_009,Rural,1,11064
2025-03-16,ATM_010,Rural,3,9995
2025-03-17,ATM_001,Rural,2,19549
2025-03-17,ATM_002,Urban,5,13769
2025-03-17,ATM_003,Rural,5,16742
2025-03-17,ATM_004,Rural,2,15310
2025-03-17,ATM_005,Urban,4,19025
2025-03-17,ATM_006,Urban,4,6540
2025-03-17,ATM_007,Rural,5,11508
2025-03-17,ATM_008,Suburban,2,9772
2025-03-17,ATM_009,Rural,4,4570
2025-03-17,ATM_010,Rural,7,13901
2025-03-18,ATM_001,Rural,1,19471
2025-03-18,ATM_002,Urban,9,11373
2025-03-18,ATM_003,Rural,6,13851
2025-03-18,ATM_004,Rural,3,9179
2025-03-18,ATM_005,Urban,2,22759
2025-03-18,ATM_006,Urban,9,19815
2025-03-18,ATM_007,Rural,6,19492
2025-03-18,ATM_008,Suburban,4,10449
2025-03-18,ATM_009,Rural,5,805
2025-03-18,ATM_010,Rural,5,1078
2025-03-19,ATM_001,Rural,4,4637
2025-03-19,ATM_002,Urban,3,15771
2025-03-19,ATM_003,Rural,5,6354
2025-03-19,ATM_004,Rural,2,18677
2025-03-19,ATM_005,Urban,7,11269
2025-03-19,ATM_006,Urban,4,13990
2025-03-19,ATM_007,Rural,1,16279
2025-03-19,ATM_008,Suburban,8,9154
2025-03-19,ATM_009,Rural,6,8171
2025-03-19,ATM_010,Rural,3,3219
2025-03-20,ATM_001,Rural,5,7035
2025-03-20,ATM_002,Urban,7,10031
2025-03-20,ATM_003,Rural,1,14435
2025-03-20,ATM_004,Rural,9,15174
2025-03-20,ATM_005,Urban,5,15304
2025-03-20,ATM_006,Urban,7,21086
2025-03-20,ATM_007,Rural,4,9571
2025-03-20,ATM_008,Suburban,2,14898
2025-03-20,ATM_009,Rural,7,3717
2025-03-20,ATM_010,Rural,9,15288
2025-03-21,ATM_001,Rural,7,8091
2025-03-21,ATM_002,Urban,8,8818
2025-03-21,ATM_003,Rural,9,13116
2025-03-21,ATM_004,Rural,1,14961
2025-03-21,ATM_005,Urban,3,13070
2025-03-21,ATM_006,Urban,1,17875
2025-03-21,ATM_007,Rural,4,7756
2025-03-21,ATM_008,Suburban,7,12044
2025-03-21,ATM_009,Rural,7,2060
2025-03-21,ATM_010,Rural,1,3523
2025-03-22,ATM_001,Rural,7,8760
2025-03-22,ATM_002,Urban,3,6404
2025-03-22,ATM_003,Rural,6,16720
2025-03-22,ATM_004,Rural,8,18606
2025-03-22,ATM_005,Urban,6,5764
2025-03-22,ATM_006,Urban,4,12039
2025-03-22,ATM_007,Rural,6,14623
2025-03-22,ATM_008,Suburban,1,17193
2025-03-22,ATM_009,Rural,8,15923
2025-03-22,ATM_010,Rural,2,14480
2025-03-23,ATM_001,Rural,8,9751
2025-03-23,ATM_002,Urban,4,7859
2025-03-23,ATM_003,Rural,7,22502
2025-03-23,ATM_004,Rural,3,7220
2025-03-23,ATM_005,Urban,9,12280
2025-03-23,ATM_006,Urban,3,17605
2025-03-23,ATM_007,Rural,9,2970
2025-03-23,ATM_008,Suburban,3,6251
2025-03-23,ATM_009,Rural,7,7310
2025-03-23,ATM_010,Rural,5,17556
2025-03-24,ATM_001,Rural,7,18142
2025-03-24,ATM_002,Urban,7,9571
2025-03-24,ATM_003,Rural,3,4084
2025-03-24,ATM_004,Rural,3,12077
2025-03-24,ATM_005,Urban,6,7229
2025-03-24,ATM_006,Urban,6,6988
2025-03-24,ATM_007,Rural,5,13135
2025-03-24,ATM_008,Suburban,5,17000
2025-03-24,ATM_009,Rural,3,14497
2025-03-24,ATM_010,Rural,4,8370
2025-03-25,ATM_001,Rural,4,4094
2025-03-25,ATM_002,Urban,9,13361
2025-03-25,ATM_003,Rural,1,4532
2025-03-25,ATM_004,Rural,8,5582
2025-03-25,ATM_005,Urban,7,14685
2025-03-25,ATM_006,Urban,3,9451
2025-03-25,ATM_007,Rural,9,6124
2025-03-25,ATM_008,Suburban,4,16719
2025-03-25,ATM_009,Rural,1,12839
2025-03-25,ATM_010,Rural,6,7457
2025-03-26,ATM_001,Rural,1,19307
2025-03-26,ATM_002,Urban,3,11411
2025-03-26,ATM_003,Rural,2,17833
2025-03-26,ATM_004,Rural,8,2848
2025-03-26,ATM_005,Urban,1,7162
2025-03-26,ATM_006,Urban,9,18395
2025-03-26,ATM_007,Rural,7,18251
2025-03-26,ATM_008,Suburban,9,13926
2025-03-26,ATM_009,Rural,5,9633
2025-03-26,ATM_010,Rural,6,12773
2025-03-27,ATM_001,Rural,8,14440
2025-03-27,ATM_002,Urban,5,21041
2025-03-27,ATM_003,Rural,4,8912
2025-03-27,ATM_004,Rural,3,7456
2025-03-27,ATM_005,Urban,1,12920
2025-03-27,ATM_006,Urban,3,6651
2025-03-27,ATM_007,Rural,3,14421
2025-03-27,ATM_008,Suburban,4,21430
2025-03-27,ATM_009,Rural,3,17229
2025-03-27,ATM_010,Rural,9,18509
2025-03-28,ATM_001,Rural,1,11594
2025-03-28,ATM_002,Urban,7,11222
2025-03-28,ATM_003,Rural,1,9708
2025-03-28,ATM_004,Rural,4,7457
2025-03-28,ATM_005,Urban,3,21107
2025-03-28,ATM_006,Urban,4,13203
2025-03-28,ATM_007,Rural,7,13541
2025-03-28,ATM_008,Suburban,3,12878
2025-03-28,ATM_009,Rural,5,3625
2025-03-28,ATM_010,Rural,8,11974
2025-03-29,ATM_001,Rural,3,14727
2025-03-29,ATM_002,Urban,1,23242
2025-03-29,ATM_003,Rural,8,11890
2025-03-29,ATM_004,Rural,9,20042
2025-03-29,ATM_005,Urban,4,15692
2025-03-29,ATM_006,Urban,9,10117
2025-03-29,ATM_007,Rural,2,17568
2025-03-29,ATM_008,Suburban,3,16208
2025-03-29,ATM_009,Rural,7,6830
2025-03-29,ATM_010,Rural,9,18124
2025-03-30,ATM_001,Rural,2,4358
2025-03-30,ATM_002,Urban,7,27317
2025-03-30,ATM_003,Rural,5,6663
2025-03-30,ATM_004,Rural,5,18162
2025-03-30,ATM_005,Urban,3,20985
2025-03-30,ATM_006,Urban,5,19718
2025-03-30,ATM_007,Rural,3,22648
2025-03-30,ATM_008,Suburban,5,18988
2025-03-30,ATM_009,Rural,2,20250
2025-03-30,ATM_010,Rural,7,17144
2025-03-31,ATM_001,Rural,6,12838
2025-03-31,ATM_002,Urban,5,11350
2025-03-31,ATM_003,Rural,2,6513
2025-03-31,ATM_004,Rural,8,16519
2025-03-31,ATM_005,Urban,3,18109
2025-03-31,ATM_006,Urban,9,10101
2025-03-31,ATM_007,Rural,3,2138
2025-03-31,ATM_008,Suburban,6,9594
2025-03-31,ATM_009,Rural,9,1606
2025-03-31,ATM_010,Rural,3,4141
2025-04-01,ATM_001,Rural,6,1941
2025-04-01,ATM_002,Urban,4,11907
2025-04-01,ATM_003,Rural,4,9876
2025-04-01,ATM_004,Rural,4,2959
2025-04-01,ATM_005,Urban,7,12860
2025-04-01,ATM_006,Urban,4,13026
2025-04-01,ATM_007,Rural,9,5362
2025-04-01,ATM_008,Suburban,6,14457
2025-04-01,ATM_009,Rural,2,10867
2025-04-01,ATM_010,Rural,8,13561
2025-04-02,ATM_001,Rural,5,13031
2025-04-02,ATM_002,Urban,4,8951
2025-04-02,ATM_003,Rural,9,15652
2025-04-02,ATM_004,Rural,2,17863
2025-04-02,ATM_005,Urban,1,22004
2025-04-02,ATM_006,Urban,5,5570
2025-04-02,ATM_007,Rural,4,13213
2025-04-02,ATM_008,Suburban,1,5082
2025-04-02,ATM_009,Rural,1,16754
2025-04-02,ATM_010,Rural,9,18732
2025-04-03,ATM_001,Rural,5,8151
2025-04-03,ATM_002,Urban,2,4425
2025-04-03,ATM_003,Rural,1,18950
2025-04-03,ATM_004,Rural,6,14325
2025-04-03,ATM_005,Urban,1,8070
2025-04-03,ATM_006,Urban,1,20611
2025-04-03,ATM_007,Rural,8,4453
2025-04-03,ATM_008,Suburban,8,19246
2025-04-03,ATM_009,Rural,9,4491
2025-04-03,ATM_010,Rural,1,2505
2025-04-04,ATM_001,Rural,8,2650
2025-04-04,ATM_002,Urban,3,7669
2025-04-04,ATM_003,Rural,1,8379
2025-04-04,ATM_004,Rural,5,6060
2025-04-04,ATM_005,Urban,4,22354
2025-04-04,ATM_006,Urban,9,10300
2025-04-04,ATM_007,Rural,3,18967
2025-04-04,ATM_008,Suburban,7,9211
2025-04-04,ATM_009,Rural,1,17212
2025-04-04,ATM_010,Rural,3,9210
2025-04-05,ATM_001,Rural,6,12737
2025-04-05,ATM_002,Urban,1,16333
2025-04-05,ATM_003,Rural,5,10089
2025-04-05,ATM_004,Rural,5,14435
2025-04-05,ATM_005,Urban,5,22984
2025-04-05,ATM_006,Urban,1,24013
2025-04-05,ATM_007,Rural,4,7742
2025-04-05,ATM_008,Suburban,9,10097
2025-04-05,ATM_009,Rural,6,20118
2025-04-05,ATM_010,Rural,4,11616
2025-04-06,ATM_001,Rural,2,13137
2025-04-06,ATM_002,Urban,5,22818
2025-04-06,ATM_003,Rural,9,8038
2025-04-06,ATM_004,Rural,9,4458
2025-04-06,ATM_005,Urban,5,11347
2025-04-06,ATM_006,Urban,1,7384
2025-04-06,ATM_007,Rural,8,22872
2025-04-06,ATM_008,Suburban,3,23659
2025-04-06,ATM_009,Rural,1,17571
2025-04-06,ATM_010,Rural,9,13247
2025-04-07,ATM_001,Rural,8,9400
2025-04-07,ATM_002,Urban,9,4994
2025-04-07,ATM_003,Rural,6,17238
2025-04-07,ATM_004,Rural,5,5116
2025-04-07,ATM_005,Urban,8,8506
2025-04-07,ATM_006,Urban,3,12192
2025-04-07,ATM_007,Rural,3,16776
2025-04-07,ATM_008,Suburban,9,3100
2025-04-07,ATM_009,Rural,7,3899
2025-04-07,ATM_010,Rural,8,17266
2025-04-08,ATM_001,Rural,2,7410
2025-04-08,ATM_002,Urban,1,6956
2025-04-08,ATM_003,Rural,1,8751
2025-04-08,ATM_004,Rural,6,8262
2025-04-08,ATM_005,Urban,3,9840
2025-04-08,ATM_006,Urban,1,13002
2025-04-08,ATM_007,Rural,6,991
2025-04-08,ATM_008,Suburban,9,17618
2025-04-08,ATM_009,Rural,5,1328
2025-04-08,ATM_010,Rural,5,12966
2025-04-09,ATM_001,Rural,5,13802
2025-04-09,ATM_002,Urban,9,20363
2025-04-09,ATM_003,Rural,1,2872
2025-04-09,ATM_004,Rural,6,11673
2025-04-09,ATM_005,Urban,6,13162
2025-04-09,ATM_006,Urban,9,17072
2025-04-09,ATM_007,Rural,3,19245
2025-04-09,ATM_008,Suburban,8,15072
2025-04-09,ATM_009,Rural,9,12158
2025-04-09,ATM_010,Rural,6,14801
2025-04-10,ATM_001,Rural,3,13735
2025-04-10,ATM_002,Urban,8,6730
2025-04-10,ATM_003,Rural,9,3570
2025-04-10,ATM_004,Rural,6,7639
2025-04-10,ATM_005,Urban,5,22632
2025-04-10,ATM_006,Urban,9,7802
2025-04-10,ATM_007,Rural,8,18953
2025-04-10,ATM_008,Suburban,5,16239
2025-04-10,ATM_009,Rural,2,7679
2025-04-10,ATM_010,Rural,4,4344
2025-04-11,ATM_001,Rural,6,13829
2025-04-11,ATM_002,Urban,8,8957
2025-04-11,ATM_003,Rural,7,10024
2025-04-11,ATM_004,Rural,1,11363
2025-04-11,ATM_005,Urban,5,18811
2025-04-11,ATM_006,Urban,3,21402
2025-04-11,ATM_007,Rural,5,13178
2025-04-11,ATM_008,Suburban,9,13117
2025-04-11,ATM_009,Rural,3,13370
2025-04-11,ATM_010,Rural,6,13226
2025-04-12,ATM_001,Rural,9,20046
2025-04-12,ATM_002,Urban,6,16751
2025-04-12,ATM_003,Rural,2,15736
2025-04-12,ATM_004,Rural,6,17575
2025-04-12,ATM_005,Urban,6,26092
2025-04-12,ATM_006,Urban,7,21479
2025-04-12,ATM_007,Rural,4,8563
2025-04-12,ATM_008,Suburban,7,9926
2025-04-12,ATM_009,Rural,5,9243
2025-04-12,ATM_010,Rural,9,7052
2025-04-13,ATM_001,Rural,1,3453
2025-04-13,ATM_002,Urban,8,16643
2025-04-13,ATM_003,Rural,7,23849
2025-04-13,ATM_004,Rural,2,13591
2025-04-13,ATM_005,Urban,3,10573
2025-04-13,ATM_006,Urban,5,21486
2025-04-13,ATM_007,Rural,2,9856
2025-04-13,ATM_008,Suburban,4,8160
2025-04-13,ATM_009,Rural,7,20285
2025-04-13,ATM_010,Rural,1,10103
2025-04-14,ATM_001,Rural,4,13208
2025-04-14,ATM_002,Urban,3,10082
2025-04-14,ATM_003,Rural,2,3128
2025-04-14,ATM_004,Rural,6,16083
2025-04-14,ATM_005,Urban,3,10115
2025-04-14,ATM_006,Urban,4,8709
2025-04-14,ATM_007,Rural,5,14820
2025-04-14,ATM_008,Suburban,3,4323
2025-04-14,ATM_009,Rural,6,12259
2025-04-14,ATM_010,Rural,4,19884
2025-04-15,ATM_001,Rural,8,19130
2025-04-15,ATM_002,Urban,7,6299
2025-04-15,ATM_003,Rural,5,6518
2025-04-15,ATM_004,Rural,3,10603
2025-04-15,ATM_005,Urban,7,8816
2025-04-15,ATM_006,Urban,2,7923
2025-04-15,ATM_007,Rural,7,14308
2025-04-15,ATM_008,Suburban,6,18629
2025-04-15,ATM_009,Rural,6,4449
2025-04-15,ATM_010,Rural,3,8625
2025-04-16,ATM_001,Rural,8,14493
2025-04-16,ATM_002,Urban,8,5992
2025-04-16,ATM_003,Rural,5,1656
2025-04-16,ATM_004,Rural,5,14715
2025-04-16,ATM_005,Urban,9,9964
2025-04-16,ATM_006,Urban,4,19157
2025-04-16,ATM_007,Rural,3,9376
2025-04-16,ATM_008,Suburban,5,14227
2025-04-16,ATM_009,Rural,3,3550
2025-04-16,ATM_010,Rural,8,15899
2025-04-17,ATM_001,Rural,4,8190
2025-04-17,ATM_002,Urban,6,14138
2025-04-17,ATM_003,Rural,3,7970
2025-04-17,ATM_004,Rural,5,7159
2025-04-17,ATM_005,Urban,1,6283
2025-04-17,ATM_006,Urban,8,23833
2025-04-17,ATM_007,Rural,7,17702
2025-04-17,ATM_008,Suburban,7,6242
2025-04-17,ATM_009,Rural,1,18665
2025-04-17,ATM_010,Rural,5,1724
2025-04-18,ATM_001,Rural,1,19388
2025-04-18,ATM_002,Urban,5,15236
2025-04-18,ATM_003,Rural,2,19633
2025-04-18,ATM_004,Rural,3,2606
2025-04-18,ATM_005,Urban,1,16054
2025-04-18,ATM_006,Urban,5,18672
2025-04-18,ATM_007,Rural,4,19111
2025-04-18,ATM_008,Suburban,3,13911
2025-04-18,ATM_009,Rural,4,1577
2025-04-18,ATM_010,Rural,6,17362
2025-04-19,ATM_001,Rural,6,19269
2025-04-19,ATM_002,Urban,2,11454
2025-04-19,ATM_003,Rural,7,5037
2025-04-19,ATM_004,Rural,3,5276
2025-04-19,ATM_005,Urban,1,18178
2025-04-19,ATM_006,Urban,8,8821
2025-04-19,ATM_007,Rural,8,13610
2025-04-19,ATM_008,Suburban,2,7409
2025-04-19,ATM_009,Rural,7,12223
2025-04-19,ATM_010,Rural,7,15181
2025-04-20,ATM_001,Rural,1,7162
2025-04-20,ATM_002,Urban,6,18369
2025-04-20,ATM_003,Rural,2,15883
2025-04-20,ATM_004,Rural,4,21080
2025-04-20,ATM_005,Urban,6,21082
2025-04-20,ATM_006,Urban,8,12216
2025-04-20,ATM_007,Rural,4,24014
2025-04-20,ATM_008,Suburban,7,15937
2025-04-20,ATM_009,Rural,4,20759
2025-04-20,ATM_010,Rural,2,18519
2025-04-21,ATM_001,Rural,9,9081
2025-04-21,ATM_002,Urban,3,20006
2025-04-21,ATM_003,Rural,6,2152
2025-04-21,ATM_004,Rural,8,10765
2025-04-21,ATM_005,Urban,7,8653
2025-04-21,ATM_006,Urban,6,20983
2025-04-21,ATM_007,Rural,7,11013
2025-04-21,ATM_008,Suburban,5,18019
2025-04-21,ATM_009,Rural,6,1975
2025-04-21,ATM_010,Rural,4,17833
2025-04-22,ATM_001,Rural,7,1496
2025-04-22,ATM_002,Urban,9,10102
2025-04-22,ATM_003,Rural,2,15368
2025-04-22,ATM_004,Rural,9,12571
2025-04-22,ATM_005,Urban,2,12764
2025-04-22,ATM_006,Urban,4,16493
2025-04-22,ATM_007,Rural,5,13730
2025-04-22,ATM_008,Suburban,6,10956
2025-04-22,ATM_009,Rural,4,17474
2025-04-22,ATM_010,Rural,3,17225
2025-04-23,ATM_001,Rural,4,16848
2025-04-23,ATM_002,Urban,6,15106
2025-04-23,ATM_003,Rural,8,16938
2025-04-23,ATM_004,Rural,6,17374
2025-04-23,ATM_005,Urban,3,7229
2025-04-23,ATM_006,Urban,6,17887
2025-04-23,ATM_007,Rural,8,9528
2025-04-23,ATM_008,Suburban,8,13474
2025-04-23,ATM_009,Rural,4,9230
2025-04-23,ATM_010,Rural,9,15604
2025-04-24,ATM_001,Rural,9,15835
2025-04-24,ATM_002,Urban,3,10884
2025-04-24,ATM_003,Rural,5,13506
2025-04-24,ATM_004,Rural,7,19725
2025-04-24,ATM_005,Urban,5,19017
2025-04-24,ATM_006,Urban,1,6171
2025-04-24,ATM_007,Rural,5,2496
2025-04-24,ATM_008,Suburban,9,14032
2025-04-24,ATM_009,Rural,1,16428
2025-04-24,ATM_010,Rural,9,10180
2025-04-25,ATM_001,Rural,6,10890
2025-04-25,ATM_002,Urban,4,6398
2025-04-25,ATM_003,Rural,6,19497
2025-04-25,ATM_004,Rural,7,11408
2025-04-25,ATM_005,Urban,3,8547
2025-04-25,ATM_006,Urban,1,20082
2025-04-25,ATM_007,Rural,6,17722
2025-04-25,ATM_008,Suburban,8,19650
2025-04-25,ATM_009,Rural,9,9176
2025-04-25,ATM_010,Rural,5,4503
2025-04-26,ATM_001,Rural,2,21151
2025-04-26,ATM_002,Urban,5,19665
2025-04-26,ATM_003,Rural,7,8165
2025-04-26,ATM_004,Rural,2,19562
2025-04-26,ATM_005,Urban,9,24125
2025-04-26,ATM_006,Urban,7,11165
2025-04-26,ATM_007,Rural,5,3968
2025-04-26,ATM_008,Suburban,2,20804
2025-04-26,ATM_009,Rural,9,10327
2025-04-26,ATM_010,Rural,7,8443
2025-04-27,ATM_001,Rural,2,15794
2025-04-27,ATM_002,Urban,1,9986
2025-04-27,ATM_003,Rural,2,7178
2025-04-27,ATM_004,Rural,8,11281
2025-04-27,ATM_005,Urban,8,10324
2025-04-27,ATM_006,Urban,6,21966
2025-04-27,ATM_007,Rural,1,10707
2025-04-27,ATM_008,Suburban,7,13908
2025-04-27,ATM_009,Rural,4,16105
2025-04-27,ATM_010,Rural,5,4110
2025-04-28,ATM_001,Rural,5,5778
2025-04-28,ATM_002,Urban,5,18500
2025-04-28,ATM_003,Rural,6,15068
2025-04-28,ATM_004,Rural,3,14838
2025-04-28,ATM_005,Urban,9,22029
2025-04-28,ATM_006,Urban,5,11483
2025-04-28,ATM_007,Rural,6,16758
2025-04-28,ATM_008,Suburban,3,5771
2025-04-28,ATM_009,Rural,3,14987
2025-04-28,ATM_010,Rural,8,8289
2025-04-29,ATM_001,Rural,8,18754
2025-04-29,ATM_002,Urban,9,17451
2025-04-29,ATM_003,Rural,1,15063
2025-04-29,ATM_004,Rural,2,5778
2025-04-29,ATM_005,Urban,8,13197
2025-04-29,ATM_006,Urban,7,8532
2025-04-29,ATM_007,Rural,8,13214
2025-04-29,ATM_008,Suburban,6,13849
2025-04-29,ATM_009,Rural,3,14184
2025-04-29,ATM_010,Rural,8,14013
2025-04-30,ATM_001,Rural,5,15066
2025-04-30,ATM_002,Urban,5,19437
2025-04-30,ATM_003,Rural,1,13175
2025-04-30,ATM_004,Rural,6,11231
2025-04-30,ATM_005,Urban,9,12143
2025-04-30,ATM_006,Urban,7,23106
2025-04-30,ATM_007,Rural,7,11729
2025-04-30,ATM_008,Suburban,3,16069
2025-04-30,ATM_009,Rural,3,2016
2025-04-30,ATM_010,Rural,1,5895
2025-05-01,ATM_001,Rural,3,5328
2025-05-01,ATM_002,Urban,4,13339
2025-05-01,ATM_003,Rural,6,2615
2025-05-01,ATM_004,Rural,1,15585
2025-05-01,ATM_005,Urban,3,5840
2025-05-01,ATM_006,Urban,3,13976
2025-05-01,ATM_007,Rural,6,4104
2025-05-01,ATM_008,Suburban,3,4869
2025-05-01,ATM_009,Rural,9,13095
2025-05-01,ATM_010,Rural,2,12590
2025-05-02,ATM_001,Rural,6,12231
2025-05-02,ATM_002,Urban,9,7127
2025-05-02,ATM_003,Rural,8,6220
2025-05-02,ATM_004,Rural,5,4714
2025-05-02,ATM_005,Urban,2,4819
2025-05-02,ATM_006,Urban,9,16533
2025-05-02,ATM_007,Rural,5,3735
2025-05-02,ATM_008,Suburban,7,7690
2025-05-02,ATM_009,Rural,5,2005
2025-05-02,ATM_010,Rural,9,7154
2025-05-03,ATM_001,Rural,5,18786
2025-05-03,ATM_002,Urban,1,9513
2025-05-03,ATM_003,Rural,8,12353
2025-05-03,ATM_004,Rural,3,9683
2025-05-03,ATM_005,Urban,4,25356
2025-05-03,ATM_006,Urban,2,15603
2025-05-03,ATM_007,Rural,8,18291
2025-05-03,ATM_008,Suburban,6,10899
2025-05-03,ATM_009,Rural,6,10451
2025-05-03,ATM_010,Rural,8,7698
2025-05-04,ATM_001,Rural,5,14524
2025-05-04,ATM_002,Urban,3,12277
2025-05-04,ATM_003,Rural,2,16756
2025-05-04,ATM_004,Rural,8,7083
2025-05-04,ATM_005,Urban,9,27104
2025-05-04,ATM_006,Urban,4,22621
2025-05-04,ATM_007,Rural,5,13009
2025-05-04,ATM_008,Suburban,8,15351
2025-05-04,ATM_009,Rural,8,8142
2025-05-04,ATM_010,Rural,7,21811
2025-05-05,ATM_001,Rural,9,16750
2025-05-05,ATM_002,Urban,5,19261
2025-05-05,ATM_003,Rural,2,6668
2025-05-05,ATM_004,Rural,8,15962
2025-05-05,ATM_005,Urban,5,13737
2025-05-05,ATM_006,Urban,8,8107
2025-05-05,ATM_007,Rural,8,13957
2025-05-05,ATM_008,Suburban,5,7488
2025-05-05,ATM_009,Rural,3,1453
2025-05-05,ATM_010,Rural,5,18042
2025-05-06,ATM_001,Rural,2,17809
2025-05-06,ATM_002,Urban,2,13719
2025-05-06,ATM_003,Rural,7,16651
2025-05-06,ATM_004,Rural,4,18196
2025-05-06,ATM_005,Urban,1,10873
2025-05-06,ATM_006,Urban,7,10222
2025-05-06,ATM_007,Rural,6,19171
2025-05-06,ATM_008,Suburban,9,12764
2025-05-06,ATM_009,Rural,4,9116
2025-05-06,ATM_010,Rural,5,6505
2025-05-07,ATM_001,Rural,6,2327
2025-05-07,ATM_002,Urban,5,10311
2025-05-07,ATM_003,Rural,6,3297
2025-05-07,ATM_004,Rural,3,3377
2025-05-07,ATM_005,Urban,9,18963
2025-05-07,ATM_006,Urban,5,12978
2025-05-07,ATM_007,Rural,7,5856
2025-05-07,ATM_008,Suburban,4,20139
2025-05-07,ATM_009,Rural,5,3226
2025-05-07,ATM_010,Rural,1,14993
2025-05-08,ATM_001,Rural,9,12806
2025-05-08,ATM_002,Urban,7,7537
2025-05-08,ATM_003,Rural,2,10789
2025-05-08,ATM_004,Rural,1,18368
2025-05-08,ATM_005,Urban,2,6003
2025-05-08,ATM_006,Urban,2,23335
2025-05-08,ATM_007,Rural,3,16106
2025-05-08,ATM_008,Suburban,3,19996
2025-05-08,ATM_009,Rural,9,4116
2025-05-08,ATM_010,Rural,8,18805
2025-05-09,ATM_001,Rural,3,12509
2025-05-09,ATM_002,Urban,8,9845
2025-05-09,ATM_003,Rural,8,3995
2025-05-09,ATM_004,Rural,6,4767
2025-05-09,ATM_005,Urban,5,13411
2025-05-09,ATM_006,Urban,2,16274
2025-05-09,ATM_007,Rural,3,1529
2025-05-09,ATM_008,Suburban,5,12511
2025-05-09,ATM_009,Rural,9,12361
2025-05-09,ATM_010,Rural,2,13569
2025-05-10,ATM_001,Rural,1,4795
2025-05-10,ATM_002,Urban,3,12623
2025-05-10,ATM_003,Rural,9,9273
2025-05-10,ATM_004,Rural,4,21206
2025-05-10,ATM_005,Urban,3,11368
2025-05-10,ATM_006,Urban,2,14397
2025-05-10,ATM_007,Rural,7,17613
2025-05-10,ATM_008,Suburban,5,12012
2025-05-10,ATM_009,Rural,5,14335
2025-05-10,ATM_010,Rural,2,18837
2025-05-11,ATM_001,Rural,3,23222
2025-05-11,ATM_002,Urban,6,21377
2025-05-11,ATM_003,Rural,3,13475
2025-05-11,ATM_004,Rural,6,4923
2025-05-11,ATM_005,Urban,7,13361
2025-05-11,ATM_006,Urban,1,9963
2025-05-11,ATM_007,Rural,3,6735
2025-05-11,ATM_008,Suburban,4,20783
2025-05-11,ATM_009,Rural,7,10076
2025-05-11,ATM_010,Rural,4,17561
