date,atm_id,location_type,cash_withdrawn
2023-01-01,ATM_001,Urban,11225.379540090908
2023-01-01,ATM_002,Rural,6223.958662642572
2023-01-01,ATM_003,Suburban,6558.237968294806
2023-01-01,ATM_004,Suburban,9383.242946234404
2023-01-01,ATM_005,Rural,5938.097157992339
2023-01-01,ATM_006,Urban,12917.261365616978
2023-01-01,ATM_007,Urban,9403.519230451193
2023-01-01,ATM_008,Rural,6361.257418606627
2023-01-01,ATM_009,Rural,5780.501329884652
2023-01-01,ATM_010,Suburban,6875.28534248105
2023-01-01,ATM_011,Rural,8483.665005084411
2023-01-01,ATM_012,Urban,9041.724908062184
2023-01-01,ATM_013,Rural,7102.235781179889
2023-01-01,ATM_014,Suburban,6920.573284873078
2023-01-01,ATM_015,Suburban,10647.842405368629
2023-01-01,ATM_016,Rural,4587.1165885092505
2023-01-01,ATM_017,Suburban,8251.966013416755
2023-01-01,ATM_018,Urban,7071.007856792919
2023-01-01,ATM_019,Urban,7595.366728007239
2023-01-01,ATM_020,Rural,7213.4130246247705
2023-01-02,ATM_001,Urban,9279.908012743645
2023-01-02,ATM_002,Rural,3403.3500646452526
2023-01-02,ATM_003,Suburban,7194.001538681336
2023-01-02,ATM_004,Suburban,5075.779682529734
2023-01-02,ATM_005,Rural,4017.4286742375434
2023-01-02,ATM_006,Urban,7402.488125723268
2023-01-02,ATM_007,Urban,7222.673601545003
2023-01-02,ATM_008,Rural,6220.4470038616055
2023-01-02,ATM_009,Rural,6934.181063123777
2023-01-02,ATM_010,Suburban,8040.762415307687
2023-01-02,ATM_011,Rural,7294.91808716208
2023-01-02,ATM_012,Urban,8932.812051648905
2023-01-02,ATM_013,Rural,4225.943969956286
2023-01-02,ATM_014,Suburban,9481.086982286906
2023-01-02,ATM_015,Suburban,11090.536146544597
2023-01-02,ATM_016,Rural,6285.092020825844
2023-01-02,ATM_017,Suburban,5306.136339601486
2023-01-02,ATM_018,Urban,7964.720926757956
2023-01-02,ATM_019,Urban,10674.360639942646
2023-01-02,ATM_020,Rural,3982.698979134517
2023-01-03,ATM_001,Urban,9998.170425484723
2023-01-03,ATM_002,Rural,6055.008033833729
2023-01-03,ATM_003,Suburban,7936.8905523562125
2023-01-03,ATM_004,Suburban,8970.790138755214
2023-01-03,ATM_005,Rural,4917.422127389185
2023-01-03,ATM_006,Urban,10584.970871976038
2023-01-03,ATM_007,Urban,10659.878584926231
2023-01-03,ATM_008,Rural,7519.928094655872
2023-01-03,ATM_009,Rural,6806.019659438605
2023-01-03,ATM_010,Suburban,6083.207608965364
2023-01-03,ATM_011,Rural,6868.941625122597
2023-01-03,ATM_012,Urban,7801.903979921538
2023-01-03,ATM_013,Rural,7640.6093487912785
2023-01-03,ATM_014,Suburban,7937.577932434135
2023-01-03,ATM_015,Suburban,5748.831660721948
2023-01-03,ATM_016,Rural,4393.374208434743
2023-01-03,ATM_017,Suburban,7596.339959829406
2023-01-03,ATM_018,Urban,10779.265664800232
2023-01-03,ATM_019,Urban,8838.98783718835
2023-01-03,ATM_020,Rural,3043.050859737678
2023-01-04,ATM_001,Urban,10096.109748071556
2023-01-04,ATM_002,Rural,6189.552504298964
2023-01-04,ATM_003,Suburban,9025.808369192728
2023-01-04,ATM_004,Suburban,7415.920996408932
2023-01-04,ATM_005,Rural,7465.014994242834
2023-01-04,ATM_006,Urban,11427.48927082785
2023-01-04,ATM_007,Urban,10325.365747758406
2023-01-04,ATM_008,Rural,4687.144526764793
2023-01-04,ATM_009,Rural,5805.060079038454
2023-01-04,ATM_010,Suburban,8582.765412934767
2023-01-04,ATM_011,Rural,4780.927556883397
2023-01-04,ATM_012,Urban,7290.2170347897645
2023-01-04,ATM_013,Rural,7053.745316360383
2023-01-04,ATM_014,Suburban,10428.762492049469
2023-01-04,ATM_015,Suburban,6692.848610177217
2023-01-04,ATM_016,Rural,6985.889814202216
2023-01-04,ATM_017,Suburban,7486.448606742577
2023-01-04,ATM_018,Urban,6600.576599074872
2023-01-04,ATM_019,Urban,7822.711385086005
2023-01-04,ATM_020,Rural,4112.500307361328
2023-01-05,ATM_001,Urban,11131.421946325418
2023-01-05,ATM_002,Rural,6883.051857845311
2023-01-05,ATM_003,Suburban,7364.606022727131
2023-01-05,ATM_004,Suburban,8062.441914257497
2023-01-05,ATM_005,Rural,5659.199611391036
2023-01-05,ATM_006,Urban,6090.3662597633
2023-01-05,ATM_007,Urban,11388.114387553118
2023-01-05,ATM_008,Rural,4822.865960779216
2023-01-05,ATM_009,Rural,2191.91429455235
2023-01-05,ATM_010,Suburban,7735.854454083011
2023-01-05,ATM_011,Rural,7354.514025535366
2023-01-05,ATM_012,Urban,7078.333756775501
2023-01-05,ATM_013,Rural,2411.7040349509452
2023-01-05,ATM_014,Suburban,7229.775794296462
2023-01-05,ATM_015,Suburban,10262.143756404712
2023-01-05,ATM_016,Rural,4764.939588329238
2023-01-05,ATM_017,Suburban,6003.888209269189
2023-01-05,ATM_018,Urban,10738.888399750615
2023-01-05,ATM_019,Urban,5503.882228651397
2023-01-05,ATM_020,Rural,5308.7524794089695
2023-01-06,ATM_001,Urban,8298.724381221427
2023-01-06,ATM_002,Rural,4659.101651428608
2023-01-06,ATM_003,Suburban,5218.851767693581
2023-01-06,ATM_004,Suburban,5165.39753766218
2023-01-06,ATM_005,Rural,7190.73015216931
2023-01-06,ATM_006,Urban,8386.848630181803
2023-01-06,ATM_007,Urban,9226.40129137367
2023-01-06,ATM_008,Rural,7281.13500402468
2023-01-06,ATM_009,Rural,5413.550070800428
2023-01-06,ATM_010,Suburban,7544.687583672633
2023-01-06,ATM_011,Rural,3330.3413754105222
2023-01-06,ATM_012,Urban,11153.171263320935
2023-01-06,ATM_013,Rural,4531.190209380989
2023-01-06,ATM_014,Suburban,6543.810293017426
2023-01-06,ATM_015,Suburban,6565.328555868008
2023-01-06,ATM_016,Rural,6021.343920360061
2023-01-06,ATM_017,Suburban,8646.199895581276
2023-01-06,ATM_018,Urban,9504.7917373376
2023-01-06,ATM_019,Urban,7171.80664512243
2023-01-06,ATM_020,Rural,4101.125008839139
2023-01-07,ATM_001,Urban,10047.863706921104
2023-01-07,ATM_002,Rural,8908.438241605869
2023-01-07,ATM_003,Suburban,10843.219931714102
2023-01-07,ATM_004,Suburban,6010.321147733885
2023-01-07,ATM_005,Rural,2958.4536398521923
2023-01-07,ATM_006,Urban,10602.658816894258
2023-01-07,ATM_007,Urban,7360.485972311745
2023-01-07,ATM_008,Rural,7182.228965855057
2023-01-07,ATM_009,Rural,7446.831860045704
2023-01-07,ATM_010,Suburban,10445.3940019769
2023-01-07,ATM_011,Rural,8139.148386984174
2023-01-07,ATM_012,Urban,10922.292800962647
2023-01-07,ATM_013,Rural,7879.5548652088755
2023-01-07,ATM_014,Suburban,9334.891814044795
2023-01-07,ATM_015,Suburban,7876.344650512414
2023-01-07,ATM_016,Rural,5266.387160865074
2023-01-07,ATM_017,Suburban,9260.816402028362
2023-01-07,ATM_018,Urban,8173.64336599721
2023-01-07,ATM_019,Urban,12770.057401743477
2023-01-07,ATM_020,Rural,2761.5687476596204
2023-01-08,ATM_001,Urban,11507.031218947965
2023-01-08,ATM_002,Rural,5592.534049117526
2023-01-08,ATM_003,Suburban,10848.469581582298
2023-01-08,ATM_004,Suburban,10755.035133926956
2023-01-08,ATM_005,Rural,7904.9874128763495
2023-01-08,ATM_006,Urban,14672.29038122395
2023-01-08,ATM_007,Urban,9981.936796676908
2023-01-08,ATM_008,Rural,3700.3760885194397
2023-01-08,ATM_009,Rural,6860.797665579845
2023-01-08,ATM_010,Suburban,5574.026379362708
2023-01-08,ATM_011,Rural,5778.379128685735
2023-01-08,ATM_012,Urban,7313.538891615966
2023-01-08,ATM_013,Rural,8057.9114197571935
2023-01-08,ATM_014,Suburban,6653.568672779969
2023-01-08,ATM_015,Suburban,11304.280973602803
2023-01-08,ATM_016,Rural,7885.1041155658295
2023-01-08,ATM_017,Suburban,10914.330093628825
2023-01-08,ATM_018,Urban,10484.639773149536
2023-01-08,ATM_019,Urban,12862.948263261082
2023-01-08,ATM_020,Rural,8841.2714416703
2023-01-09,ATM_001,Urban,12190.551678250273
2023-01-09,ATM_002,Rural,4754.385081566278
2023-01-09,ATM_003,Suburban,4896.171548405622
2023-01-09,ATM_004,Suburban,5144.504185641721
2023-01-09,ATM_005,Rural,6237.909032522844
2023-01-09,ATM_006,Urban,8107.743412565422
2023-01-09,ATM_007,Urban,9656.385160011172
2023-01-09,ATM_008,Rural,6740.366508950136
2023-01-09,ATM_009,Rural,3961.342517835097
2023-01-09,ATM_010,Suburban,7439.6093004594795
2023-01-09,ATM_011,Rural,4915.891258335591
2023-01-09,ATM_012,Urban,6442.255869299465
2023-01-09,ATM_013,Rural,5008.286896355473
2023-01-09,ATM_014,Suburban,8180.967243305968
2023-01-09,ATM_015,Suburban,6473.188570455348
2023-01-09,ATM_016,Rural,5454.505534970728
2023-01-09,ATM_017,Suburban,6394.334580135853
2023-01-09,ATM_018,Urban,9892.395872996993
2023-01-09,ATM_019,Urban,10456.753671276987
2023-01-09,ATM_020,Rural,6204.309929618989
2023-01-10,ATM_001,Urban,8876.179701710911
2023-01-10,ATM_002,Rural,7429.975768626726
2023-01-10,ATM_003,Suburban,4372.592552587458
2023-01-10,ATM_004,Suburban,6348.889736255668
2023-01-10,ATM_005,Rural,8434.005929520592
2023-01-10,ATM_006,Urban,7494.909989226587
2023-01-10,ATM_007,Urban,11812.35359561941
2023-01-10,ATM_008,Rural,6740.9066393295
2023-01-10,ATM_009,Rural,7135.196708187588
2023-01-10,ATM_010,Suburban,9504.932338675617
2023-01-10,ATM_011,Rural,4247.779060191691
2023-01-10,ATM_012,Urban,5729.1979438139415
2023-01-10,ATM_013,Rural,5322.500041632058
2023-01-10,ATM_014,Suburban,8546.460730249235
2023-01-10,ATM_015,Suburban,8622.079354295238
2023-01-10,ATM_016,Rural,6514.5086005190005
2023-01-10,ATM_017,Suburban,6919.804348629402
2023-01-10,ATM_018,Urban,5712.038766596919
2023-01-10,ATM_019,Urban,6709.97905092031
2023-01-10,ATM_020,Rural,5743.618622187976
2023-01-11,ATM_001,Urban,12422.130695429007
2023-01-11,ATM_002,Rural,6671.03689680671
2023-01-11,ATM_003,Suburban,6870.689521675946
2023-01-11,ATM_004,Suburban,9360.08961338014
2023-01-11,ATM_005,Rural,3625.614891774885
2023-01-11,ATM_006,Urban,11896.636094339738
2023-01-11,ATM_007,Urban,9176.75631453424
2023-01-11,ATM_008,Rural,7004.302426937778
2023-01-11,ATM_009,Rural,5496.718274751611
2023-01-11,ATM_010,Suburban,7239.432956228831
2023-01-11,ATM_011,Rural,6651.591188463272
2023-01-11,ATM_012,Urban,5073.996448764408
2023-01-11,ATM_013,Rural,6228.851932810502
2023-01-11,ATM_014,Suburban,5698.513316087526
2023-01-11,ATM_015,Suburban,6485.067041705919
2023-01-11,ATM_016,Rural,6621.2770796061595
2023-01-11,ATM_017,Suburban,10177.847036418863
2023-01-11,ATM_018,Urban,8238.409781345275
2023-01-11,ATM_019,Urban,8517.020879478623
2023-01-11,ATM_020,Rural,6712.9414343515255
2023-01-12,ATM_001,Urban,5493.853059074819
2023-01-12,ATM_002,Rural,6431.7223862815945
2023-01-12,ATM_003,Suburban,7302.888318161474
2023-01-12,ATM_004,Suburban,3741.8885319218407
2023-01-12,ATM_005,Rural,4297.055905975968
2023-01-12,ATM_006,Urban,7747.529164549108
2023-01-12,ATM_007,Urban,10776.073054987568
2023-01-12,ATM_008,Rural,4443.760490970328
2023-01-12,ATM_009,Rural,7244.114395288753
2023-01-12,ATM_010,Suburban,6404.392117015179
2023-01-12,ATM_011,Rural,7141.342497428049
2023-01-12,ATM_012,Urban,8810.913585857914
2023-01-12,ATM_013,Rural,6064.247899835711
2023-01-12,ATM_014,Suburban,8249.1618316236
2023-01-12,ATM_015,Suburban,5502.248448986863
2023-01-12,ATM_016,Rural,6959.2759716122455
2023-01-12,ATM_017,Suburban,7644.848014890332
2023-01-12,ATM_018,Urban,9578.14652794247
2023-01-12,ATM_019,Urban,8117.548702226867
2023-01-12,ATM_020,Rural,3375.9079217940675
2023-01-13,ATM_001,Urban,10247.720493076868
2023-01-13,ATM_002,Rural,5521.884550377157
2023-01-13,ATM_003,Suburban,10100.921356012615
2023-01-13,ATM_004,Suburban,7896.353881165651
2023-01-13,ATM_005,Rural,3995.9363100131945
2023-01-13,ATM_006,Urban,10947.426951593316
2023-01-13,ATM_007,Urban,9848.533238893824
2023-01-13,ATM_008,Rural,4490.608763986446
2023-01-13,ATM_009,Rural,5228.97848752643
2023-01-13,ATM_010,Suburban,5420.570581381336
2023-01-13,ATM_011,Rural,7248.0720716070655
2023-01-13,ATM_012,Urban,9804.059250736438
2023-01-13,ATM_013,Rural,8202.725262341997
2023-01-13,ATM_014,Suburban,5557.864939247191
2023-01-13,ATM_015,Suburban,8496.110100717877
2023-01-13,ATM_016,Rural,6340.944480542025
2023-01-13,ATM_017,Suburban,6128.597657261851
2023-01-13,ATM_018,Urban,9848.04439601537
2023-01-13,ATM_019,Urban,5829.728988988635
2023-01-13,ATM_020,Rural,5247.248270402366
2023-01-14,ATM_001,Urban,10506.591708678263
2023-01-14,ATM_002,Rural,5987.056934071853
2023-01-14,ATM_003,Suburban,8165.437851887076
2023-01-14,ATM_004,Suburban,8301.493929279792
2023-01-14,ATM_005,Rural,8947.148630734788
2023-01-14,ATM_006,Urban,12483.820659019995
2023-01-14,ATM_007,Urban,9054.695736349613
2023-01-14,ATM_008,Rural,6881.201684504766
2023-01-14,ATM_009,Rural,5635.274882556106
2023-01-14,ATM_010,Suburban,11020.354401219178
2023-01-14,ATM_011,Rural,8234.615490061735
2023-01-14,ATM_012,Urban,11156.24094877391
2023-01-14,ATM_013,Rural,6175.102361203834
2023-01-14,ATM_014,Suburban,12050.403305529033
2023-01-14,ATM_015,Suburban,8247.425645078576
2023-01-14,ATM_016,Rural,5085.604492296664
2023-01-14,ATM_017,Suburban,9099.904009963173
2023-01-14,ATM_018,Urban,8818.521113991215
2023-01-14,ATM_019,Urban,8782.326814888322
2023-01-14,ATM_020,Rural,6045.901671362082
2023-01-15,ATM_001,Urban,9476.964434227033
2023-01-15,ATM_002,Rural,8168.734645172559
2023-01-15,ATM_003,Suburban,6273.816831877351
2023-01-15,ATM_004,Suburban,8136.655976260773
2023-01-15,ATM_005,Rural,8613.518136579694
2023-01-15,ATM_006,Urban,14369.346236656327
2023-01-15,ATM_007,Urban,14204.221902977482
2023-01-15,ATM_008,Rural,4878.267525235633
2023-01-15,ATM_009,Rural,4693.326273423425
2023-01-15,ATM_010,Suburban,6666.583859450204
2023-01-15,ATM_011,Rural,7908.543255043082
2023-01-15,ATM_012,Urban,10708.710403223175
2023-01-15,ATM_013,Rural,8419.696056726762
2023-01-15,ATM_014,Suburban,8805.949245270358
2023-01-15,ATM_015,Suburban,8367.095504522
2023-01-15,ATM_016,Rural,5256.055247308115
2023-01-15,ATM_017,Suburban,9369.79020103901
2023-01-15,ATM_018,Urban,13411.731347300092
2023-01-15,ATM_019,Urban,10666.94421062009
2023-01-15,ATM_020,Rural,6790.542389452652
2023-01-16,ATM_001,Urban,7665.296154675161
2023-01-16,ATM_002,Rural,5685.596803878038
2023-01-16,ATM_003,Suburban,7784.719749851262
2023-01-16,ATM_004,Suburban,7317.38786858431
2023-01-16,ATM_005,Rural,4018.1333450099296
2023-01-16,ATM_006,Urban,7472.391756246568
2023-01-16,ATM_007,Urban,7469.447011094541
2023-01-16,ATM_008,Rural,4107.862875887993
2023-01-16,ATM_009,Rural,4945.292710498504
2023-01-16,ATM_010,Suburban,9527.708365593151
2023-01-16,ATM_011,Rural,7125.2988559665455
2023-01-16,ATM_012,Urban,9780.1832937129
2023-01-16,ATM_013,Rural,7517.851578195833
2023-01-16,ATM_014,Suburban,5160.037668960543
2023-01-16,ATM_015,Suburban,8278.456878764528
2023-01-16,ATM_016,Rural,6956.406569058319
2023-01-16,ATM_017,Suburban,5678.852890560283
2023-01-16,ATM_018,Urban,9990.078879647413
2023-01-16,ATM_019,Urban,12242.893785531818
2023-01-16,ATM_020,Rural,6721.077008370722
2023-01-17,ATM_001,Urban,10815.769823479028
2023-01-17,ATM_002,Rural,5010.898679929547
2023-01-17,ATM_003,Suburban,4136.722729867426
2023-01-17,ATM_004,Suburban,9143.88993606931
2023-01-17,ATM_005,Rural,6031.83346151139
2023-01-17,ATM_006,Urban,11882.00885888782
2023-01-17,ATM_007,Urban,8338.579990591223
2023-01-17,ATM_008,Rural,7105.219003560067
2023-01-17,ATM_009,Rural,4587.820288241372
2023-01-17,ATM_010,Suburban,11250.765036951088
2023-01-17,ATM_011,Rural,5657.885518169054
2023-01-17,ATM_012,Urban,7625.434999796507
2023-01-17,ATM_013,Rural,3578.7404598221246
2023-01-17,ATM_014,Suburban,8599.874017843587
2023-01-17,ATM_015,Suburban,10408.199330382458
2023-01-17,ATM_016,Rural,6231.087723288952
2023-01-17,ATM_017,Suburban,5262.653847710954
2023-01-17,ATM_018,Urban,11594.656168761776
2023-01-17,ATM_019,Urban,13361.059713321725
2023-01-17,ATM_020,Rural,3960.300016271694
2023-01-18,ATM_001,Urban,7460.956311190801
2023-01-18,ATM_002,Rural,7065.436895919153
2023-01-18,ATM_003,Suburban,5052.846211799219
2023-01-18,ATM_004,Suburban,7587.31729170374
2023-01-18,ATM_005,Rural,5434.015972926244
2023-01-18,ATM_006,Urban,6682.148873990175
2023-01-18,ATM_007,Urban,9976.14325984268
2023-01-18,ATM_008,Rural,6350.962496811948
2023-01-18,ATM_009,Rural,4260.975749415246
2023-01-18,ATM_010,Suburban,6701.573565344043
2023-01-18,ATM_011,Rural,4522.184512058987
2023-01-18,ATM_012,Urban,11270.773852253878
2023-01-18,ATM_013,Rural,3322.479862654218
2023-01-18,ATM_014,Suburban,7591.454276646035
2023-01-18,ATM_015,Suburban,8981.120242400655
2023-01-18,ATM_016,Rural,7792.049546038014
2023-01-18,ATM_017,Suburban,6708.844735858483
2023-01-18,ATM_018,Urban,7811.3510570505805
2023-01-18,ATM_019,Urban,6528.146324345586
2023-01-18,ATM_020,Rural,7155.600821315137
2023-01-19,ATM_001,Urban,10201.714125077215
2023-01-19,ATM_002,Rural,5837.385253494714
2023-01-19,ATM_003,Suburban,7472.381072524229
2023-01-19,ATM_004,Suburban,7777.793469549497
2023-01-19,ATM_005,Rural,6676.781970847078
2023-01-19,ATM_006,Urban,8797.350932409456
2023-01-19,ATM_007,Urban,9003.669519148743
2023-01-19,ATM_008,Rural,4149.5933315574
2023-01-19,ATM_009,Rural,8143.056974075121
2023-01-19,ATM_010,Suburban,6492.988062973661
2023-01-19,ATM_011,Rural,4975.262495297107
2023-01-19,ATM_012,Urban,10261.190769089484
2023-01-19,ATM_013,Rural,7714.8168938717545
2023-01-19,ATM_014,Suburban,5045.804881933167
2023-01-19,ATM_015,Suburban,6983.208502164909
2023-01-19,ATM_016,Rural,6705.391105998569
2023-01-19,ATM_017,Suburban,8549.525370358382
2023-01-19,ATM_018,Urban,11504.666222752801
2023-01-19,ATM_019,Urban,9761.365827311074
2023-01-19,ATM_020,Rural,5106.461547370584
2023-01-20,ATM_001,Urban,8552.73890893993
2023-01-20,ATM_002,Rural,6531.352357004686
2023-01-20,ATM_003,Suburban,9643.309707208347
2023-01-20,ATM_004,Suburban,3636.0935079071737
2023-01-20,ATM_005,Rural,5121.388087533386
2023-01-20,ATM_006,Urban,9948.317557593122
2023-01-20,ATM_007,Urban,10135.485011386389
2023-01-20,ATM_008,Rural,3738.5822686691
2023-01-20,ATM_009,Rural,4969.917439972744
2023-01-20,ATM_010,Suburban,4885.955719888055
2023-01-20,ATM_011,Rural,3915.862775741836
2023-01-20,ATM_012,Urban,6449.789003102451
2023-01-20,ATM_013,Rural,3656.3941242251435
2023-01-20,ATM_014,Suburban,6347.074769198134
2023-01-20,ATM_015,Suburban,9345.264605599636
2023-01-20,ATM_016,Rural,5598.779018729403
2023-01-20,ATM_017,Suburban,9212.456108343986
2023-01-20,ATM_018,Urban,9030.78432383325
2023-01-20,ATM_019,Urban,10981.145508183467
2023-01-20,ATM_020,Rural,4301.296827885084
2023-01-21,ATM_001,Urban,9494.464344466453
2023-01-21,ATM_002,Rural,5600.4216017154
2023-01-21,ATM_003,Suburban,10150.42998700133
2023-01-21,ATM_004,Suburban,9463.60138320617
2023-01-21,ATM_005,Rural,7526.139447307479
2023-01-21,ATM_006,Urban,12361.202323344321
2023-01-21,ATM_007,Urban,11886.458732523188
2023-01-21,ATM_008,Rural,4474.808183428647
2023-01-21,ATM_009,Rural,3831.8525511422085
2023-01-21,ATM_010,Suburban,9911.757082649985
2023-01-21,ATM_011,Rural,5385.019280169761
2023-01-21,ATM_012,Urban,15304.7027034612
2023-01-21,ATM_013,Rural,7609.808700094694
2023-01-21,ATM_014,Suburban,10311.634718616824
2023-01-21,ATM_015,Suburban,6264.175286811625
2023-01-21,ATM_016,Rural,7584.97321303627
2023-01-21,ATM_017,Suburban,8825.355959005914
2023-01-21,ATM_018,Urban,8490.929102239772
2023-01-21,ATM_019,Urban,9133.304782451733
2023-01-21,ATM_020,Rural,4367.659508086139
2023-01-22,ATM_001,Urban,11170.420755407491
2023-01-22,ATM_002,Rural,4842.950493362241
2023-01-22,ATM_003,Suburban,10839.909285476922
2023-01-22,ATM_004,Suburban,7983.242628051933
2023-01-22,ATM_005,Rural,4063.2714327221174
2023-01-22,ATM_006,Urban,10231.969122919378
2023-01-22,ATM_007,Urban,10639.795445940399
2023-01-22,ATM_008,Rural,7179.754520834364
2023-01-22,ATM_009,Rural,5555.829737985784
2023-01-22,ATM_010,Suburban,7319.86511732367
2023-01-22,ATM_011,Rural,6665.631723244302
2023-01-22,ATM_012,Urban,13754.400909670216
2023-01-22,ATM_013,Rural,6153.755763647618
2023-01-22,ATM_014,Suburban,8660.599091749653
2023-01-22,ATM_015,Suburban,8485.697662299868
2023-01-22,ATM_016,Rural,6703.259707543053
2023-01-22,ATM_017,Suburban,11659.684604372229
2023-01-22,ATM_018,Urban,12533.064474162204
2023-01-22,ATM_019,Urban,13080.59593405563
2023-01-22,ATM_020,Rural,7732.37847202005
2023-01-23,ATM_001,Urban,10657.621285771378
2023-01-23,ATM_002,Rural,3234.6485122856798
2023-01-23,ATM_003,Suburban,8600.852729496868
2023-01-23,ATM_004,Suburban,9485.724168884035
2023-01-23,ATM_005,Rural,6253.38946801808
2023-01-23,ATM_006,Urban,6427.196687236266
2023-01-23,ATM_007,Urban,7085.697601607727
2023-01-23,ATM_008,Rural,6412.517178684296
2023-01-23,ATM_009,Rural,6201.141863265122
2023-01-23,ATM_010,Suburban,8707.524291063217
2023-01-23,ATM_011,Rural,2092.9796258146825
2023-01-23,ATM_012,Urban,7651.922834813653
2023-01-23,ATM_013,Rural,5319.284189811634
2023-01-23,ATM_014,Suburban,5524.561719207132
2023-01-23,ATM_015,Suburban,5464.358340010114
2023-01-23,ATM_016,Rural,4932.663322423684
2023-01-23,ATM_017,Suburban,8107.308597683754
2023-01-23,ATM_018,Urban,9860.837726013764
2023-01-23,ATM_019,Urban,11562.919412666442
2023-01-23,ATM_020,Rural,6321.696166134178
2023-01-24,ATM_001,Urban,6856.229317489618
2023-01-24,ATM_002,Rural,6005.285688353371
2023-01-24,ATM_003,Suburban,7810.023065901721
2023-01-24,ATM_004,Suburban,7401.655390731808
2023-01-24,ATM_005,Rural,7315.086978148115
2023-01-24,ATM_006,Urban,9328.029087186684
2023-01-24,ATM_007,Urban,8681.920934609121
2023-01-24,ATM_008,Rural,3138.4709498195
2023-01-24,ATM_009,Rural,3058.850624874285
2023-01-24,ATM_010,Suburban,5238.982763228038
2023-01-24,ATM_011,Rural,6372.838621761975
2023-01-24,ATM_012,Urban,8034.547035296282
2023-01-24,ATM_013,Rural,5017.04775558322
2023-01-24,ATM_014,Suburban,6236.698042773621
2023-01-24,ATM_015,Suburban,7329.957709053877
2023-01-24,ATM_016,Rural,7268.298817177061
2023-01-24,ATM_017,Suburban,8196.457854823091
2023-01-24,ATM_018,Urban,7876.558708555286
2023-01-24,ATM_019,Urban,7399.523662737176
2023-01-24,ATM_020,Rural,6570.271462348763
2023-01-25,ATM_001,Urban,8819.74726716107
2023-01-25,ATM_002,Rural,4617.177522631087
2023-01-25,ATM_003,Suburban,8929.14192929401
2023-01-25,ATM_004,Suburban,8499.220790061067
2023-01-25,ATM_005,Rural,4879.390017829222
2023-01-25,ATM_006,Urban,7884.182228612149
2023-01-25,ATM_007,Urban,7312.420232473273
2023-01-25,ATM_008,Rural,6350.7269922165915
2023-01-25,ATM_009,Rural,5109.451747902527
2023-01-25,ATM_010,Suburban,8996.086461863411
2023-01-25,ATM_011,Rural,5190.602061455936
2023-01-25,ATM_012,Urban,8574.035294101643
2023-01-25,ATM_013,Rural,6230.95676516113
2023-01-25,ATM_014,Suburban,8663.218040287557
2023-01-25,ATM_015,Suburban,6918.148133555013
2023-01-25,ATM_016,Rural,4085.0386643666457
2023-01-25,ATM_017,Suburban,7094.5937478700325
2023-01-25,ATM_018,Urban,10882.76926087071
2023-01-25,ATM_019,Urban,5457.1469011283025
2023-01-25,ATM_020,Rural,5377.302918386484
2023-01-26,ATM_001,Urban,8504.532365712941
2023-01-26,ATM_002,Rural,2828.372850904335
2023-01-26,ATM_003,Suburban,10529.73256297765
2023-01-26,ATM_004,Suburban,6286.556753236752
2023-01-26,ATM_005,Rural,3208.6881311828547
2023-01-26,ATM_006,Urban,10656.97797700384
2023-01-26,ATM_007,Urban,10701.634005135456
2023-01-26,ATM_008,Rural,4335.36975693036
2023-01-26,ATM_009,Rural,2995.1958306383876
2023-01-26,ATM_010,Suburban,9178.810416041339
2023-01-26,ATM_011,Rural,5992.302214207891
2023-01-26,ATM_012,Urban,8075.471709179912
2023-01-26,ATM_013,Rural,3258.0775753727225
2023-01-26,ATM_014,Suburban,7811.8631977299465
2023-01-26,ATM_015,Suburban,4922.4339133639705
2023-01-26,ATM_016,Rural,6085.423884510495
2023-01-26,ATM_017,Suburban,5259.9190408777085
2023-01-26,ATM_018,Urban,10397.420031853535
2023-01-26,ATM_019,Urban,11352.890036001176
2023-01-26,ATM_020,Rural,3581.965475996049
2023-01-27,ATM_001,Urban,9337.875782279198
2023-01-27,ATM_002,Rural,2722.481394075883
2023-01-27,ATM_003,Suburban,6586.9944211682105
2023-01-27,ATM_004,Suburban,8437.071137473551
2023-01-27,ATM_005,Rural,3325.020713657727
2023-01-27,ATM_006,Urban,4688.828279732834
2023-01-27,ATM_007,Urban,9164.359127772783
2023-01-27,ATM_008,Rural,6897.084625438385
2023-01-27,ATM_009,Rural,7415.269921985557
2023-01-27,ATM_010,Suburban,5834.615031349236
2023-01-27,ATM_011,Rural,4970.949138798956
2023-01-27,ATM_012,Urban,8852.12922965106
2023-01-27,ATM_013,Rural,4571.977455620162
2023-01-27,ATM_014,Suburban,8854.618558792468
2023-01-27,ATM_015,Suburban,6880.6696400429555
2023-01-27,ATM_016,Rural,6940.887173580148
2023-01-27,ATM_017,Suburban,7975.2493987693915
2023-01-27,ATM_018,Urban,6488.158059505078
2023-01-27,ATM_019,Urban,11180.236976187814
2023-01-27,ATM_020,Rural,6526.817295782514
2023-01-28,ATM_001,Urban,7669.951006415623
2023-01-28,ATM_002,Rural,5151.631791391128
2023-01-28,ATM_003,Suburban,7194.326373264342
2023-01-28,ATM_004,Suburban,8333.021535892616
2023-01-28,ATM_005,Rural,8855.608944630632
2023-01-28,ATM_006,Urban,11714.448581425326
2023-01-28,ATM_007,Urban,13931.23440962793
2023-01-28,ATM_008,Rural,5279.1435405790735
2023-01-28,ATM_009,Rural,6436.596483233561
2023-01-28,ATM_010,Suburban,8923.559268802062
2023-01-28,ATM_011,Rural,9835.584334191442
2023-01-28,ATM_012,Urban,8739.169364551548
2023-01-28,ATM_013,Rural,4808.309802117214
2023-01-28,ATM_014,Suburban,10682.6207382451
2023-01-28,ATM_015,Suburban,11023.508195020204
2023-01-28,ATM_016,Rural,5943.077983122205
2023-01-28,ATM_017,Suburban,9801.20950254426
2023-01-28,ATM_018,Urban,10291.895769889352
2023-01-28,ATM_019,Urban,13531.039951843955
2023-01-28,ATM_020,Rural,8583.475930647193
2023-01-29,ATM_001,Urban,14399.378795700504
2023-01-29,ATM_002,Rural,6600.0179319918825
2023-01-29,ATM_003,Suburban,12515.271941951583
2023-01-29,ATM_004,Suburban,7769.108263686299
2023-01-29,ATM_005,Rural,6433.647622457317
2023-01-29,ATM_006,Urban,8966.803511883098
2023-01-29,ATM_007,Urban,8265.764922308996
2023-01-29,ATM_008,Rural,9434.957465041585
2023-01-29,ATM_009,Rural,6395.880154585438
2023-01-29,ATM_010,Suburban,10043.949844721465
2023-01-29,ATM_011,Rural,8933.32948205006
2023-01-29,ATM_012,Urban,13911.492917885724
2023-01-29,ATM_013,Rural,8003.2952184164205
2023-01-29,ATM_014,Suburban,8799.921868151836
2023-01-29,ATM_015,Suburban,6503.308566791458
2023-01-29,ATM_016,Rural,8549.228438150101
2023-01-29,ATM_017,Suburban,8368.198797162091
2023-01-29,ATM_018,Urban,8262.053863850218
2023-01-29,ATM_019,Urban,7618.477159016348
2023-01-29,ATM_020,Rural,7453.169766036633
2023-01-30,ATM_001,Urban,12152.06675402047
2023-01-30,ATM_002,Rural,7589.859429400639
2023-01-30,ATM_003,Suburban,6613.786640022217
2023-01-30,ATM_004,Suburban,7969.784775720203
2023-01-30,ATM_005,Rural,4939.095470167588
2023-01-30,ATM_006,Urban,11101.867248280087
2023-01-30,ATM_007,Urban,10533.93082600494
2023-01-30,ATM_008,Rural,5466.542153195229
2023-01-30,ATM_009,Rural,6543.106990124214
2023-01-30,ATM_010,Suburban,8834.138092695746
2023-01-30,ATM_011,Rural,5835.467676248964
2023-01-30,ATM_012,Urban,10007.171816614768
2023-01-30,ATM_013,Rural,5396.752464709823
2023-01-30,ATM_014,Suburban,5831.215138437705
2023-01-30,ATM_015,Suburban,5347.560285671846
2023-01-30,ATM_016,Rural,6161.634549191293
2023-01-30,ATM_017,Suburban,5641.606140627032
2023-01-30,ATM_018,Urban,5569.78862202408
2023-01-30,ATM_019,Urban,5829.250798260746
2023-01-30,ATM_020,Rural,6632.522253741657
2023-01-31,ATM_001,Urban,10697.03683665725
2023-01-31,ATM_002,Rural,9711.434655420902
2023-01-31,ATM_003,Suburban,9465.662239790458
2023-01-31,ATM_004,Suburban,10192.370684958238
2023-01-31,ATM_005,Rural,8215.480798065164
2023-01-31,ATM_006,Urban,12890.941231604555
2023-01-31,ATM_007,Urban,11701.13828205441
2023-01-31,ATM_008,Rural,7379.3384004295
2023-01-31,ATM_009,Rural,9325.75352553827
2023-01-31,ATM_010,Suburban,13296.982578513163
2023-01-31,ATM_011,Rural,9511.27321401702
2023-01-31,ATM_012,Urban,14673.581975806921
2023-01-31,ATM_013,Rural,9625.675956767056
2023-01-31,ATM_014,Suburban,11525.134678975197
2023-01-31,ATM_015,Suburban,11876.296785855719
2023-01-31,ATM_016,Rural,7180.739070827662
2023-01-31,ATM_017,Suburban,7813.804257726579
2023-01-31,ATM_018,Urban,15391.518072495835
2023-01-31,ATM_019,Urban,13168.185441157204
2023-01-31,ATM_020,Rural,8582.728880664721
2023-02-01,ATM_001,Urban,9322.389378638116
2023-02-01,ATM_002,Rural,4453.392854557842
2023-02-01,ATM_003,Suburban,10348.8932681548
2023-02-01,ATM_004,Suburban,7423.734472394217
2023-02-01,ATM_005,Rural,8034.740810691454
2023-02-01,ATM_006,Urban,7735.913951036483
2023-02-01,ATM_007,Urban,6225.643505364616
2023-02-01,ATM_008,Rural,3951.103698057555
2023-02-01,ATM_009,Rural,7884.836872941557
2023-02-01,ATM_010,Suburban,8506.387695528614
2023-02-01,ATM_011,Rural,6150.68841743285
2023-02-01,ATM_012,Urban,11735.209584314516
2023-02-01,ATM_013,Rural,4579.119171113057
2023-02-01,ATM_014,Suburban,7423.875166336923
2023-02-01,ATM_015,Suburban,7255.162327671439
2023-02-01,ATM_016,Rural,7028.420540933493
2023-02-01,ATM_017,Suburban,4699.337462189207
2023-02-01,ATM_018,Urban,8804.524299948169
2023-02-01,ATM_019,Urban,9397.023080161543
2023-02-01,ATM_020,Rural,5105.308545377042
2023-02-02,ATM_001,Urban,8877.295627599897
2023-02-02,ATM_002,Rural,6462.494809514383
2023-02-02,ATM_003,Suburban,7525.576262435937
2023-02-02,ATM_004,Suburban,6062.632767012668
2023-02-02,ATM_005,Rural,6164.299522751818
2023-02-02,ATM_006,Urban,8591.824398247536
2023-02-02,ATM_007,Urban,11655.69498341528
2023-02-02,ATM_008,Rural,5402.1797140232775
2023-02-02,ATM_009,Rural,7560.386719465294
2023-02-02,ATM_010,Suburban,7207.865052723233
2023-02-02,ATM_011,Rural,5674.161258749179
2023-02-02,ATM_012,Urban,9652.338962260554
2023-02-02,ATM_013,Rural,5592.027578972269
2023-02-02,ATM_014,Suburban,8421.916734474518
2023-02-02,ATM_015,Suburban,8614.765691507682
2023-02-02,ATM_016,Rural,5881.251126657733
2023-02-02,ATM_017,Suburban,9962.013361490988
2023-02-02,ATM_018,Urban,12205.0385712901
2023-02-02,ATM_019,Urban,11454.957219190448
2023-02-02,ATM_020,Rural,5014.834565135513
2023-02-03,ATM_001,Urban,8399.481494805172
2023-02-03,ATM_002,Rural,5961.856155744488
2023-02-03,ATM_003,Suburban,7463.434470518072
2023-02-03,ATM_004,Suburban,6648.621702748564
2023-02-03,ATM_005,Rural,3427.4730096712915
2023-02-03,ATM_006,Urban,9786.38768236674
2023-02-03,ATM_007,Urban,10845.956501415883
2023-02-03,ATM_008,Rural,6197.819432832089
2023-02-03,ATM_009,Rural,6816.638760030233
2023-02-03,ATM_010,Suburban,10161.937155378499
2023-02-03,ATM_011,Rural,5280.9269236355885
2023-02-03,ATM_012,Urban,11263.438991334879
2023-02-03,ATM_013,Rural,6230.7728573201675
2023-02-03,ATM_014,Suburban,8426.065951844625
2023-02-03,ATM_015,Suburban,6754.219930861915
2023-02-03,ATM_016,Rural,7091.482328285116
2023-02-03,ATM_017,Suburban,7977.419841723918
2023-02-03,ATM_018,Urban,7188.734359851316
2023-02-03,ATM_019,Urban,7661.591336996149
2023-02-03,ATM_020,Rural,3983.1715662871234
2023-02-04,ATM_001,Urban,13134.70727531473
2023-02-04,ATM_002,Rural,5997.950287928956
2023-02-04,ATM_003,Suburban,6368.667814835879
2023-02-04,ATM_004,Suburban,7346.8319339844165
2023-02-04,ATM_005,Rural,4583.534571799089
2023-02-04,ATM_006,Urban,7496.851246632202
2023-02-04,ATM_007,Urban,8269.041494314954
2023-02-04,ATM_008,Rural,7420.91202553336
2023-02-04,ATM_009,Rural,7491.211318633194
2023-02-04,ATM_010,Suburban,10209.449879439593
2023-02-04,ATM_011,Rural,9743.976330078054
2023-02-04,ATM_012,Urban,9400.332265814768
2023-02-04,ATM_013,Rural,10055.023407567938
2023-02-04,ATM_014,Suburban,11044.962729765793
2023-02-04,ATM_015,Suburban,4680.749399941088
2023-02-04,ATM_016,Rural,5145.358987993582
2023-02-04,ATM_017,Suburban,7718.969757228179
2023-02-04,ATM_018,Urban,10349.900299621848
2023-02-04,ATM_019,Urban,14077.760267991467
2023-02-04,ATM_020,Rural,7818.864324329401
2023-02-05,ATM_001,Urban,13701.716312070677
2023-02-05,ATM_002,Rural,5914.857468592767
2023-02-05,ATM_003,Suburban,7403.637082284285
2023-02-05,ATM_004,Suburban,9560.235444801314
2023-02-05,ATM_005,Rural,6293.036447424102
2023-02-05,ATM_006,Urban,10128.356980119264
2023-02-05,ATM_007,Urban,12479.72934666924
2023-02-05,ATM_008,Rural,6746.625172815623
2023-02-05,ATM_009,Rural,5617.922041047689
2023-02-05,ATM_010,Suburban,11048.550844628673
2023-02-05,ATM_011,Rural,7153.122894884823
2023-02-05,ATM_012,Urban,13013.065089234604
2023-02-05,ATM_013,Rural,8736.007228123839
2023-02-05,ATM_014,Suburban,10847.053973402002
2023-02-05,ATM_015,Suburban,9460.79221045326
2023-02-05,ATM_016,Rural,8446.628308903026
2023-02-05,ATM_017,Suburban,12424.495071373272
2023-02-05,ATM_018,Urban,11758.906980245934
2023-02-05,ATM_019,Urban,11440.264837038842
2023-02-05,ATM_020,Rural,9171.571160705427
2023-02-06,ATM_001,Urban,6887.135313635726
2023-02-06,ATM_002,Rural,4974.986688193109
2023-02-06,ATM_003,Suburban,10059.09818797109
2023-02-06,ATM_004,Suburban,7354.716469382505
2023-02-06,ATM_005,Rural,4478.036058962137
2023-02-06,ATM_006,Urban,9695.971043823169
2023-02-06,ATM_007,Urban,12264.583290162373
2023-02-06,ATM_008,Rural,3864.419588548674
2023-02-06,ATM_009,Rural,2620.518993964813
2023-02-06,ATM_010,Suburban,8440.082905247335
2023-02-06,ATM_011,Rural,7245.326392616679
2023-02-06,ATM_012,Urban,7844.738162870405
2023-02-06,ATM_013,Rural,2632.6884112565594
2023-02-06,ATM_014,Suburban,7196.108704332618
2023-02-06,ATM_015,Suburban,5748.344770918663
2023-02-06,ATM_016,Rural,4169.7778484666005
2023-02-06,ATM_017,Suburban,9000.507896485351
2023-02-06,ATM_018,Urban,7133.863334124422
2023-02-06,ATM_019,Urban,11426.348018329361
2023-02-06,ATM_020,Rural,6946.167543369884
2023-02-07,ATM_001,Urban,7655.371872966981
2023-02-07,ATM_002,Rural,5770.713435611613
2023-02-07,ATM_003,Suburban,8004.873437145239
2023-02-07,ATM_004,Suburban,6789.634751251985
2023-02-07,ATM_005,Rural,4459.902250876447
2023-02-07,ATM_006,Urban,9005.982398817696
2023-02-07,ATM_007,Urban,8816.107421546485
2023-02-07,ATM_008,Rural,4622.1906196092
2023-02-07,ATM_009,Rural,5591.938705058973
2023-02-07,ATM_010,Suburban,8180.2049530645245
2023-02-07,ATM_011,Rural,7095.263307061976
2023-02-07,ATM_012,Urban,7783.970981198659
2023-02-07,ATM_013,Rural,7368.897911578359
2023-02-07,ATM_014,Suburban,7169.073826905599
2023-02-07,ATM_015,Suburban,5902.766135552768
2023-02-07,ATM_016,Rural,5152.391570501481
2023-02-07,ATM_017,Suburban,7841.418835580409
2023-02-07,ATM_018,Urban,10351.389841202928
2023-02-07,ATM_019,Urban,7531.821453822493
2023-02-07,ATM_020,Rural,5889.879938157348
2023-02-08,ATM_001,Urban,12270.167663617898
2023-02-08,ATM_002,Rural,2978.834214974793
2023-02-08,ATM_003,Suburban,8630.27741820242
2023-02-08,ATM_004,Suburban,5879.591539186767
2023-02-08,ATM_005,Rural,5268.274549231161
2023-02-08,ATM_006,Urban,7188.180725372262
2023-02-08,ATM_007,Urban,9380.076054546103
2023-02-08,ATM_008,Rural,5837.581903147782
2023-02-08,ATM_009,Rural,6375.545484218534
2023-02-08,ATM_010,Suburban,9072.367642989117
2023-02-08,ATM_011,Rural,3346.7147746564683
2023-02-08,ATM_012,Urban,11355.151214818236
2023-02-08,ATM_013,Rural,4055.7653694958044
2023-02-08,ATM_014,Suburban,8423.284879675908
2023-02-08,ATM_015,Suburban,8572.41617774368
2023-02-08,ATM_016,Rural,8198.646281211251
2023-02-08,ATM_017,Suburban,6664.647249891068
2023-02-08,ATM_018,Urban,9700.061561791297
2023-02-08,ATM_019,Urban,7445.679806404186
2023-02-08,ATM_020,Rural,6525.801594504914
2023-02-09,ATM_001,Urban,6279.885269481827
2023-02-09,ATM_002,Rural,4383.993720842752
2023-02-09,ATM_003,Suburban,7288.707267254696
2023-02-09,ATM_004,Suburban,10125.424555524169
2023-02-09,ATM_005,Rural,4196.8328539619515
2023-02-09,ATM_006,Urban,8017.008064178406
2023-02-09,ATM_007,Urban,6331.6536276685165
2023-02-09,ATM_008,Rural,6419.578808293954
2023-02-09,ATM_009,Rural,4259.666217648792
2023-02-09,ATM_010,Suburban,6818.713144381562
2023-02-09,ATM_011,Rural,5321.5438049319
2023-02-09,ATM_012,Urban,9408.295128359418
2023-02-09,ATM_013,Rural,5731.680252750555
2023-02-09,ATM_014,Suburban,6839.329473895536
2023-02-09,ATM_015,Suburban,6775.526661842996
2023-02-09,ATM_016,Rural,4747.328885336383
2023-02-09,ATM_017,Suburban,8395.937395806586
2023-02-09,ATM_018,Urban,9825.482232908344
2023-02-09,ATM_019,Urban,12496.445585683077
2023-02-09,ATM_020,Rural,2479.4576449281103
2023-02-10,ATM_001,Urban,8710.457045059535
2023-02-10,ATM_002,Rural,7708.584655380766
2023-02-10,ATM_003,Suburban,7378.6357464543435
2023-02-10,ATM_004,Suburban,7310.279777127194
2023-02-10,ATM_005,Rural,4891.103689511463
2023-02-10,ATM_006,Urban,7577.059059642669
2023-02-10,ATM_007,Urban,11931.730574450943
2023-02-10,ATM_008,Rural,5606.777028590384
2023-02-10,ATM_009,Rural,6546.160206373555
2023-02-10,ATM_010,Suburban,7931.214977773209
2023-02-10,ATM_011,Rural,2659.0148373434477
2023-02-10,ATM_012,Urban,9398.091922062675
2023-02-10,ATM_013,Rural,6397.630861879216
2023-02-10,ATM_014,Suburban,9905.529937040155
2023-02-10,ATM_015,Suburban,7026.339929436199
2023-02-10,ATM_016,Rural,4047.6834099615203
2023-02-10,ATM_017,Suburban,6760.318262093347
2023-02-10,ATM_018,Urban,8213.979715270976
2023-02-10,ATM_019,Urban,11269.910826557156
2023-02-10,ATM_020,Rural,5235.29127799997
2023-02-11,ATM_001,Urban,8992.438381589578
2023-02-11,ATM_002,Rural,4321.987621228967
2023-02-11,ATM_003,Suburban,9701.768813280096
2023-02-11,ATM_004,Suburban,8662.208878441716
2023-02-11,ATM_005,Rural,7238.818741813712
2023-02-11,ATM_006,Urban,9869.705376820448
2023-02-11,ATM_007,Urban,10936.948131491834
2023-02-11,ATM_008,Rural,6051.67273839477
2023-02-11,ATM_009,Rural,7698.8704643052
2023-02-11,ATM_010,Suburban,5171.294200937051
2023-02-11,ATM_011,Rural,5777.513352106068
2023-02-11,ATM_012,Urban,10835.156829049987
2023-02-11,ATM_013,Rural,9018.63384756788
2023-02-11,ATM_014,Suburban,9237.180946494
2023-02-11,ATM_015,Suburban,8011.2336034355385
2023-02-11,ATM_016,Rural,6804.214808457338
2023-02-11,ATM_017,Suburban,8825.151025906762
2023-02-11,ATM_018,Urban,12553.689481639016
2023-02-11,ATM_019,Urban,6858.145744489253
2023-02-11,ATM_020,Rural,3148.1107849447535
2023-02-12,ATM_001,Urban,10447.871991748067
2023-02-12,ATM_002,Rural,9343.2400528594
2023-02-12,ATM_003,Suburban,5987.5091276461735
2023-02-12,ATM_004,Suburban,11803.17777060586
2023-02-12,ATM_005,Rural,7262.693151690879
2023-02-12,ATM_006,Urban,11576.946210078246
2023-02-12,ATM_007,Urban,11032.80290200513
2023-02-12,ATM_008,Rural,9654.881597281645
2023-02-12,ATM_009,Rural,5091.171061837429
2023-02-12,ATM_010,Suburban,9350.995677490591
2023-02-12,ATM_011,Rural,7095.738262382644
2023-02-12,ATM_012,Urban,8909.598042540598
2023-02-12,ATM_013,Rural,5781.151845605407
2023-02-12,ATM_014,Suburban,9942.707231797032
2023-02-12,ATM_015,Suburban,11830.7800007398
2023-02-12,ATM_016,Rural,7873.69549226219
2023-02-12,ATM_017,Suburban,8789.04358690805
2023-02-12,ATM_018,Urban,12695.896293361166
2023-02-12,ATM_019,Urban,11218.717262909819
2023-02-12,ATM_020,Rural,7242.021275871817
2023-02-13,ATM_001,Urban,12053.255205801099
2023-02-13,ATM_002,Rural,3709.1662144759894
2023-02-13,ATM_003,Suburban,6853.189963947975
2023-02-13,ATM_004,Suburban,9700.760856031173
2023-02-13,ATM_005,Rural,5796.440240094907
2023-02-13,ATM_006,Urban,6965.762732606289
2023-02-13,ATM_007,Urban,8022.475616135025
2023-02-13,ATM_008,Rural,3011.172994287688
2023-02-13,ATM_009,Rural,4386.963119319126
2023-02-13,ATM_010,Suburban,6324.7994313637055
2023-02-13,ATM_011,Rural,5979.253280581708
2023-02-13,ATM_012,Urban,9598.066894375517
2023-02-13,ATM_013,Rural,7588.940250203344
2023-02-13,ATM_014,Suburban,9411.095878152577
2023-02-13,ATM_015,Suburban,8513.011195951865
2023-02-13,ATM_016,Rural,4553.332848409791
2023-02-13,ATM_017,Suburban,8860.08264084088
2023-02-13,ATM_018,Urban,6785.520588526437
2023-02-13,ATM_019,Urban,11505.945328070944
2023-02-13,ATM_020,Rural,6878.794552075142
2023-02-14,ATM_001,Urban,10520.721747465941
2023-02-14,ATM_002,Rural,4337.311862140733
2023-02-14,ATM_003,Suburban,7044.899895620064
2023-02-14,ATM_004,Suburban,8155.7633834383605
2023-02-14,ATM_005,Rural,3036.062396500111
2023-02-14,ATM_006,Urban,11619.030661276516
2023-02-14,ATM_007,Urban,11654.38728450484
2023-02-14,ATM_008,Rural,7387.345006856459
2023-02-14,ATM_009,Rural,6513.283660143551
2023-02-14,ATM_010,Suburban,9260.330874762043
2023-02-14,ATM_011,Rural,5629.661149786218
2023-02-14,ATM_012,Urban,11674.4239721103
2023-02-14,ATM_013,Rural,5622.233058438187
2023-02-14,ATM_014,Suburban,6009.536359580589
2023-02-14,ATM_015,Suburban,10060.395706268084
2023-02-14,ATM_016,Rural,3915.0134732476063
2023-02-14,ATM_017,Suburban,9975.076115329117
2023-02-14,ATM_018,Urban,7224.8193994761305
2023-02-14,ATM_019,Urban,10013.276417492618
2023-02-14,ATM_020,Rural,5596.640076145186
2023-02-15,ATM_001,Urban,8653.675227822388
2023-02-15,ATM_002,Rural,6240.629872517221
2023-02-15,ATM_003,Suburban,5619.354437560761
2023-02-15,ATM_004,Suburban,5636.566623465064
2023-02-15,ATM_005,Rural,6282.87113895797
2023-02-15,ATM_006,Urban,5537.750029910823
2023-02-15,ATM_007,Urban,11518.406443854401
2023-02-15,ATM_008,Rural,6437.992692423683
2023-02-15,ATM_009,Rural,6783.124190730281
2023-02-15,ATM_010,Suburban,6311.5099266140605
2023-02-15,ATM_011,Rural,5851.431361351744
2023-02-15,ATM_012,Urban,10676.091025023086
2023-02-15,ATM_013,Rural,4827.892242186832
2023-02-15,ATM_014,Suburban,9098.695387734162
2023-02-15,ATM_015,Suburban,7346.5569471819435
2023-02-15,ATM_016,Rural,6023.477147728943
2023-02-15,ATM_017,Suburban,9955.378518988126
2023-02-15,ATM_018,Urban,11563.607533182681
2023-02-15,ATM_019,Urban,9001.684287230182
2023-02-15,ATM_020,Rural,4179.962316202676
2023-02-16,ATM_001,Urban,6709.256394167475
2023-02-16,ATM_002,Rural,8446.435016213853
2023-02-16,ATM_003,Suburban,7886.087227150729
2023-02-16,ATM_004,Suburban,4520.314028967698
2023-02-16,ATM_005,Rural,5607.0173898389585
2023-02-16,ATM_006,Urban,6840.4860243377925
2023-02-16,ATM_007,Urban,10569.460784401896
2023-02-16,ATM_008,Rural,6382.217955585055
2023-02-16,ATM_009,Rural,7166.716894149948
2023-02-16,ATM_010,Suburban,9170.718757081067
2023-02-16,ATM_011,Rural,7113.4205553199145
2023-02-16,ATM_012,Urban,7525.945535808177
2023-02-16,ATM_013,Rural,4054.260997432345
2023-02-16,ATM_014,Suburban,6831.725964472508
2023-02-16,ATM_015,Suburban,9284.599202160722
2023-02-16,ATM_016,Rural,7678.3788580406
2023-02-16,ATM_017,Suburban,8400.914426696389
2023-02-16,ATM_018,Urban,10945.755569710935
2023-02-16,ATM_019,Urban,11164.190813014406
2023-02-16,ATM_020,Rural,4651.028036027382
2023-02-17,ATM_001,Urban,10510.284727846467
2023-02-17,ATM_002,Rural,4613.909683539212
2023-02-17,ATM_003,Suburban,8827.741342770532
2023-02-17,ATM_004,Suburban,7595.276786016419
2023-02-17,ATM_005,Rural,3588.301126646097
2023-02-17,ATM_006,Urban,10784.809576980566
2023-02-17,ATM_007,Urban,9031.169602441163
2023-02-17,ATM_008,Rural,6085.26270195927
2023-02-17,ATM_009,Rural,6672.61407746387
2023-02-17,ATM_010,Suburban,5701.314182268352
2023-02-17,ATM_011,Rural,4103.358427025654
2023-02-17,ATM_012,Urban,8567.939246827395
2023-02-17,ATM_013,Rural,5073.502615834138
2023-02-17,ATM_014,Suburban,8354.14153856162
2023-02-17,ATM_015,Suburban,9030.36296668392
2023-02-17,ATM_016,Rural,6003.363368264747
2023-02-17,ATM_017,Suburban,9297.199558127635
2023-02-17,ATM_018,Urban,9319.679257371914
2023-02-17,ATM_019,Urban,8410.737917339757
2023-02-17,ATM_020,Rural,5857.214839039008
2023-02-18,ATM_001,Urban,11562.520133374268
2023-02-18,ATM_002,Rural,8144.598327618847
2023-02-18,ATM_003,Suburban,8544.374505164968
2023-02-18,ATM_004,Suburban,8080.853404722397
2023-02-18,ATM_005,Rural,6778.015514855364
2023-02-18,ATM_006,Urban,7116.501858433737
2023-02-18,ATM_007,Urban,13011.62748026142
2023-02-18,ATM_008,Rural,7802.917314884629
2023-02-18,ATM_009,Rural,8589.085824031927
2023-02-18,ATM_010,Suburban,12722.624563720183
2023-02-18,ATM_011,Rural,4380.461735425926
2023-02-18,ATM_012,Urban,6176.423056254846
2023-02-18,ATM_013,Rural,4780.456861298108
2023-02-18,ATM_014,Suburban,8551.982657117871
2023-02-18,ATM_015,Suburban,12506.430759301122
2023-02-18,ATM_016,Rural,4322.023645806133
2023-02-18,ATM_017,Suburban,9473.163133078931
2023-02-18,ATM_018,Urban,8362.779584072634
2023-02-18,ATM_019,Urban,8685.758010322188
2023-02-18,ATM_020,Rural,6042.145979318994
2023-02-19,ATM_001,Urban,12671.743192383516
2023-02-19,ATM_002,Rural,4334.422309287048
2023-02-19,ATM_003,Suburban,9938.283135623245
2023-02-19,ATM_004,Suburban,6102.34378408401
2023-02-19,ATM_005,Rural,6864.410215673683
2023-02-19,ATM_006,Urban,9106.63832153598
2023-02-19,ATM_007,Urban,12047.916241185858
2023-02-19,ATM_008,Rural,6026.990059613917
2023-02-19,ATM_009,Rural,3790.7593567411463
2023-02-19,ATM_010,Suburban,8602.22938106845
2023-02-19,ATM_011,Rural,8763.281959978724
2023-02-19,ATM_012,Urban,6687.014593399476
2023-02-19,ATM_013,Rural,4364.04233083268
2023-02-19,ATM_014,Suburban,6184.5519052507325
2023-02-19,ATM_015,Suburban,7380.1003059566265
2023-02-19,ATM_016,Rural,8839.737864332377
2023-02-19,ATM_017,Suburban,12585.124683368755
2023-02-19,ATM_018,Urban,12457.926524006936
2023-02-19,ATM_019,Urban,10704.588908533577
2023-02-19,ATM_020,Rural,8202.646758237212
2023-02-20,ATM_001,Urban,7510.92577763911
2023-02-20,ATM_002,Rural,6371.863730652482
2023-02-20,ATM_003,Suburban,4404.950648241334
2023-02-20,ATM_004,Suburban,5482.8092230089605
2023-02-20,ATM_005,Rural,5787.184005104327
2023-02-20,ATM_006,Urban,11157.03724693847
2023-02-20,ATM_007,Urban,8468.382087142787
2023-02-20,ATM_008,Rural,3058.4758436161637
2023-02-20,ATM_009,Rural,6618.444946617739
2023-02-20,ATM_010,Suburban,6343.68102318763
2023-02-20,ATM_011,Rural,6603.809908067053
2023-02-20,ATM_012,Urban,6558.612978752267
2023-02-20,ATM_013,Rural,6821.7092454595295
2023-02-20,ATM_014,Suburban,6622.3963276876375
2023-02-20,ATM_015,Suburban,7112.146681698786
2023-02-20,ATM_016,Rural,7393.26031514617
2023-02-20,ATM_017,Suburban,8187.578877603862
2023-02-20,ATM_018,Urban,9650.263212711136
2023-02-20,ATM_019,Urban,6907.624221965694
2023-02-20,ATM_020,Rural,5468.847270676602
2023-02-21,ATM_001,Urban,11293.361597343717
2023-02-21,ATM_002,Rural,4059.7037482604132
2023-02-21,ATM_003,Suburban,9143.96286964993
2023-02-21,ATM_004,Suburban,9168.217382625377
2023-02-21,ATM_005,Rural,8035.347677076855
2023-02-21,ATM_006,Urban,8293.272828672893
2023-02-21,ATM_007,Urban,10009.253587608095
2023-02-21,ATM_008,Rural,6996.102649172774
2023-02-21,ATM_009,Rural,3540.630059460273
2023-02-21,ATM_010,Suburban,8319.981441395317
2023-02-21,ATM_011,Rural,5874.841822299723
2023-02-21,ATM_012,Urban,6549.431780607176
2023-02-21,ATM_013,Rural,5905.626049747255
2023-02-21,ATM_014,Suburban,4843.475099952147
2023-02-21,ATM_015,Suburban,7170.970628739649
2023-02-21,ATM_016,Rural,6114.0269475414025
2023-02-21,ATM_017,Suburban,4541.586305568264
2023-02-21,ATM_018,Urban,6603.913106402455
2023-02-21,ATM_019,Urban,11121.444206302764
2023-02-21,ATM_020,Rural,6576.924704753411
2023-02-22,ATM_001,Urban,8571.87729103951
2023-02-22,ATM_002,Rural,5975.101834843654
2023-02-22,ATM_003,Suburban,4760.033078631935
2023-02-22,ATM_004,Suburban,8957.026409041477
2023-02-22,ATM_005,Rural,4775.548742046385
2023-02-22,ATM_006,Urban,8455.311803436609
2023-02-22,ATM_007,Urban,7694.765357209174
2023-02-22,ATM_008,Rural,6092.038786269355
2023-02-22,ATM_009,Rural,6141.195371262516
2023-02-22,ATM_010,Suburban,6463.3449283945265
2023-02-22,ATM_011,Rural,3706.9627751372627
2023-02-22,ATM_012,Urban,9337.325852403343
2023-02-22,ATM_013,Rural,7268.2036628236065
2023-02-22,ATM_014,Suburban,5236.717976570761
2023-02-22,ATM_015,Suburban,9822.071427061626
2023-02-22,ATM_016,Rural,4319.293741676438
2023-02-22,ATM_017,Suburban,5892.650160804378
2023-02-22,ATM_018,Urban,9398.761712444146
2023-02-22,ATM_019,Urban,10391.477658213098
2023-02-22,ATM_020,Rural,6555.781046070811
2023-02-23,ATM_001,Urban,10290.527859637476
2023-02-23,ATM_002,Rural,7330.182823185378
2023-02-23,ATM_003,Suburban,7980.102597351866
2023-02-23,ATM_004,Suburban,7805.751339932836
2023-02-23,ATM_005,Rural,2986.3214703477324
2023-02-23,ATM_006,Urban,11109.955417965146
2023-02-23,ATM_007,Urban,9629.405449416423
2023-02-23,ATM_008,Rural,7255.763072126869
2023-02-23,ATM_009,Rural,5669.354653815647
2023-02-23,ATM_010,Suburban,6177.629772285781
2023-02-23,ATM_011,Rural,4734.064041608499
2023-02-23,ATM_012,Urban,9500.985742807965
2023-02-23,ATM_013,Rural,8019.82868001524
2023-02-23,ATM_014,Suburban,8075.163322271852
2023-02-23,ATM_015,Suburban,8539.38912025904
2023-02-23,ATM_016,Rural,4839.933353228575
2023-02-23,ATM_017,Suburban,5253.728066752182
2023-02-23,ATM_018,Urban,12342.807778895625
2023-02-23,ATM_019,Urban,8353.720944436345
2023-02-23,ATM_020,Rural,8161.898516129172
2023-02-24,ATM_001,Urban,7854.7236979568925
2023-02-24,ATM_002,Rural,8016.918628940858
2023-02-24,ATM_003,Suburban,7029.984328852029
2023-02-24,ATM_004,Suburban,6446.102416392281
2023-02-24,ATM_005,Rural,5401.380243744481
2023-02-24,ATM_006,Urban,5404.838858875057
2023-02-24,ATM_007,Urban,9886.23221532665
2023-02-24,ATM_008,Rural,5852.63308003533
2023-02-24,ATM_009,Rural,5406.327681033106
2023-02-24,ATM_010,Suburban,8247.512137636058
2023-02-24,ATM_011,Rural,7135.119490264775
2023-02-24,ATM_012,Urban,12412.626996240871
2023-02-24,ATM_013,Rural,7501.901861069312
2023-02-24,ATM_014,Suburban,9718.481134982618
2023-02-24,ATM_015,Suburban,7886.788059606907
2023-02-24,ATM_016,Rural,7494.694844878275
2023-02-24,ATM_017,Suburban,7697.513941180835
2023-02-24,ATM_018,Urban,5659.286903075119
2023-02-24,ATM_019,Urban,5410.246169087771
2023-02-24,ATM_020,Rural,4239.67378070031
2023-02-25,ATM_001,Urban,6172.051691672718
2023-02-25,ATM_002,Rural,8174.306359554632
2023-02-25,ATM_003,Suburban,5461.973278334211
2023-02-25,ATM_004,Suburban,9353.857081660872
2023-02-25,ATM_005,Rural,4928.402755124498
2023-02-25,ATM_006,Urban,12347.215694334753
2023-02-25,ATM_007,Urban,8390.279050102463
2023-02-25,ATM_008,Rural,5952.1967890875585
2023-02-25,ATM_009,Rural,8312.832917311634
2023-02-25,ATM_010,Suburban,9346.959350421846
2023-02-25,ATM_011,Rural,5899.762261331519
2023-02-25,ATM_012,Urban,8026.562823319149
2023-02-25,ATM_013,Rural,6045.379612160065
2023-02-25,ATM_014,Suburban,9522.041831948682
2023-02-25,ATM_015,Suburban,7827.105420692283
2023-02-25,ATM_016,Rural,8585.618972781918
2023-02-25,ATM_017,Suburban,10701.75320829942
2023-02-25,ATM_018,Urban,11019.57612725988
2023-02-25,ATM_019,Urban,9557.694515541274
2023-02-25,ATM_020,Rural,6711.9118303423365
2023-02-26,ATM_001,Urban,12663.279968984376
2023-02-26,ATM_002,Rural,7652.183165494568
2023-02-26,ATM_003,Suburban,7545.26058414731
2023-02-26,ATM_004,Suburban,8220.053624428629
2023-02-26,ATM_005,Rural,8202.183641961563
2023-02-26,ATM_006,Urban,12405.303631760778
2023-02-26,ATM_007,Urban,13811.582347508454
2023-02-26,ATM_008,Rural,3864.4954193540925
2023-02-26,ATM_009,Rural,8676.69079912284
2023-02-26,ATM_010,Suburban,8750.315841158506
2023-02-26,ATM_011,Rural,8278.182732927575
2023-02-26,ATM_012,Urban,10418.69881195139
2023-02-26,ATM_013,Rural,8841.163359275894
2023-02-26,ATM_014,Suburban,9224.264270476922
2023-02-26,ATM_015,Suburban,8385.03562129559
2023-02-26,ATM_016,Rural,6196.798355418117
2023-02-26,ATM_017,Suburban,11540.087704588397
2023-02-26,ATM_018,Urban,10925.866415117474
2023-02-26,ATM_019,Urban,10406.49786994018
2023-02-26,ATM_020,Rural,3454.165383990688
2023-02-27,ATM_001,Urban,7492.26465062979
2023-02-27,ATM_002,Rural,8475.79683140123
2023-02-27,ATM_003,Suburban,8090.678273097142
2023-02-27,ATM_004,Suburban,5680.283285724129
2023-02-27,ATM_005,Rural,5494.560648185646
2023-02-27,ATM_006,Urban,7085.6419331330435
2023-02-27,ATM_007,Urban,9904.702305863653
2023-02-27,ATM_008,Rural,4027.6311604312996
2023-02-27,ATM_009,Rural,6996.784441372727
2023-02-27,ATM_010,Suburban,8080.023377993537
2023-02-27,ATM_011,Rural,5783.725225172847
2023-02-27,ATM_012,Urban,6235.743692592348
2023-02-27,ATM_013,Rural,5684.204470053044
2023-02-27,ATM_014,Suburban,8637.466703922417
2023-02-27,ATM_015,Suburban,9309.58915023238
2023-02-27,ATM_016,Rural,3252.9957596803406
2023-02-27,ATM_017,Suburban,10318.372566463677
2023-02-27,ATM_018,Urban,9942.523373222239
2023-02-27,ATM_019,Urban,10065.206379262034
2023-02-27,ATM_020,Rural,4495.674970796436
2023-02-28,ATM_001,Urban,9317.302531755997
2023-02-28,ATM_002,Rural,8106.100988061321
2023-02-28,ATM_003,Suburban,10924.180316148095
2023-02-28,ATM_004,Suburban,9849.890230278026
2023-02-28,ATM_005,Rural,10653.493968302093
2023-02-28,ATM_006,Urban,14148.499288458266
2023-02-28,ATM_007,Urban,8930.988305626892
2023-02-28,ATM_008,Rural,6982.38023023893
2023-02-28,ATM_009,Rural,3981.4767922950027
2023-02-28,ATM_010,Suburban,10082.403259976682
2023-02-28,ATM_011,Rural,9183.464148025245
2023-02-28,ATM_012,Urban,11335.250515938562
2023-02-28,ATM_013,Rural,9100.927227579183
2023-02-28,ATM_014,Suburban,11957.560248340973
2023-02-28,ATM_015,Suburban,8533.265928408971
2023-02-28,ATM_016,Rural,7187.3282023828215
2023-02-28,ATM_017,Suburban,11860.435258554502
2023-02-28,ATM_018,Urban,9614.483222708388
2023-02-28,ATM_019,Urban,11566.077023142681
2023-02-28,ATM_020,Rural,7388.137893153987
2023-03-01,ATM_001,Urban,5841.217448116438
2023-03-01,ATM_002,Rural,5115.911777650045
2023-03-01,ATM_003,Suburban,8695.764281652348
2023-03-01,ATM_004,Suburban,5511.352626951073
2023-03-01,ATM_005,Rural,3360.2075563247317
2023-03-01,ATM_006,Urban,7866.496390083073
2023-03-01,ATM_007,Urban,10864.711721477073
2023-03-01,ATM_008,Rural,3502.2424605717283
2023-03-01,ATM_009,Rural,5532.7186338456
2023-03-01,ATM_010,Suburban,6272.496007955052
2023-03-01,ATM_011,Rural,5911.6286880135585
2023-03-01,ATM_012,Urban,10177.393672559765
2023-03-01,ATM_013,Rural,8666.72881146279
2023-03-01,ATM_014,Suburban,5544.225210624644
2023-03-01,ATM_015,Suburban,6269.050741461139
2023-03-01,ATM_016,Rural,3466.865884620795
2023-03-01,ATM_017,Suburban,10133.831522854676
2023-03-01,ATM_018,Urban,11305.531930003286
2023-03-01,ATM_019,Urban,8762.200553208228
2023-03-01,ATM_020,Rural,4060.278129529729
2023-03-02,ATM_001,Urban,6282.8645437995565
2023-03-02,ATM_002,Rural,4824.466585164046
2023-03-02,ATM_003,Suburban,9262.563713576494
2023-03-02,ATM_004,Suburban,7965.715543651681
2023-03-02,ATM_005,Rural,4425.26504806285
2023-03-02,ATM_006,Urban,7216.2997349634925
2023-03-02,ATM_007,Urban,9242.988808114585
2023-03-02,ATM_008,Rural,5592.501759654954
2023-03-02,ATM_009,Rural,4422.328786663054
2023-03-02,ATM_010,Suburban,6535.914945034579
2023-03-02,ATM_011,Rural,5176.096176352263
2023-03-02,ATM_012,Urban,12119.897640051191
2023-03-02,ATM_013,Rural,4932.009033669193
2023-03-02,ATM_014,Suburban,8711.734476691998
2023-03-02,ATM_015,Suburban,8685.563939122003
2023-03-02,ATM_016,Rural,9473.77980247369
2023-03-02,ATM_017,Suburban,6532.339012837531
2023-03-02,ATM_018,Urban,9376.016099182818
2023-03-02,ATM_019,Urban,7016.74774672479
2023-03-02,ATM_020,Rural,5061.287306143941
2023-03-03,ATM_001,Urban,6694.732447389929
2023-03-03,ATM_002,Rural,3798.688065243776
2023-03-03,ATM_003,Suburban,8042.750329521195
2023-03-03,ATM_004,Suburban,9995.876986831445
2023-03-03,ATM_005,Rural,6205.956995125442
2023-03-03,ATM_006,Urban,10520.109397666127
2023-03-03,ATM_007,Urban,10435.13319975501
2023-03-03,ATM_008,Rural,6576.306450218119
2023-03-03,ATM_009,Rural,5001.180719738167
2023-03-03,ATM_010,Suburban,5073.596137037794
2023-03-03,ATM_011,Rural,6818.629490187328
2023-03-03,ATM_012,Urban,10184.963721270433
2023-03-03,ATM_013,Rural,3766.368018350218
2023-03-03,ATM_014,Suburban,4706.159232394781
2023-03-03,ATM_015,Suburban,6864.333079602865
2023-03-03,ATM_016,Rural,5539.148563745654
2023-03-03,ATM_017,Suburban,8036.475016365344
2023-03-03,ATM_018,Urban,9277.725056937072
2023-03-03,ATM_019,Urban,9180.463308838345
2023-03-03,ATM_020,Rural,7790.854551812319
2023-03-04,ATM_001,Urban,10740.635358750624
2023-03-04,ATM_002,Rural,4688.709733161809
2023-03-04,ATM_003,Suburban,10988.950291865196
2023-03-04,ATM_004,Suburban,7299.32669906447
2023-03-04,ATM_005,Rural,9205.067978427427
2023-03-04,ATM_006,Urban,9191.823527175231
2023-03-04,ATM_007,Urban,11324.486450140972
2023-03-04,ATM_008,Rural,6704.515306388284
2023-03-04,ATM_009,Rural,8685.26876019557
2023-03-04,ATM_010,Suburban,8892.731340596429
2023-03-04,ATM_011,Rural,4769.412348765476
2023-03-04,ATM_012,Urban,14307.592112145072
2023-03-04,ATM_013,Rural,3912.438749789933
2023-03-04,ATM_014,Suburban,9105.162814502719
2023-03-04,ATM_015,Suburban,12419.712095470753
2023-03-04,ATM_016,Rural,9134.507195786127
2023-03-04,ATM_017,Suburban,10026.357096160622
2023-03-04,ATM_018,Urban,10464.78867152669
2023-03-04,ATM_019,Urban,11460.7843144886
2023-03-04,ATM_020,Rural,8101.924204280438
2023-03-05,ATM_001,Urban,9684.603903753852
2023-03-05,ATM_002,Rural,8311.815245888642
2023-03-05,ATM_003,Suburban,7332.571832558555
2023-03-05,ATM_004,Suburban,6752.114793086265
2023-03-05,ATM_005,Rural,7650.327148626772
2023-03-05,ATM_006,Urban,12830.193019914044
2023-03-05,ATM_007,Urban,9094.639819627362
2023-03-05,ATM_008,Rural,4993.869083842464
2023-03-05,ATM_009,Rural,8904.068551106428
2023-03-05,ATM_010,Suburban,11467.487580034749
2023-03-05,ATM_011,Rural,3603.3145609839453
2023-03-05,ATM_012,Urban,9235.870825134629
2023-03-05,ATM_013,Rural,4607.97931247193
2023-03-05,ATM_014,Suburban,8015.3021091050405
2023-03-05,ATM_015,Suburban,8104.929745082079
2023-03-05,ATM_016,Rural,4176.212270184094
2023-03-05,ATM_017,Suburban,8224.14457012561
2023-03-05,ATM_018,Urban,9427.0103267232
2023-03-05,ATM_019,Urban,12946.854849540867
2023-03-05,ATM_020,Rural,4657.927968679216
2023-03-06,ATM_001,Urban,10035.242555274266
2023-03-06,ATM_002,Rural,2981.262758836265
2023-03-06,ATM_003,Suburban,5266.535139860585
2023-03-06,ATM_004,Suburban,4332.250260682911
2023-03-06,ATM_005,Rural,3895.7491416184703
2023-03-06,ATM_006,Urban,6018.118012390976
2023-03-06,ATM_007,Urban,9559.17575736605
2023-03-06,ATM_008,Rural,3089.581534542305
2023-03-06,ATM_009,Rural,6801.9992708373
2023-03-06,ATM_010,Suburban,10318.171238202905
2023-03-06,ATM_011,Rural,3234.871596672645
2023-03-06,ATM_012,Urban,10239.41569523599
2023-03-06,ATM_013,Rural,7727.839575428797
2023-03-06,ATM_014,Suburban,9264.422823703595
2023-03-06,ATM_015,Suburban,6091.50094067351
2023-03-06,ATM_016,Rural,5621.105396455075
2023-03-06,ATM_017,Suburban,9277.27046104886
2023-03-06,ATM_018,Urban,10343.494917429836
2023-03-06,ATM_019,Urban,7295.635659285309
2023-03-06,ATM_020,Rural,7113.944909619402
2023-03-07,ATM_001,Urban,10481.62767442931
2023-03-07,ATM_002,Rural,5512.95649450526
2023-03-07,ATM_003,Suburban,7483.963178728564
2023-03-07,ATM_004,Suburban,8778.35203138334
2023-03-07,ATM_005,Rural,5152.874391100325
2023-03-07,ATM_006,Urban,10502.726719756782
2023-03-07,ATM_007,Urban,8717.527170330926
2023-03-07,ATM_008,Rural,2270.501462136107
2023-03-07,ATM_009,Rural,4753.8292029530385
2023-03-07,ATM_010,Suburban,7214.2485619454455
2023-03-07,ATM_011,Rural,6455.18424858747
2023-03-07,ATM_012,Urban,10914.128416995523
2023-03-07,ATM_013,Rural,7501.29627732966
2023-03-07,ATM_014,Suburban,8408.46796284756
2023-03-07,ATM_015,Suburban,5691.9636929458375
2023-03-07,ATM_016,Rural,7066.586150212865
2023-03-07,ATM_017,Suburban,8624.828199485408
2023-03-07,ATM_018,Urban,9245.569590879579
2023-03-07,ATM_019,Urban,8411.067994942714
2023-03-07,ATM_020,Rural,7433.1353625139745
2023-03-08,ATM_001,Urban,10219.228485762123
2023-03-08,ATM_002,Rural,6648.849667363051
2023-03-08,ATM_003,Suburban,6847.04335603642
2023-03-08,ATM_004,Suburban,5504.81541476864
2023-03-08,ATM_005,Rural,3501.23927159052
2023-03-08,ATM_006,Urban,11750.314366426906
2023-03-08,ATM_007,Urban,10978.199074584403
2023-03-08,ATM_008,Rural,5275.5911950826785
2023-03-08,ATM_009,Rural,6341.595346930808
2023-03-08,ATM_010,Suburban,6767.613906321452
2023-03-08,ATM_011,Rural,7988.954736745198
2023-03-08,ATM_012,Urban,6096.816769876048
2023-03-08,ATM_013,Rural,8333.867130735016
2023-03-08,ATM_014,Suburban,5437.562294110858
2023-03-08,ATM_015,Suburban,4522.666991105898
2023-03-08,ATM_016,Rural,4640.138267058366
2023-03-08,ATM_017,Suburban,8025.986491224309
2023-03-08,ATM_018,Urban,9523.46581999173
2023-03-08,ATM_019,Urban,10716.240352795723
2023-03-08,ATM_020,Rural,6517.883904413735
2023-03-09,ATM_001,Urban,8011.0190371764165
2023-03-09,ATM_002,Rural,3686.215142067743
2023-03-09,ATM_003,Suburban,6084.861988121301
2023-03-09,ATM_004,Suburban,6159.9580509363295
2023-03-09,ATM_005,Rural,3326.33780002418
2023-03-09,ATM_006,Urban,7724.958925897217
2023-03-09,ATM_007,Urban,7305.734370994345
2023-03-09,ATM_008,Rural,5180.505320237076
2023-03-09,ATM_009,Rural,7142.9169265204955
2023-03-09,ATM_010,Suburban,8190.718850037576
2023-03-09,ATM_011,Rural,5270.316866952966
2023-03-09,ATM_012,Urban,8490.116480345536
2023-03-09,ATM_013,Rural,3350.975951032664
2023-03-09,ATM_014,Suburban,5842.470262949597
2023-03-09,ATM_015,Suburban,6072.708902698598
2023-03-09,ATM_016,Rural,7278.115449992227
2023-03-09,ATM_017,Suburban,9745.050312219773
2023-03-09,ATM_018,Urban,12246.28353703612
2023-03-09,ATM_019,Urban,6582.686151369719
2023-03-09,ATM_020,Rural,2552.4112482978567
2023-03-10,ATM_001,Urban,7851.618947531805
2023-03-10,ATM_002,Rural,3609.9626874545843
2023-03-10,ATM_003,Suburban,7515.219454073326
2023-03-10,ATM_004,Suburban,8615.713185931294
2023-03-10,ATM_005,Rural,6625.683174000849
2023-03-10,ATM_006,Urban,11013.422573339445
2023-03-10,ATM_007,Urban,7502.687602540477
2023-03-10,ATM_008,Rural,6482.760943167154
2023-03-10,ATM_009,Rural,4576.997610029811
2023-03-10,ATM_010,Suburban,7919.980032848671
2023-03-10,ATM_011,Rural,6633.595300403959
2023-03-10,ATM_012,Urban,8365.557688694576
2023-03-10,ATM_013,Rural,7761.734290632016
2023-03-10,ATM_014,Suburban,8840.286707657115
2023-03-10,ATM_015,Suburban,9015.618122432965
2023-03-10,ATM_016,Rural,4440.13572673041
2023-03-10,ATM_017,Suburban,7152.014755633972
2023-03-10,ATM_018,Urban,8660.86614787545
2023-03-10,ATM_019,Urban,7286.536766233416
2023-03-10,ATM_020,Rural,6929.993495960754
2023-03-11,ATM_001,Urban,8050.52093648173
2023-03-11,ATM_002,Rural,3503.4365026186774
2023-03-11,ATM_003,Suburban,8368.663897860464
2023-03-11,ATM_004,Suburban,6639.193422646351
2023-03-11,ATM_005,Rural,4726.109441800965
2023-03-11,ATM_006,Urban,8772.250426189346
2023-03-11,ATM_007,Urban,11606.820657626313
2023-03-11,ATM_008,Rural,8591.457406829999
2023-03-11,ATM_009,Rural,3636.7675823948875
2023-03-11,ATM_010,Suburban,8720.709022854904
2023-03-11,ATM_011,Rural,4551.971308378798
2023-03-11,ATM_012,Urban,11887.830589490604
2023-03-11,ATM_013,Rural,5064.274291706055
2023-03-11,ATM_014,Suburban,9690.109287186742
2023-03-11,ATM_015,Suburban,6319.384374985225
2023-03-11,ATM_016,Rural,8119.918547397406
2023-03-11,ATM_017,Suburban,11129.614936803922
2023-03-11,ATM_018,Urban,13530.044160945848
2023-03-11,ATM_019,Urban,13058.805196060972
2023-03-11,ATM_020,Rural,6058.70768046977
2023-03-12,ATM_001,Urban,11637.926436275362
2023-03-12,ATM_002,Rural,8772.140254740005
2023-03-12,ATM_003,Suburban,7737.48411236748
2023-03-12,ATM_004,Suburban,10308.343827378414
2023-03-12,ATM_005,Rural,6910.91825121381
2023-03-12,ATM_006,Urban,14568.480690949387
2023-03-12,ATM_007,Urban,10611.300595372457
2023-03-12,ATM_008,Rural,6537.062990929336
2023-03-12,ATM_009,Rural,8093.907841800423
2023-03-12,ATM_010,Suburban,10875.058081286827
2023-03-12,ATM_011,Rural,5087.4497132309025
2023-03-12,ATM_012,Urban,10317.591668244198
2023-03-12,ATM_013,Rural,7536.452293262301
2023-03-12,ATM_014,Suburban,9590.159217619395
2023-03-12,ATM_015,Suburban,7165.763895543806
2023-03-12,ATM_016,Rural,9502.391735034267
2023-03-12,ATM_017,Suburban,9075.38289557777
2023-03-12,ATM_018,Urban,10696.709783586795
2023-03-12,ATM_019,Urban,7100.866505319885
2023-03-12,ATM_020,Rural,9304.962683487605
2023-03-13,ATM_001,Urban,11877.72538339288
2023-03-13,ATM_002,Rural,5514.3361820261425
2023-03-13,ATM_003,Suburban,9755.220254440763
2023-03-13,ATM_004,Suburban,8675.684280864978
2023-03-13,ATM_005,Rural,4369.0138132900875
2023-03-13,ATM_006,Urban,6438.181144316535
2023-03-13,ATM_007,Urban,11272.856577196431
2023-03-13,ATM_008,Rural,5714.490528993724
2023-03-13,ATM_009,Rural,6124.606607629585
2023-03-13,ATM_010,Suburban,9210.635381508646
2023-03-13,ATM_011,Rural,3552.398938817857
2023-03-13,ATM_012,Urban,6309.680716725913
2023-03-13,ATM_013,Rural,5243.000153482387
2023-03-13,ATM_014,Suburban,7127.664787923517
2023-03-13,ATM_015,Suburban,7624.193887422132
2023-03-13,ATM_016,Rural,4529.29374955216
2023-03-13,ATM_017,Suburban,8815.584634327339
2023-03-13,ATM_018,Urban,11395.518746201413
2023-03-13,ATM_019,Urban,8293.202651411455
2023-03-13,ATM_020,Rural,4112.834082355271
2023-03-14,ATM_001,Urban,8737.251744437066
2023-03-14,ATM_002,Rural,5526.234314343375
2023-03-14,ATM_003,Suburban,7449.698241655351
2023-03-14,ATM_004,Suburban,5867.046576931265
2023-03-14,ATM_005,Rural,7195.576192339291
2023-03-14,ATM_006,Urban,10268.430179554318
2023-03-14,ATM_007,Urban,9731.873548763118
2023-03-14,ATM_008,Rural,7999.049521195567
2023-03-14,ATM_009,Rural,3435.080419259533
2023-03-14,ATM_010,Suburban,10464.484307520646
2023-03-14,ATM_011,Rural,6233.268545676321
2023-03-14,ATM_012,Urban,8557.01507568026
2023-03-14,ATM_013,Rural,8477.039787893651
2023-03-14,ATM_014,Suburban,7331.415486095596
2023-03-14,ATM_015,Suburban,6091.614749029692
2023-03-14,ATM_016,Rural,2710.923204374574
2023-03-14,ATM_017,Suburban,7473.694523906431
2023-03-14,ATM_018,Urban,8358.964252540934
2023-03-14,ATM_019,Urban,7242.391506097816
2023-03-14,ATM_020,Rural,4947.8435271049675
2023-03-15,ATM_001,Urban,8182.498070593708
2023-03-15,ATM_002,Rural,7374.599629637745
2023-03-15,ATM_003,Suburban,5471.71361271402
2023-03-15,ATM_004,Suburban,9612.35567527264
2023-03-15,ATM_005,Rural,4094.8493804515965
2023-03-15,ATM_006,Urban,8540.165766420363
2023-03-15,ATM_007,Urban,10660.088620661305
2023-03-15,ATM_008,Rural,3423.649771318908
2023-03-15,ATM_009,Rural,5233.3622403046675
2023-03-15,ATM_010,Suburban,9127.15903311667
2023-03-15,ATM_011,Rural,5105.019292583821
2023-03-15,ATM_012,Urban,7266.448169892111
2023-03-15,ATM_013,Rural,4678.266079221077
2023-03-15,ATM_014,Suburban,9496.976996537609
2023-03-15,ATM_015,Suburban,8750.015053142957
2023-03-15,ATM_016,Rural,6760.317224674223
2023-03-15,ATM_017,Suburban,7696.990993552887
2023-03-15,ATM_018,Urban,10657.616549378548
2023-03-15,ATM_019,Urban,8315.262253746243
2023-03-15,ATM_020,Rural,4498.0963830317505
2023-03-16,ATM_001,Urban,11014.106150645817
2023-03-16,ATM_002,Rural,4453.222812532043
2023-03-16,ATM_003,Suburban,7600.700911305341
2023-03-16,ATM_004,Suburban,6586.960991337628
2023-03-16,ATM_005,Rural,4969.169126845426
2023-03-16,ATM_006,Urban,7467.048472679825
2023-03-16,ATM_007,Urban,6380.789645626331
2023-03-16,ATM_008,Rural,7286.33436725895
2023-03-16,ATM_009,Rural,3640.6426574773304
2023-03-16,ATM_010,Suburban,8703.586822425334
2023-03-16,ATM_011,Rural,3293.8416605086018
2023-03-16,ATM_012,Urban,9802.716602420938
2023-03-16,ATM_013,Rural,4924.936315304513
2023-03-16,ATM_014,Suburban,8395.875362914267
2023-03-16,ATM_015,Suburban,5518.789165745607
2023-03-16,ATM_016,Rural,7533.565737252106
2023-03-16,ATM_017,Suburban,7444.69527428616
2023-03-16,ATM_018,Urban,9153.037460028328
2023-03-16,ATM_019,Urban,6561.999705925254
2023-03-16,ATM_020,Rural,3725.0470433183796
2023-03-17,ATM_001,Urban,6209.017188341427
2023-03-17,ATM_002,Rural,7010.16984918384
2023-03-17,ATM_003,Suburban,6089.060194272868
2023-03-17,ATM_004,Suburban,8421.42835199229
2023-03-17,ATM_005,Rural,6022.568361787451
2023-03-17,ATM_006,Urban,12817.452226758387
2023-03-17,ATM_007,Urban,7115.88727474047
2023-03-17,ATM_008,Rural,4012.313585113608
2023-03-17,ATM_009,Rural,7152.209235172143
2023-03-17,ATM_010,Suburban,9236.118736614892
2023-03-17,ATM_011,Rural,6705.837193050408
2023-03-17,ATM_012,Urban,10887.553779814618
2023-03-17,ATM_013,Rural,5278.603621322785
2023-03-17,ATM_014,Suburban,9340.323964973348
2023-03-17,ATM_015,Suburban,9215.464242872238
2023-03-17,ATM_016,Rural,5755.42442925135
2023-03-17,ATM_017,Suburban,5629.268183315907
2023-03-17,ATM_018,Urban,8959.981506639753
2023-03-17,ATM_019,Urban,10355.929550784242
2023-03-17,ATM_020,Rural,5236.932284087903
2023-03-18,ATM_001,Urban,13015.978940510888
2023-03-18,ATM_002,Rural,6841.558634660941
2023-03-18,ATM_003,Suburban,8178.098626739035
2023-03-18,ATM_004,Suburban,7110.427824082196
2023-03-18,ATM_005,Rural,7764.11741825211
2023-03-18,ATM_006,Urban,12560.327790501578
2023-03-18,ATM_007,Urban,13577.271636804537
2023-03-18,ATM_008,Rural,6387.82929229163
2023-03-18,ATM_009,Rural,7586.658401782465
2023-03-18,ATM_010,Suburban,13103.268531336555
2023-03-18,ATM_011,Rural,7194.114197517772
2023-03-18,ATM_012,Urban,11745.143868772439
2023-03-18,ATM_013,Rural,7227.922460581514
2023-03-18,ATM_014,Suburban,11958.629889745169
2023-03-18,ATM_015,Suburban,10198.723642533361
2023-03-18,ATM_016,Rural,7207.103728200889
2023-03-18,ATM_017,Suburban,11285.881217411837
2023-03-18,ATM_018,Urban,12006.586204429785
2023-03-18,ATM_019,Urban,9385.484570424152
2023-03-18,ATM_020,Rural,3826.1285049645485
2023-03-19,ATM_001,Urban,12811.137072855869
2023-03-19,ATM_002,Rural,7742.29057201562
2023-03-19,ATM_003,Suburban,9610.962649854404
2023-03-19,ATM_004,Suburban,10961.29190210071
2023-03-19,ATM_005,Rural,4982.018652249127
2023-03-19,ATM_006,Urban,10736.37379915082
2023-03-19,ATM_007,Urban,12638.510211914228
2023-03-19,ATM_008,Rural,5263.089717937695
2023-03-19,ATM_009,Rural,8442.246604746877
2023-03-19,ATM_010,Suburban,7938.039800108381
2023-03-19,ATM_011,Rural,5878.607159002365
2023-03-19,ATM_012,Urban,10526.231834222443
2023-03-19,ATM_013,Rural,4606.1721457290505
2023-03-19,ATM_014,Suburban,9054.3069825529
2023-03-19,ATM_015,Suburban,6524.146482507058
2023-03-19,ATM_016,Rural,9025.917355065625
2023-03-19,ATM_017,Suburban,7815.280031653042
2023-03-19,ATM_018,Urban,13448.842154476035
2023-03-19,ATM_019,Urban,9279.798392787046
2023-03-19,ATM_020,Rural,4581.4878701166135
2023-03-20,ATM_001,Urban,10144.000995472383
2023-03-20,ATM_002,Rural,5261.299181741252
2023-03-20,ATM_003,Suburban,8862.475202741716
2023-03-20,ATM_004,Suburban,6371.310607166003
2023-03-20,ATM_005,Rural,5766.64326642506
2023-03-20,ATM_006,Urban,8358.431813800968
2023-03-20,ATM_007,Urban,9716.049027856207
2023-03-20,ATM_008,Rural,6704.606612733379
2023-03-20,ATM_009,Rural,5931.682285219909
2023-03-20,ATM_010,Suburban,10692.446657724598
2023-03-20,ATM_011,Rural,4569.897838125803
2023-03-20,ATM_012,Urban,7472.604295563613
2023-03-20,ATM_013,Rural,7141.055025966209
2023-03-20,ATM_014,Suburban,8100.187625315258
2023-03-20,ATM_015,Suburban,7162.72859609384
2023-03-20,ATM_016,Rural,4658.464201190804
2023-03-20,ATM_017,Suburban,6411.2275805834415
2023-03-20,ATM_018,Urban,12444.51106032681
2023-03-20,ATM_019,Urban,12026.907628106337
2023-03-20,ATM_020,Rural,5870.105078910617
2023-03-21,ATM_001,Urban,8397.318199388232
2023-03-21,ATM_002,Rural,4880.538206925353
2023-03-21,ATM_003,Suburban,7895.5251631860265
2023-03-21,ATM_004,Suburban,8329.159767881882
2023-03-21,ATM_005,Rural,2905.4792622968835
2023-03-21,ATM_006,Urban,9360.897142351922
2023-03-21,ATM_007,Urban,10696.53943425734
2023-03-21,ATM_008,Rural,5115.392621774535
2023-03-21,ATM_009,Rural,4700.524548174674
2023-03-21,ATM_010,Suburban,5322.709484214266
2023-03-21,ATM_011,Rural,4847.182327588438
2023-03-21,ATM_012,Urban,9743.726871056913
2023-03-21,ATM_013,Rural,4664.993391516825
2023-03-21,ATM_014,Suburban,9165.528770139557
2023-03-21,ATM_015,Suburban,8293.651069345437
2023-03-21,ATM_016,Rural,6884.9516754388005
2023-03-21,ATM_017,Suburban,9243.687431769178
2023-03-21,ATM_018,Urban,6437.474556039362
2023-03-21,ATM_019,Urban,9357.915525117152
2023-03-21,ATM_020,Rural,6665.494117711383
2023-03-22,ATM_001,Urban,8144.149875183641
2023-03-22,ATM_002,Rural,5493.554999918005
2023-03-22,ATM_003,Suburban,4732.529882114285
2023-03-22,ATM_004,Suburban,6255.877813205876
2023-03-22,ATM_005,Rural,5327.2068804716455
2023-03-22,ATM_006,Urban,9404.41690094698
2023-03-22,ATM_007,Urban,9895.01140068383
2023-03-22,ATM_008,Rural,4633.010234442474
2023-03-22,ATM_009,Rural,6498.888212176888
2023-03-22,ATM_010,Suburban,5474.554821015904
2023-03-22,ATM_011,Rural,7313.3540414741165
2023-03-22,ATM_012,Urban,9549.20833053392
2023-03-22,ATM_013,Rural,7397.1094255453245
2023-03-22,ATM_014,Suburban,8874.338419132879
2023-03-22,ATM_015,Suburban,6159.756342530689
2023-03-22,ATM_016,Rural,3459.2740843834617
2023-03-22,ATM_017,Suburban,7009.060938544428
2023-03-22,ATM_018,Urban,12110.400890596846
2023-03-22,ATM_019,Urban,6355.048343419092
2023-03-22,ATM_020,Rural,3928.607944443544
2023-03-23,ATM_001,Urban,8918.996249626742
2023-03-23,ATM_002,Rural,6813.93571118441
2023-03-23,ATM_003,Suburban,8443.81092498587
2023-03-23,ATM_004,Suburban,7008.401478153282
2023-03-23,ATM_005,Rural,6309.6547391709655
2023-03-23,ATM_006,Urban,11250.510539219766
2023-03-23,ATM_007,Urban,12481.010253435641
2023-03-23,ATM_008,Rural,5499.474590661999
2023-03-23,ATM_009,Rural,4857.336094400619
2023-03-23,ATM_010,Suburban,7130.861351324779
2023-03-23,ATM_011,Rural,2715.608880283963
2023-03-23,ATM_012,Urban,10204.916012408334
2023-03-23,ATM_013,Rural,7495.9956784557135
2023-03-23,ATM_014,Suburban,11106.851407386486
2023-03-23,ATM_015,Suburban,5184.225172617246
2023-03-23,ATM_016,Rural,4778.323751042187
2023-03-23,ATM_017,Suburban,5224.909014891252
2023-03-23,ATM_018,Urban,9924.10593873785
2023-03-23,ATM_019,Urban,7908.767855710061
2023-03-23,ATM_020,Rural,6125.991525230367
2023-03-24,ATM_001,Urban,7208.407001336818
2023-03-24,ATM_002,Rural,5289.557732336602
2023-03-24,ATM_003,Suburban,9532.40633970614
2023-03-24,ATM_004,Suburban,11073.793919344478
2023-03-24,ATM_005,Rural,4165.966166717866
2023-03-24,ATM_006,Urban,7474.533862731055
2023-03-24,ATM_007,Urban,7106.805525496608
2023-03-24,ATM_008,Rural,3093.457440755161
2023-03-24,ATM_009,Rural,7297.257952938022
2023-03-24,ATM_010,Suburban,9934.12413367127
2023-03-24,ATM_011,Rural,7756.643754531306
2023-03-24,ATM_012,Urban,7075.3436651927
2023-03-24,ATM_013,Rural,4277.5434052298315
2023-03-24,ATM_014,Suburban,8984.67941895427
2023-03-24,ATM_015,Suburban,9486.643478717024
2023-03-24,ATM_016,Rural,4612.594406522264
2023-03-24,ATM_017,Suburban,10391.650634418364
2023-03-24,ATM_018,Urban,10281.709832532146
2023-03-24,ATM_019,Urban,8560.310452582688
2023-03-24,ATM_020,Rural,3135.5454696828256
2023-03-25,ATM_001,Urban,11095.331835415189
2023-03-25,ATM_002,Rural,8587.175044861353
2023-03-25,ATM_003,Suburban,5708.645822936309
2023-03-25,ATM_004,Suburban,11670.322329468623
2023-03-25,ATM_005,Rural,7860.999860613643
2023-03-25,ATM_006,Urban,14167.216186063622
2023-03-25,ATM_007,Urban,9305.003328128167
2023-03-25,ATM_008,Rural,8576.201899488571
2023-03-25,ATM_009,Rural,3309.022230100927
2023-03-25,ATM_010,Suburban,10312.470931248326
2023-03-25,ATM_011,Rural,5639.761947345603
2023-03-25,ATM_012,Urban,9767.971186810346
2023-03-25,ATM_013,Rural,7722.773803836587
2023-03-25,ATM_014,Suburban,5916.717711505339
2023-03-25,ATM_015,Suburban,9348.739191042561
2023-03-25,ATM_016,Rural,6124.005298505433
2023-03-25,ATM_017,Suburban,10542.30418624882
2023-03-25,ATM_018,Urban,11688.998825060795
2023-03-25,ATM_019,Urban,11787.903970314477
2023-03-25,ATM_020,Rural,5661.720039227587
2023-03-26,ATM_001,Urban,9630.2301213581
2023-03-26,ATM_002,Rural,4912.581974732789
2023-03-26,ATM_003,Suburban,5821.951667011387
2023-03-26,ATM_004,Suburban,8865.783568331504
2023-03-26,ATM_005,Rural,8798.898685536735
2023-03-26,ATM_006,Urban,11142.552859614645
2023-03-26,ATM_007,Urban,13172.589794074749
2023-03-26,ATM_008,Rural,4443.39742433893
2023-03-26,ATM_009,Rural,5599.118915681599
2023-03-26,ATM_010,Suburban,7442.175851390164
2023-03-26,ATM_011,Rural,4448.663192270334
2023-03-26,ATM_012,Urban,9637.641339208169
2023-03-26,ATM_013,Rural,8568.269218539534
2023-03-26,ATM_014,Suburban,11074.966917602756
2023-03-26,ATM_015,Suburban,11171.882199226888
2023-03-26,ATM_016,Rural,9298.256008426368
2023-03-26,ATM_017,Suburban,9011.171091059916
2023-03-26,ATM_018,Urban,9225.86800046931
2023-03-26,ATM_019,Urban,11144.74809442838
2023-03-26,ATM_020,Rural,5714.095605632957
2023-03-27,ATM_001,Urban,12139.826173776879
2023-03-27,ATM_002,Rural,7520.72033005543
2023-03-27,ATM_003,Suburban,6761.838797608899
2023-03-27,ATM_004,Suburban,6014.348748364706
2023-03-27,ATM_005,Rural,3098.7615422607423
2023-03-27,ATM_006,Urban,10442.160829835097
2023-03-27,ATM_007,Urban,7501.355848725547
2023-03-27,ATM_008,Rural,7144.386541560497
2023-03-27,ATM_009,Rural,3661.936296457142
2023-03-27,ATM_010,Suburban,8765.51037413159
2023-03-27,ATM_011,Rural,4075.181907395677
2023-03-27,ATM_012,Urban,10141.54970890035
2023-03-27,ATM_013,Rural,4296.521642037366
2023-03-27,ATM_014,Suburban,8826.021866236282
2023-03-27,ATM_015,Suburban,6728.933564525323
2023-03-27,ATM_016,Rural,6811.136224518858
2023-03-27,ATM_017,Suburban,4268.758461799309
2023-03-27,ATM_018,Urban,7629.713425815913
2023-03-27,ATM_019,Urban,7657.817828589946
2023-03-27,ATM_020,Rural,4882.03393313666
2023-03-28,ATM_001,Urban,7622.216727422656
2023-03-28,ATM_002,Rural,6672.558206676624
2023-03-28,ATM_003,Suburban,10437.622867838605
2023-03-28,ATM_004,Suburban,6069.035547044716
2023-03-28,ATM_005,Rural,4109.97044456315
2023-03-28,ATM_006,Urban,10573.697510327293
2023-03-28,ATM_007,Urban,8698.851336641192
2023-03-28,ATM_008,Rural,4191.200553185403
2023-03-28,ATM_009,Rural,3109.8317223214276
2023-03-28,ATM_010,Suburban,9326.946172269678
2023-03-28,ATM_011,Rural,3551.1094570573478
2023-03-28,ATM_012,Urban,8783.51706020125
2023-03-28,ATM_013,Rural,2734.6200118705
2023-03-28,ATM_014,Suburban,6723.087532194492
2023-03-28,ATM_015,Suburban,7620.161175849131
2023-03-28,ATM_016,Rural,6342.178443762399
2023-03-28,ATM_017,Suburban,8077.64664168196
2023-03-28,ATM_018,Urban,9133.391321388981
2023-03-28,ATM_019,Urban,10483.493520360485
2023-03-28,ATM_020,Rural,4085.924756064101
2023-03-29,ATM_001,Urban,8830.329247706184
2023-03-29,ATM_002,Rural,4229.05362097426
2023-03-29,ATM_003,Suburban,6873.684502947744
2023-03-29,ATM_004,Suburban,9692.570839317726
2023-03-29,ATM_005,Rural,4501.99239568703
2023-03-29,ATM_006,Urban,10705.11006261308
2023-03-29,ATM_007,Urban,6969.40437644631
2023-03-29,ATM_008,Rural,3674.987187061784
2023-03-29,ATM_009,Rural,8776.732216603556
2023-03-29,ATM_010,Suburban,9015.236041360666
2023-03-29,ATM_011,Rural,7408.652935456818
2023-03-29,ATM_012,Urban,6093.091747532908
2023-03-29,ATM_013,Rural,7891.631784222386
2023-03-29,ATM_014,Suburban,8005.904325019965
2023-03-29,ATM_015,Suburban,4670.072990808393
2023-03-29,ATM_016,Rural,5550.633749356399
2023-03-29,ATM_017,Suburban,6235.0980721457545
2023-03-29,ATM_018,Urban,8706.082108042987
2023-03-29,ATM_019,Urban,9329.421544821906
2023-03-29,ATM_020,Rural,6970.061685697132
2023-03-30,ATM_001,Urban,10870.925323532187
2023-03-30,ATM_002,Rural,7468.735201111756
2023-03-30,ATM_003,Suburban,5790.664657116676
2023-03-30,ATM_004,Suburban,5893.534316823427
2023-03-30,ATM_005,Rural,5661.891887078115
2023-03-30,ATM_006,Urban,9483.643377744207
2023-03-30,ATM_007,Urban,10643.47920320242
2023-03-30,ATM_008,Rural,5070.309236363228
2023-03-30,ATM_009,Rural,6357.895235319496
2023-03-30,ATM_010,Suburban,8204.070029802693
2023-03-30,ATM_011,Rural,6735.490056730631
2023-03-30,ATM_012,Urban,4320.58726578978
2023-03-30,ATM_013,Rural,5070.097843741863
2023-03-30,ATM_014,Suburban,9460.969742074325
2023-03-30,ATM_015,Suburban,5675.131064768771
2023-03-30,ATM_016,Rural,8552.050545703869
2023-03-30,ATM_017,Suburban,7179.145275267834
2023-03-30,ATM_018,Urban,9586.352535743115
2023-03-30,ATM_019,Urban,8575.536669400164
2023-03-30,ATM_020,Rural,4411.476024080669
2023-03-31,ATM_001,Urban,15775.917276771695
2023-03-31,ATM_002,Rural,6275.25749665779
2023-03-31,ATM_003,Suburban,12680.971655950716
2023-03-31,ATM_004,Suburban,9632.545631902427
2023-03-31,ATM_005,Rural,10103.147033114008
2023-03-31,ATM_006,Urban,9777.262549957211
2023-03-31,ATM_007,Urban,11291.332909101848
2023-03-31,ATM_008,Rural,9342.539719956301
2023-03-31,ATM_009,Rural,4670.988473105151
2023-03-31,ATM_010,Suburban,12646.06593408185
2023-03-31,ATM_011,Rural,8276.62376465559
2023-03-31,ATM_012,Urban,8825.583872535377
2023-03-31,ATM_013,Rural,8148.331879370053
2023-03-31,ATM_014,Suburban,7805.251062231644
2023-03-31,ATM_015,Suburban,12374.1863893069
2023-03-31,ATM_016,Rural,11654.2082038304
2023-03-31,ATM_017,Suburban,12688.846426268645
2023-03-31,ATM_018,Urban,13489.130514683877
2023-03-31,ATM_019,Urban,11318.26442712043
2023-03-31,ATM_020,Rural,8604.54742823102
2023-04-01,ATM_001,Urban,9745.372004260531
2023-04-01,ATM_002,Rural,4484.226692629226
2023-04-01,ATM_003,Suburban,12713.274278290013
2023-04-01,ATM_004,Suburban,7471.584686582506
2023-04-01,ATM_005,Rural,8806.818100246648
2023-04-01,ATM_006,Urban,13671.662649321393
2023-04-01,ATM_007,Urban,10094.860495370747
2023-04-01,ATM_008,Rural,4480.327359087677
2023-04-01,ATM_009,Rural,7859.163641254316
2023-04-01,ATM_010,Suburban,6092.357886854983
2023-04-01,ATM_011,Rural,8841.386645232016
2023-04-01,ATM_012,Urban,14154.14794480783
2023-04-01,ATM_013,Rural,5277.118125033649
2023-04-01,ATM_014,Suburban,6248.3399017948595
2023-04-01,ATM_015,Suburban,6324.340595101187
2023-04-01,ATM_016,Rural,4817.204204105412
2023-04-01,ATM_017,Suburban,9792.139202051982
2023-04-01,ATM_018,Urban,11956.863228893026
2023-04-01,ATM_019,Urban,12466.98838270878
2023-04-01,ATM_020,Rural,4740.079635971204
2023-04-02,ATM_001,Urban,12214.788474234858
2023-04-02,ATM_002,Rural,6211.687651720357
2023-04-02,ATM_003,Suburban,10015.41398174362
2023-04-02,ATM_004,Suburban,11658.782677011382
2023-04-02,ATM_005,Rural,4247.4671613381515
2023-04-02,ATM_006,Urban,10075.78757799281
2023-04-02,ATM_007,Urban,10444.659737517864
2023-04-02,ATM_008,Rural,8838.634006567188
2023-04-02,ATM_009,Rural,6243.033544213338
2023-04-02,ATM_010,Suburban,7230.311160942304
2023-04-02,ATM_011,Rural,5331.105364159034
2023-04-02,ATM_012,Urban,10377.542925451777
2023-04-02,ATM_013,Rural,7812.504094145311
2023-04-02,ATM_014,Suburban,10466.583145583309
2023-04-02,ATM_015,Suburban,11459.79389463255
2023-04-02,ATM_016,Rural,6009.606969340985
2023-04-02,ATM_017,Suburban,10677.764666728168
2023-04-02,ATM_018,Urban,10654.680037624807
2023-04-02,ATM_019,Urban,10720.671261433505
2023-04-02,ATM_020,Rural,9665.677936051596
2023-04-03,ATM_001,Urban,5151.602404580298
2023-04-03,ATM_002,Rural,5321.270427243883
2023-04-03,ATM_003,Suburban,8697.78331699386
2023-04-03,ATM_004,Suburban,8069.228726695127
2023-04-03,ATM_005,Rural,3661.176779561752
2023-04-03,ATM_006,Urban,5281.205847652124
2023-04-03,ATM_007,Urban,9047.781590516182
2023-04-03,ATM_008,Rural,3533.2649359637185
2023-04-03,ATM_009,Rural,7764.783469848069
2023-04-03,ATM_010,Suburban,7216.304744006442
2023-04-03,ATM_011,Rural,7212.356128295009
2023-04-03,ATM_012,Urban,5317.6052090097355
2023-04-03,ATM_013,Rural,2153.4590532045413
2023-04-03,ATM_014,Suburban,6876.502143606793
2023-04-03,ATM_015,Suburban,7586.8322074202915
2023-04-03,ATM_016,Rural,6854.108070012618
2023-04-03,ATM_017,Suburban,4018.826426339678
2023-04-03,ATM_018,Urban,11527.531401917693
2023-04-03,ATM_019,Urban,6419.819182199903
2023-04-03,ATM_020,Rural,7422.327756029291
2023-04-04,ATM_001,Urban,6002.573532359809
2023-04-04,ATM_002,Rural,4817.815955828514
2023-04-04,ATM_003,Suburban,7347.142297597529
2023-04-04,ATM_004,Suburban,9476.539748082974
2023-04-04,ATM_005,Rural,5803.196165075689
2023-04-04,ATM_006,Urban,8266.00797526414
2023-04-04,ATM_007,Urban,10221.107446167158
2023-04-04,ATM_008,Rural,7703.366446724539
2023-04-04,ATM_009,Rural,5684.6737460952145
2023-04-04,ATM_010,Suburban,9797.113446487874
2023-04-04,ATM_011,Rural,6046.801213941821
2023-04-04,ATM_012,Urban,5772.57302971118
2023-04-04,ATM_013,Rural,3242.6426935880913
2023-04-04,ATM_014,Suburban,6583.098186009209
2023-04-04,ATM_015,Suburban,4602.673936141807
2023-04-04,ATM_016,Rural,7716.35021420852
2023-04-04,ATM_017,Suburban,9307.898827676387
2023-04-04,ATM_018,Urban,9445.592258358045
2023-04-04,ATM_019,Urban,7890.012721508301
2023-04-04,ATM_020,Rural,4699.709744048617
2023-04-05,ATM_001,Urban,7553.828641692637
2023-04-05,ATM_002,Rural,7174.88307491928
2023-04-05,ATM_003,Suburban,5651.314460179124
2023-04-05,ATM_004,Suburban,7370.133269748552
2023-04-05,ATM_005,Rural,7229.364898114722
2023-04-05,ATM_006,Urban,10922.884557241392
2023-04-05,ATM_007,Urban,5756.262338317308
2023-04-05,ATM_008,Rural,6603.397675815773
2023-04-05,ATM_009,Rural,7866.254033657093
2023-04-05,ATM_010,Suburban,6667.607261338358
2023-04-05,ATM_011,Rural,8042.9784109032025
2023-04-05,ATM_012,Urban,10863.328475767166
2023-04-05,ATM_013,Rural,6484.189946662575
2023-04-05,ATM_014,Suburban,5845.8010233694695
2023-04-05,ATM_015,Suburban,4790.2588217124485
2023-04-05,ATM_016,Rural,4853.324362023924
2023-04-05,ATM_017,Suburban,10230.963340083186
2023-04-05,ATM_018,Urban,9017.244231430945
2023-04-05,ATM_019,Urban,9774.292370708357
2023-04-05,ATM_020,Rural,7806.889533714356
2023-04-06,ATM_001,Urban,9299.13873379976
2023-04-06,ATM_002,Rural,6831.926068806038
2023-04-06,ATM_003,Suburban,7773.289740629223
2023-04-06,ATM_004,Suburban,6052.084345401063
2023-04-06,ATM_005,Rural,5262.424002107371
2023-04-06,ATM_006,Urban,9780.164481077936
2023-04-06,ATM_007,Urban,9500.24373632122
2023-04-06,ATM_008,Rural,6467.700507454418
2023-04-06,ATM_009,Rural,7490.269349842224
2023-04-06,ATM_010,Suburban,8122.767220324989
2023-04-06,ATM_011,Rural,4641.4725671144715
2023-04-06,ATM_012,Urban,9063.744972051625
2023-04-06,ATM_013,Rural,5570.951447203713
2023-04-06,ATM_014,Suburban,9962.622023352526
2023-04-06,ATM_015,Suburban,9383.943186831875
2023-04-06,ATM_016,Rural,4317.062148038695
2023-04-06,ATM_017,Suburban,6690.701965792797
2023-04-06,ATM_018,Urban,8684.12000442331
2023-04-06,ATM_019,Urban,9111.38742895419
2023-04-06,ATM_020,Rural,5905.068114967542
2023-04-07,ATM_001,Urban,10311.21314462128
2023-04-07,ATM_002,Rural,3883.7261310055046
2023-04-07,ATM_003,Suburban,6923.601549638729
2023-04-07,ATM_004,Suburban,7002.747260851322
2023-04-07,ATM_005,Rural,7860.100135814369
2023-04-07,ATM_006,Urban,9581.450660170596
2023-04-07,ATM_007,Urban,10990.492527575436
2023-04-07,ATM_008,Rural,4235.168091048554
2023-04-07,ATM_009,Rural,5901.977866216575
2023-04-07,ATM_010,Suburban,6315.1306313867
2023-04-07,ATM_011,Rural,6112.177602006017
2023-04-07,ATM_012,Urban,11037.405682711416
2023-04-07,ATM_013,Rural,5424.410583262955
2023-04-07,ATM_014,Suburban,8185.839541136894
2023-04-07,ATM_015,Suburban,7673.895391643559
2023-04-07,ATM_016,Rural,8092.4820391968315
2023-04-07,ATM_017,Suburban,9637.292825809223
2023-04-07,ATM_018,Urban,5961.241031553161
2023-04-07,ATM_019,Urban,8629.716319339555
2023-04-07,ATM_020,Rural,6305.008650148902
2023-04-08,ATM_001,Urban,11161.487389106742
2023-04-08,ATM_002,Rural,3504.825376403239
2023-04-08,ATM_003,Suburban,7600.222699521675
2023-04-08,ATM_004,Suburban,6285.658049214117
2023-04-08,ATM_005,Rural,8605.423541732125
2023-04-08,ATM_006,Urban,10270.39951771162
2023-04-08,ATM_007,Urban,13345.115956401925
2023-04-08,ATM_008,Rural,3983.48668347038
2023-04-08,ATM_009,Rural,5187.093531135259
2023-04-08,ATM_010,Suburban,10044.241712289067
2023-04-08,ATM_011,Rural,5815.188427485708
2023-04-08,ATM_012,Urban,11656.961756070801
2023-04-08,ATM_013,Rural,6439.430060170196
2023-04-08,ATM_014,Suburban,6036.294672283986
2023-04-08,ATM_015,Suburban,10545.95526266667
2023-04-08,ATM_016,Rural,6572.50744221053
2023-04-08,ATM_017,Suburban,7167.060708916353
2023-04-08,ATM_018,Urban,12807.958581132934
2023-04-08,ATM_019,Urban,7369.849729712066
2023-04-08,ATM_020,Rural,4131.202557755588
2023-04-09,ATM_001,Urban,10648.162592117378
2023-04-09,ATM_002,Rural,4020.32838075822
2023-04-09,ATM_003,Suburban,11408.459555101019
2023-04-09,ATM_004,Suburban,7892.932470135262
2023-04-09,ATM_005,Rural,6470.118603395922
2023-04-09,ATM_006,Urban,13560.510531308157
2023-04-09,ATM_007,Urban,8650.633208069425
2023-04-09,ATM_008,Rural,8921.959083260372
2023-04-09,ATM_009,Rural,4293.072188694358
2023-04-09,ATM_010,Suburban,8333.279369433316
2023-04-09,ATM_011,Rural,10181.603873890126
2023-04-09,ATM_012,Urban,8323.476105640197
2023-04-09,ATM_013,Rural,6109.104021704393
2023-04-09,ATM_014,Suburban,6303.339895824453
2023-04-09,ATM_015,Suburban,8930.559179006657
2023-04-09,ATM_016,Rural,8137.657151205625
2023-04-09,ATM_017,Suburban,9146.608264801858
2023-04-09,ATM_018,Urban,12196.720425108873
2023-04-09,ATM_019,Urban,8573.597155794632
2023-04-09,ATM_020,Rural,4795.388602228334
2023-04-10,ATM_001,Urban,5563.036973191377
2023-04-10,ATM_002,Rural,4650.85988961504
2023-04-10,ATM_003,Suburban,11128.257141391454
2023-04-10,ATM_004,Suburban,6118.903262710584
2023-04-10,ATM_005,Rural,4395.89371666713
2023-04-10,ATM_006,Urban,10793.669228483857
2023-04-10,ATM_007,Urban,10934.842482292952
2023-04-10,ATM_008,Rural,4551.840418170448
2023-04-10,ATM_009,Rural,7128.911032608774
2023-04-10,ATM_010,Suburban,8753.955300750187
2023-04-10,ATM_011,Rural,6061.794316277824
2023-04-10,ATM_012,Urban,5887.36260355964
2023-04-10,ATM_013,Rural,5485.823582193616
2023-04-10,ATM_014,Suburban,7374.396870098228
2023-04-10,ATM_015,Suburban,9890.761124642195
2023-04-10,ATM_016,Rural,4142.05387349845
2023-04-10,ATM_017,Suburban,8733.178676803664
2023-04-10,ATM_018,Urban,7338.638643434081
2023-04-10,ATM_019,Urban,8190.073355984747
2023-04-10,ATM_020,Rural,5322.90204963152
2023-04-11,ATM_001,Urban,6691.483967983108
2023-04-11,ATM_002,Rural,5529.006590833497
2023-04-11,ATM_003,Suburban,5560.928398185662
2023-04-11,ATM_004,Suburban,9659.511459636491
2023-04-11,ATM_005,Rural,4853.58773533591
2023-04-11,ATM_006,Urban,11487.237881910618
2023-04-11,ATM_007,Urban,8932.251394482368
2023-04-11,ATM_008,Rural,4016.388822224011
2023-04-11,ATM_009,Rural,3763.920763788711
2023-04-11,ATM_010,Suburban,10578.46782993261
2023-04-11,ATM_011,Rural,7664.706232707951
2023-04-11,ATM_012,Urban,10834.985218760685
2023-04-11,ATM_013,Rural,5340.668510797968
2023-04-11,ATM_014,Suburban,8525.033456258006
2023-04-11,ATM_015,Suburban,8720.560988889865
2023-04-11,ATM_016,Rural,7892.184874327109
2023-04-11,ATM_017,Suburban,7747.988654033589
2023-04-11,ATM_018,Urban,11087.632832253601
2023-04-11,ATM_019,Urban,11949.075899719495
2023-04-11,ATM_020,Rural,6487.68290745329
2023-04-12,ATM_001,Urban,10077.559172204514
2023-04-12,ATM_002,Rural,5474.9452350654055
2023-04-12,ATM_003,Suburban,7362.943203878357
2023-04-12,ATM_004,Suburban,7534.204863045615
2023-04-12,ATM_005,Rural,4143.880461933935
2023-04-12,ATM_006,Urban,6278.331050488081
2023-04-12,ATM_007,Urban,10398.757088721646
2023-04-12,ATM_008,Rural,5222.003249097792
2023-04-12,ATM_009,Rural,3600.835126841801
2023-04-12,ATM_010,Suburban,10072.07572050914
2023-04-12,ATM_011,Rural,5325.879908959642
2023-04-12,ATM_012,Urban,9490.232384859504
2023-04-12,ATM_013,Rural,4379.104602583037
2023-04-12,ATM_014,Suburban,6347.336043533487
2023-04-12,ATM_015,Suburban,9037.96440774926
2023-04-12,ATM_016,Rural,4506.761596827588
2023-04-12,ATM_017,Suburban,8253.31936116356
2023-04-12,ATM_018,Urban,6743.958372757429
2023-04-12,ATM_019,Urban,6640.29984748097
2023-04-12,ATM_020,Rural,4792.84158254444
2023-04-13,ATM_001,Urban,7907.172381430163
2023-04-13,ATM_002,Rural,6074.494985829463
2023-04-13,ATM_003,Suburban,10107.680576957438
2023-04-13,ATM_004,Suburban,6609.95256348759
2023-04-13,ATM_005,Rural,7142.222768402699
2023-04-13,ATM_006,Urban,6066.078901488576
2023-04-13,ATM_007,Urban,10367.375823426384
2023-04-13,ATM_008,Rural,3208.8352834637567
2023-04-13,ATM_009,Rural,6929.914457409504
2023-04-13,ATM_010,Suburban,10982.28388836984
2023-04-13,ATM_011,Rural,3037.32270497585
2023-04-13,ATM_012,Urban,7215.863075993005
2023-04-13,ATM_013,Rural,3601.67256340485
2023-04-13,ATM_014,Suburban,4307.053711479057
2023-04-13,ATM_015,Suburban,6985.102110882326
2023-04-13,ATM_016,Rural,5151.938173766356
2023-04-13,ATM_017,Suburban,7964.141996707937
2023-04-13,ATM_018,Urban,6272.569480353926
2023-04-13,ATM_019,Urban,8579.603229657356
2023-04-13,ATM_020,Rural,2791.53750627701
2023-04-14,ATM_001,Urban,7560.538758129318
2023-04-14,ATM_002,Rural,5781.081404676164
2023-04-14,ATM_003,Suburban,8581.030846675938
2023-04-14,ATM_004,Suburban,5797.551161351183
2023-04-14,ATM_005,Rural,7786.1990167283575
2023-04-14,ATM_006,Urban,6804.887307685308
2023-04-14,ATM_007,Urban,8501.476913279997
2023-04-14,ATM_008,Rural,6640.796456674325
2023-04-14,ATM_009,Rural,7206.628502668508
2023-04-14,ATM_010,Suburban,6373.765323225945
2023-04-14,ATM_011,Rural,4661.885977875615
2023-04-14,ATM_012,Urban,9827.077185402622
2023-04-14,ATM_013,Rural,4447.819849662981
2023-04-14,ATM_014,Suburban,6078.037835748245
2023-04-14,ATM_015,Suburban,4840.2607008136
2023-04-14,ATM_016,Rural,5529.1603088274505
2023-04-14,ATM_017,Suburban,7403.778678984716
2023-04-14,ATM_018,Urban,7894.112991549767
2023-04-14,ATM_019,Urban,9335.60657207651
2023-04-14,ATM_020,Rural,5799.652363528079
2023-04-15,ATM_001,Urban,9882.8629824601
2023-04-15,ATM_002,Rural,8138.943630942813
2023-04-15,ATM_003,Suburban,10264.491426037544
2023-04-15,ATM_004,Suburban,8146.051105516122
2023-04-15,ATM_005,Rural,4396.540852744437
2023-04-15,ATM_006,Urban,10255.254405250655
2023-04-15,ATM_007,Urban,11878.48678582195
2023-04-15,ATM_008,Rural,6029.344994835738
2023-04-15,ATM_009,Rural,3901.6740036439014
2023-04-15,ATM_010,Suburban,9606.862734978497
2023-04-15,ATM_011,Rural,7994.118177183442
2023-04-15,ATM_012,Urban,8443.269326064816
2023-04-15,ATM_013,Rural,8095.725030061329
2023-04-15,ATM_014,Suburban,6826.552757852797
2023-04-15,ATM_015,Suburban,8072.215843250321
2023-04-15,ATM_016,Rural,8962.71889181956
2023-04-15,ATM_017,Suburban,9781.973764816881
2023-04-15,ATM_018,Urban,10228.190725983834
2023-04-15,ATM_019,Urban,9561.92848463957
2023-04-15,ATM_020,Rural,8898.444274224812
2023-04-16,ATM_001,Urban,11881.905306951545
2023-04-16,ATM_002,Rural,4378.225224599131
2023-04-16,ATM_003,Suburban,6568.686635199102
2023-04-16,ATM_004,Suburban,11473.333147677911
2023-04-16,ATM_005,Rural,4225.329452264976
2023-04-16,ATM_006,Urban,11466.238969558937
2023-04-16,ATM_007,Urban,11895.262255435307
2023-04-16,ATM_008,Rural,8827.3418660682
2023-04-16,ATM_009,Rural,8378.15104423987
2023-04-16,ATM_010,Suburban,5543.736045598039
2023-04-16,ATM_011,Rural,8424.389952896778
2023-04-16,ATM_012,Urban,8396.40494955713
2023-04-16,ATM_013,Rural,6666.737908022806
2023-04-16,ATM_014,Suburban,9838.906621643593
2023-04-16,ATM_015,Suburban,11255.336099369437
2023-04-16,ATM_016,Rural,4415.403702041342
2023-04-16,ATM_017,Suburban,9341.241970415513
2023-04-16,ATM_018,Urban,10520.174483717285
2023-04-16,ATM_019,Urban,8689.150508246417
2023-04-16,ATM_020,Rural,8163.895203979078
2023-04-17,ATM_001,Urban,10106.161873030716
2023-04-17,ATM_002,Rural,3246.7586569966834
2023-04-17,ATM_003,Suburban,4692.8118883707775
2023-04-17,ATM_004,Suburban,7143.683621245289
2023-04-17,ATM_005,Rural,6274.52166486982
2023-04-17,ATM_006,Urban,9812.33119951649
2023-04-17,ATM_007,Urban,9608.747074764162
2023-04-17,ATM_008,Rural,6777.311212172617
2023-04-17,ATM_009,Rural,3266.4987330223867
2023-04-17,ATM_010,Suburban,9899.582450777552
2023-04-17,ATM_011,Rural,7714.759708309493
2023-04-17,ATM_012,Urban,8978.394074053847
2023-04-17,ATM_013,Rural,2841.33892538695
2023-04-17,ATM_014,Suburban,5231.29030097021
2023-04-17,ATM_015,Suburban,7900.66211572913
2023-04-17,ATM_016,Rural,7119.470915256195
2023-04-17,ATM_017,Suburban,6999.405401536936
2023-04-17,ATM_018,Urban,6629.767341590751
2023-04-17,ATM_019,Urban,9050.152715514412
2023-04-17,ATM_020,Rural,3171.864355208353
2023-04-18,ATM_001,Urban,9807.301036752986
2023-04-18,ATM_002,Rural,5702.736248702782
2023-04-18,ATM_003,Suburban,9351.496559922423
2023-04-18,ATM_004,Suburban,8647.30936926839
2023-04-18,ATM_005,Rural,7162.8339723379695
2023-04-18,ATM_006,Urban,7487.42133030052
2023-04-18,ATM_007,Urban,8527.42262716648
2023-04-18,ATM_008,Rural,4672.06877299561
2023-04-18,ATM_009,Rural,6521.159331543222
2023-04-18,ATM_010,Suburban,6077.070273839215
2023-04-18,ATM_011,Rural,6880.555171925974
2023-04-18,ATM_012,Urban,9642.183529377533
2023-04-18,ATM_013,Rural,6507.382969465957
2023-04-18,ATM_014,Suburban,5753.242762075
2023-04-18,ATM_015,Suburban,8523.710543433204
2023-04-18,ATM_016,Rural,7241.874949149412
2023-04-18,ATM_017,Suburban,6746.971680931331
2023-04-18,ATM_018,Urban,10305.90250603489
2023-04-18,ATM_019,Urban,8345.049225090186
2023-04-18,ATM_020,Rural,7619.586193642779
2023-04-19,ATM_001,Urban,9734.716500767621
2023-04-19,ATM_002,Rural,6537.261029125774
2023-04-19,ATM_003,Suburban,10152.277138308678
2023-04-19,ATM_004,Suburban,8298.432185657775
2023-04-19,ATM_005,Rural,6911.594478213829
2023-04-19,ATM_006,Urban,11228.597252592846
2023-04-19,ATM_007,Urban,5448.787166709348
2023-04-19,ATM_008,Rural,4152.990957373539
2023-04-19,ATM_009,Rural,7158.298727103969
2023-04-19,ATM_010,Suburban,8072.196573209484
2023-04-19,ATM_011,Rural,6558.035524204166
2023-04-19,ATM_012,Urban,9086.602411137601
2023-04-19,ATM_013,Rural,3627.8279363672264
2023-04-19,ATM_014,Suburban,9674.398660837769
2023-04-19,ATM_015,Suburban,7130.807304541852
2023-04-19,ATM_016,Rural,5865.591368462487
2023-04-19,ATM_017,Suburban,6488.004992199178
2023-04-19,ATM_018,Urban,11169.640695593627
2023-04-19,ATM_019,Urban,9930.074209294184
2023-04-19,ATM_020,Rural,4536.005692756102
2023-04-20,ATM_001,Urban,12805.437049810322
2023-04-20,ATM_002,Rural,2628.666868392955
2023-04-20,ATM_003,Suburban,6416.67228047964
2023-04-20,ATM_004,Suburban,8585.325652750322
2023-04-20,ATM_005,Rural,3278.2181337442876
2023-04-20,ATM_006,Urban,8128.121546496915
2023-04-20,ATM_007,Urban,9219.840626706306
2023-04-20,ATM_008,Rural,7692.540728955721
2023-04-20,ATM_009,Rural,3212.4646782871732
2023-04-20,ATM_010,Suburban,9368.270191100275
2023-04-20,ATM_011,Rural,6499.3282548456855
2023-04-20,ATM_012,Urban,9520.281445812032
2023-04-20,ATM_013,Rural,3610.8452275086547
2023-04-20,ATM_014,Suburban,9217.32553395811
2023-04-20,ATM_015,Suburban,6262.303856524267
2023-04-20,ATM_016,Rural,5920.058333007162
2023-04-20,ATM_017,Suburban,5462.928097704728
2023-04-20,ATM_018,Urban,8260.486466023987
2023-04-20,ATM_019,Urban,7317.2036562645935
2023-04-20,ATM_020,Rural,6975.55786529768
2023-04-21,ATM_001,Urban,8407.856678374781
2023-04-21,ATM_002,Rural,3711.5187811756305
2023-04-21,ATM_003,Suburban,10665.158429099545
2023-04-21,ATM_004,Suburban,5216.348370988488
2023-04-21,ATM_005,Rural,7555.387369938302
2023-04-21,ATM_006,Urban,9618.165117407934
2023-04-21,ATM_007,Urban,8169.210352778598
2023-04-21,ATM_008,Rural,3796.9882196832814
2023-04-21,ATM_009,Rural,6042.226844478887
2023-04-21,ATM_010,Suburban,9361.806338254226
2023-04-21,ATM_011,Rural,7132.801498525099
2023-04-21,ATM_012,Urban,9768.305384972591
2023-04-21,ATM_013,Rural,8354.345000219912
2023-04-21,ATM_014,Suburban,5532.729810911721
2023-04-21,ATM_015,Suburban,6848.9419079525915
2023-04-21,ATM_016,Rural,6089.47638979414
2023-04-21,ATM_017,Suburban,4623.094419573701
2023-04-21,ATM_018,Urban,10324.921628094902
2023-04-21,ATM_019,Urban,8232.634146604678
2023-04-21,ATM_020,Rural,5353.266373307866
2023-04-22,ATM_001,Urban,12162.441240592716
2023-04-22,ATM_002,Rural,5180.5658756835155
2023-04-22,ATM_003,Suburban,9193.85378717016
2023-04-22,ATM_004,Suburban,9359.118477212993
2023-04-22,ATM_005,Rural,5471.0755382054995
2023-04-22,ATM_006,Urban,9759.744142303793
2023-04-22,ATM_007,Urban,10607.86868859661
2023-04-22,ATM_008,Rural,6345.92770341584
2023-04-22,ATM_009,Rural,3469.5308266150055
2023-04-22,ATM_010,Suburban,7138.1248381617825
2023-04-22,ATM_011,Rural,5171.797983674651
2023-04-22,ATM_012,Urban,12992.4768580062
2023-04-22,ATM_013,Rural,4899.726126079369
2023-04-22,ATM_014,Suburban,10573.381832714409
2023-04-22,ATM_015,Suburban,9909.999950746304
2023-04-22,ATM_016,Rural,5981.489757257334
2023-04-22,ATM_017,Suburban,8061.893502921007
2023-04-22,ATM_018,Urban,15300.380428647195
2023-04-22,ATM_019,Urban,5746.6765021732945
2023-04-22,ATM_020,Rural,8850.69578122489
2023-04-23,ATM_001,Urban,13423.668007803173
2023-04-23,ATM_002,Rural,6894.604315680729
2023-04-23,ATM_003,Suburban,10618.014226248708
2023-04-23,ATM_004,Suburban,12309.879951039746
2023-04-23,ATM_005,Rural,9303.900530078545
2023-04-23,ATM_006,Urban,10304.30753807833
2023-04-23,ATM_007,Urban,7683.872882550138
2023-04-23,ATM_008,Rural,7153.696574050156
2023-04-23,ATM_009,Rural,9243.524692122799
2023-04-23,ATM_010,Suburban,9527.5941734495
2023-04-23,ATM_011,Rural,3874.576897950442
2023-04-23,ATM_012,Urban,10647.490566737426
2023-04-23,ATM_013,Rural,3935.712245417903
2023-04-23,ATM_014,Suburban,5914.194529910916
2023-04-23,ATM_015,Suburban,5652.035451291519
2023-04-23,ATM_016,Rural,5972.947787181944
2023-04-23,ATM_017,Suburban,10983.275702757292
2023-04-23,ATM_018,Urban,12672.835610278618
2023-04-23,ATM_019,Urban,10680.392373074023
2023-04-23,ATM_020,Rural,6699.172710425286
2023-04-24,ATM_001,Urban,8506.154504558988
2023-04-24,ATM_002,Rural,3420.594268484436
2023-04-24,ATM_003,Suburban,8472.02436156776
2023-04-24,ATM_004,Suburban,4103.945503546392
2023-04-24,ATM_005,Rural,5098.215920475044
2023-04-24,ATM_006,Urban,8786.571508614537
2023-04-24,ATM_007,Urban,9398.23238367166
2023-04-24,ATM_008,Rural,3368.9995806027064
2023-04-24,ATM_009,Rural,7813.714264180533
2023-04-24,ATM_010,Suburban,8262.544318839542
2023-04-24,ATM_011,Rural,5355.116898122111
2023-04-24,ATM_012,Urban,13190.607795701862
2023-04-24,ATM_013,Rural,7119.339917193762
2023-04-24,ATM_014,Suburban,9748.991008437888
2023-04-24,ATM_015,Suburban,7521.369698625444
2023-04-24,ATM_016,Rural,6513.970343123864
2023-04-24,ATM_017,Suburban,10254.080894635927
2023-04-24,ATM_018,Urban,11706.924079684977
2023-04-24,ATM_019,Urban,9295.825065674328
2023-04-24,ATM_020,Rural,4210.169254910622
2023-04-25,ATM_001,Urban,7317.739091713832
2023-04-25,ATM_002,Rural,6082.199583673646
2023-04-25,ATM_003,Suburban,4679.701663182342
2023-04-25,ATM_004,Suburban,9419.96458725459
2023-04-25,ATM_005,Rural,4984.004199906604
2023-04-25,ATM_006,Urban,12282.607602021195
2023-04-25,ATM_007,Urban,7624.031634685744
2023-04-25,ATM_008,Rural,5649.88715267215
2023-04-25,ATM_009,Rural,8442.865016846023
2023-04-25,ATM_010,Suburban,8659.919164743442
2023-04-25,ATM_011,Rural,8037.332289584282
2023-04-25,ATM_012,Urban,9210.072538813505
2023-04-25,ATM_013,Rural,6954.598754249241
2023-04-25,ATM_014,Suburban,9283.679065923094
2023-04-25,ATM_015,Suburban,8165.836551623324
2023-04-25,ATM_016,Rural,4695.874786396686
2023-04-25,ATM_017,Suburban,9647.755116389137
2023-04-25,ATM_018,Urban,8391.665117829863
2023-04-25,ATM_019,Urban,7648.987752448555
2023-04-25,ATM_020,Rural,3653.3398212651555
2023-04-26,ATM_001,Urban,8079.899842045164
2023-04-26,ATM_002,Rural,5127.325030449293
2023-04-26,ATM_003,Suburban,6173.326336820755
2023-04-26,ATM_004,Suburban,4033.6799572253153
2023-04-26,ATM_005,Rural,5445.611097893423
2023-04-26,ATM_006,Urban,8216.687228338633
2023-04-26,ATM_007,Urban,6396.223551224625
2023-04-26,ATM_008,Rural,5505.769102575988
2023-04-26,ATM_009,Rural,7278.938990021182
2023-04-26,ATM_010,Suburban,8609.498361874646
2023-04-26,ATM_011,Rural,5437.252105092483
2023-04-26,ATM_012,Urban,7785.39158650612
2023-04-26,ATM_013,Rural,4150.968049806072
2023-04-26,ATM_014,Suburban,9246.911119949631
2023-04-26,ATM_015,Suburban,9453.68859217738
2023-04-26,ATM_016,Rural,5741.143013072952
2023-04-26,ATM_017,Suburban,8373.916049273832
2023-04-26,ATM_018,Urban,8621.453003745693
2023-04-26,ATM_019,Urban,9250.004237740068
2023-04-26,ATM_020,Rural,6301.057474208268
2023-04-27,ATM_001,Urban,12233.604656398014
2023-04-27,ATM_002,Rural,6036.000460282355
2023-04-27,ATM_003,Suburban,4438.035406973654
2023-04-27,ATM_004,Suburban,7507.388122149377
2023-04-27,ATM_005,Rural,7447.09583932655
2023-04-27,ATM_006,Urban,7634.24843111099
2023-04-27,ATM_007,Urban,9836.123877920232
2023-04-27,ATM_008,Rural,5707.6054052876125
2023-04-27,ATM_009,Rural,4003.4908136894546
2023-04-27,ATM_010,Suburban,7118.673145948508
2023-04-27,ATM_011,Rural,5718.222360075697
2023-04-27,ATM_012,Urban,8001.184459374776
2023-04-27,ATM_013,Rural,4559.231754313272
2023-04-27,ATM_014,Suburban,5385.747593381051
2023-04-27,ATM_015,Suburban,6251.433960142961
2023-04-27,ATM_016,Rural,3075.8916823177597
2023-04-27,ATM_017,Suburban,10701.270505858549
2023-04-27,ATM_018,Urban,8808.584247040068
2023-04-27,ATM_019,Urban,7841.982447563286
2023-04-27,ATM_020,Rural,6249.5278203431
2023-04-28,ATM_001,Urban,7115.9305668025445
2023-04-28,ATM_002,Rural,6455.583215401525
2023-04-28,ATM_003,Suburban,5397.218474571582
2023-04-28,ATM_004,Suburban,6695.376414930091
2023-04-28,ATM_005,Rural,4835.2071702775465
2023-04-28,ATM_006,Urban,4709.655794793343
2023-04-28,ATM_007,Urban,8239.633010088892
2023-04-28,ATM_008,Rural,3058.6852951150545
2023-04-28,ATM_009,Rural,7830.8382834473105
2023-04-28,ATM_010,Suburban,5754.002316658607
2023-04-28,ATM_011,Rural,5887.831135700925
2023-04-28,ATM_012,Urban,11283.573442614743
2023-04-28,ATM_013,Rural,3843.733024810487
2023-04-28,ATM_014,Suburban,6813.880089175965
2023-04-28,ATM_015,Suburban,9945.47065655342
2023-04-28,ATM_016,Rural,3511.8495746181643
2023-04-28,ATM_017,Suburban,5934.979537620146
2023-04-28,ATM_018,Urban,7815.535479168263
2023-04-28,ATM_019,Urban,7223.328883571422
2023-04-28,ATM_020,Rural,7308.668047536953
2023-04-29,ATM_001,Urban,9251.689753398656
2023-04-29,ATM_002,Rural,5625.844629661724
2023-04-29,ATM_003,Suburban,6796.299575467686
2023-04-29,ATM_004,Suburban,6567.726499195731
2023-04-29,ATM_005,Rural,7997.254212196885
2023-04-29,ATM_006,Urban,10908.004189869256
2023-04-29,ATM_007,Urban,13189.794955268182
2023-04-29,ATM_008,Rural,9484.857515427815
2023-04-29,ATM_009,Rural,8196.703217908422
2023-04-29,ATM_010,Suburban,9568.523633919322
2023-04-29,ATM_011,Rural,7991.556919663984
2023-04-29,ATM_012,Urban,10661.519365467788
2023-04-29,ATM_013,Rural,7193.212234336065
2023-04-29,ATM_014,Suburban,10581.217744468766
2023-04-29,ATM_015,Suburban,5964.347881348744
2023-04-29,ATM_016,Rural,3158.90564022759
2023-04-29,ATM_017,Suburban,9048.223395350758
2023-04-29,ATM_018,Urban,10090.23935533344
2023-04-29,ATM_019,Urban,6916.074440599401
2023-04-29,ATM_020,Rural,9868.581699482287
2023-04-30,ATM_001,Urban,16278.226813103061
2023-04-30,ATM_002,Rural,11796.364843676507
2023-04-30,ATM_003,Suburban,11864.207342943142
2023-04-30,ATM_004,Suburban,15724.459022219398
2023-04-30,ATM_005,Rural,6142.70106683509
2023-04-30,ATM_006,Urban,14565.495887633359
2023-04-30,ATM_007,Urban,12900.60754205614
2023-04-30,ATM_008,Rural,7821.404951546873
2023-04-30,ATM_009,Rural,5152.826489948709
2023-04-30,ATM_010,Suburban,13040.872457147903
2023-04-30,ATM_011,Rural,6204.857443022462
2023-04-30,ATM_012,Urban,12220.48905884185
2023-04-30,ATM_013,Rural,9070.97983145001
2023-04-30,ATM_014,Suburban,8176.4713224570605
2023-04-30,ATM_015,Suburban,13636.80832451669
2023-04-30,ATM_016,Rural,7174.105466830124
2023-04-30,ATM_017,Suburban,15703.48327906905
2023-04-30,ATM_018,Urban,15986.002148085729
2023-04-30,ATM_019,Urban,14568.683997761687
2023-04-30,ATM_020,Rural,10286.705272338235
2023-05-01,ATM_001,Urban,10693.570729028299
2023-05-01,ATM_002,Rural,7760.27850224269
2023-05-01,ATM_003,Suburban,10309.338857709688
2023-05-01,ATM_004,Suburban,8389.2771652036
2023-05-01,ATM_005,Rural,6861.532859012883
2023-05-01,ATM_006,Urban,8557.22291402907
2023-05-01,ATM_007,Urban,12092.324913148614
2023-05-01,ATM_008,Rural,4595.6979556411325
2023-05-01,ATM_009,Rural,6152.645230653961
2023-05-01,ATM_010,Suburban,5125.437853691534
2023-05-01,ATM_011,Rural,4003.7010442481287
2023-05-01,ATM_012,Urban,6641.531301697303
2023-05-01,ATM_013,Rural,8492.984897758506
2023-05-01,ATM_014,Suburban,5065.38418433466
2023-05-01,ATM_015,Suburban,8800.078331732158
2023-05-01,ATM_016,Rural,5151.062789953521
2023-05-01,ATM_017,Suburban,9430.337133074336
2023-05-01,ATM_018,Urban,8513.526068980562
2023-05-01,ATM_019,Urban,11375.544635813752
2023-05-01,ATM_020,Rural,6018.126186503505
2023-05-02,ATM_001,Urban,8701.796378881209
2023-05-02,ATM_002,Rural,3592.154789945609
2023-05-02,ATM_003,Suburban,5387.181888816396
2023-05-02,ATM_004,Suburban,9167.505120857515
2023-05-02,ATM_005,Rural,4161.932238015973
2023-05-02,ATM_006,Urban,8745.837238957913
2023-05-02,ATM_007,Urban,7083.339940380136
2023-05-02,ATM_008,Rural,5249.614299856076
2023-05-02,ATM_009,Rural,4047.583660518545
2023-05-02,ATM_010,Suburban,6147.875286972069
2023-05-02,ATM_011,Rural,7731.023929260369
2023-05-02,ATM_012,Urban,8019.319232177069
2023-05-02,ATM_013,Rural,5390.30695534832
2023-05-02,ATM_014,Suburban,6384.517164375409
2023-05-02,ATM_015,Suburban,9220.156327140707
2023-05-02,ATM_016,Rural,4519.980284595954
2023-05-02,ATM_017,Suburban,6064.169828855626
2023-05-02,ATM_018,Urban,8639.187327526943
2023-05-02,ATM_019,Urban,5747.764165130126
2023-05-02,ATM_020,Rural,6117.546133596037
2023-05-03,ATM_001,Urban,7178.942670891892
2023-05-03,ATM_002,Rural,5788.15510780169
2023-05-03,ATM_003,Suburban,5807.526268241891
2023-05-03,ATM_004,Suburban,4672.768346102044
2023-05-03,ATM_005,Rural,2523.145912226306
2023-05-03,ATM_006,Urban,7834.479376562715
2023-05-03,ATM_007,Urban,9582.676103067317
2023-05-03,ATM_008,Rural,8360.637742407696
2023-05-03,ATM_009,Rural,3823.9493600444903
2023-05-03,ATM_010,Suburban,6673.358660478775
2023-05-03,ATM_011,Rural,4582.382755157564
2023-05-03,ATM_012,Urban,7886.602031098045
2023-05-03,ATM_013,Rural,5354.724438538282
2023-05-03,ATM_014,Suburban,8055.771651751386
2023-05-03,ATM_015,Suburban,9923.213868613075
2023-05-03,ATM_016,Rural,7461.214556058651
2023-05-03,ATM_017,Suburban,9200.537727736433
2023-05-03,ATM_018,Urban,8541.69803473841
2023-05-03,ATM_019,Urban,8647.737430166806
2023-05-03,ATM_020,Rural,2125.8828124121237
2023-05-04,ATM_001,Urban,8230.285028486567
2023-05-04,ATM_002,Rural,3787.4654833655513
2023-05-04,ATM_003,Suburban,7037.203616219434
2023-05-04,ATM_004,Suburban,8930.828625221875
2023-05-04,ATM_005,Rural,6656.650541130157
2023-05-04,ATM_006,Urban,5243.683936484221
2023-05-04,ATM_007,Urban,6046.7758103475435
2023-05-04,ATM_008,Rural,4592.744162287278
2023-05-04,ATM_009,Rural,3789.6527091629778
2023-05-04,ATM_010,Suburban,6070.398405901469
2023-05-04,ATM_011,Rural,6366.562781514189
2023-05-04,ATM_012,Urban,7044.13602092202
2023-05-04,ATM_013,Rural,6855.073488901036
2023-05-04,ATM_014,Suburban,8644.593336508344
2023-05-04,ATM_015,Suburban,6913.836589937449
2023-05-04,ATM_016,Rural,6014.396264366569
2023-05-04,ATM_017,Suburban,8510.385108760503
2023-05-04,ATM_018,Urban,13156.842655766006
2023-05-04,ATM_019,Urban,8055.574755476554
2023-05-04,ATM_020,Rural,5204.041630882919
2023-05-05,ATM_001,Urban,7730.396441376291
2023-05-05,ATM_002,Rural,3423.0781122965113
2023-05-05,ATM_003,Suburban,7492.192999281122
2023-05-05,ATM_004,Suburban,6334.986798919328
2023-05-05,ATM_005,Rural,6898.204758241562
2023-05-05,ATM_006,Urban,7487.454956530296
2023-05-05,ATM_007,Urban,7840.596873002374
2023-05-05,ATM_008,Rural,6234.368329720506
2023-05-05,ATM_009,Rural,6797.557179938747
2023-05-05,ATM_010,Suburban,6763.428867554605
2023-05-05,ATM_011,Rural,7617.978661024459
2023-05-05,ATM_012,Urban,8357.34210085538
2023-05-05,ATM_013,Rural,4893.189911991157
2023-05-05,ATM_014,Suburban,3794.089790062779
2023-05-05,ATM_015,Suburban,7581.83247133318
2023-05-05,ATM_016,Rural,3719.600334663276
2023-05-05,ATM_017,Suburban,8709.946753900553
2023-05-05,ATM_018,Urban,11680.210796180327
2023-05-05,ATM_019,Urban,12650.101059435643
2023-05-05,ATM_020,Rural,7660.460867242775
2023-05-06,ATM_001,Urban,9796.215633789072
2023-05-06,ATM_002,Rural,5351.978421899338
2023-05-06,ATM_003,Suburban,4606.119935070943
2023-05-06,ATM_004,Suburban,8192.60931840814
2023-05-06,ATM_005,Rural,5866.361719345275
2023-05-06,ATM_006,Urban,13341.65107060798
2023-05-06,ATM_007,Urban,11656.843662811858
2023-05-06,ATM_008,Rural,6331.5478100783885
2023-05-06,ATM_009,Rural,4006.663682520212
2023-05-06,ATM_010,Suburban,8096.543646550524
2023-05-06,ATM_011,Rural,6390.965863577217
2023-05-06,ATM_012,Urban,9873.58603554421
2023-05-06,ATM_013,Rural,7692.199987157247
2023-05-06,ATM_014,Suburban,10892.659841443827
2023-05-06,ATM_015,Suburban,9164.695279672966
2023-05-06,ATM_016,Rural,8006.266302010394
2023-05-06,ATM_017,Suburban,7750.428790138992
2023-05-06,ATM_018,Urban,10404.941019395097
2023-05-06,ATM_019,Urban,11164.911832685779
2023-05-06,ATM_020,Rural,6399.8978816632925
2023-05-07,ATM_001,Urban,9428.30251361108
2023-05-07,ATM_002,Rural,6555.594305995244
2023-05-07,ATM_003,Suburban,7829.835804404178
2023-05-07,ATM_004,Suburban,5829.903460266334
2023-05-07,ATM_005,Rural,4576.956961969465
2023-05-07,ATM_006,Urban,11738.294646327191
2023-05-07,ATM_007,Urban,10467.40736032079
2023-05-07,ATM_008,Rural,6683.018196549623
2023-05-07,ATM_009,Rural,3669.5788694101566
2023-05-07,ATM_010,Suburban,12163.561157123604
2023-05-07,ATM_011,Rural,6678.19905252904
2023-05-07,ATM_012,Urban,13563.02661625195
2023-05-07,ATM_013,Rural,6586.738923014633
2023-05-07,ATM_014,Suburban,9386.80081532241
2023-05-07,ATM_015,Suburban,7918.156373928776
2023-05-07,ATM_016,Rural,4304.7869486481495
2023-05-07,ATM_017,Suburban,7247.145896074876
2023-05-07,ATM_018,Urban,12002.304950759042
2023-05-07,ATM_019,Urban,8997.512579339977
2023-05-07,ATM_020,Rural,5614.948659866026
2023-05-08,ATM_001,Urban,7823.67661024779
2023-05-08,ATM_002,Rural,7069.8766129507785
2023-05-08,ATM_003,Suburban,4868.543416024658
2023-05-08,ATM_004,Suburban,8898.93051318517
2023-05-08,ATM_005,Rural,4100.693348867606
2023-05-08,ATM_006,Urban,9494.256251602385
2023-05-08,ATM_007,Urban,12649.757046635652
2023-05-08,ATM_008,Rural,3770.2913659833494
2023-05-08,ATM_009,Rural,7106.335322655835
2023-05-08,ATM_010,Suburban,4647.069630881089
2023-05-08,ATM_011,Rural,2503.27517139277
2023-05-08,ATM_012,Urban,10388.268832447337
2023-05-08,ATM_013,Rural,6023.016927135546
2023-05-08,ATM_014,Suburban,6349.584555317312
2023-05-08,ATM_015,Suburban,7562.504390642902
2023-05-08,ATM_016,Rural,4035.6466796735153
2023-05-08,ATM_017,Suburban,4850.64726083733
2023-05-08,ATM_018,Urban,6034.154196998164
2023-05-08,ATM_019,Urban,5918.247754718758
2023-05-08,ATM_020,Rural,6252.107547410852
2023-05-09,ATM_001,Urban,10538.966284621614
2023-05-09,ATM_002,Rural,7975.484266829457
2023-05-09,ATM_003,Suburban,6893.995036098531
2023-05-09,ATM_004,Suburban,6957.637816577101
2023-05-09,ATM_005,Rural,6494.625727524197
2023-05-09,ATM_006,Urban,7736.6125344651255
2023-05-09,ATM_007,Urban,6903.637276218496
2023-05-09,ATM_008,Rural,5263.983949258228
2023-05-09,ATM_009,Rural,3881.06767347603
2023-05-09,ATM_010,Suburban,6144.706940683608
2023-05-09,ATM_011,Rural,4414.3060106227695
2023-05-09,ATM_012,Urban,7421.337812978521
2023-05-09,ATM_013,Rural,7294.527331697473
2023-05-09,ATM_014,Suburban,5660.500076774332
2023-05-09,ATM_015,Suburban,8321.091675395177
2023-05-09,ATM_016,Rural,8912.28110630378
2023-05-09,ATM_017,Suburban,8275.701114358119
2023-05-09,ATM_018,Urban,11206.304895612813
2023-05-09,ATM_019,Urban,7530.062743306752
2023-05-09,ATM_020,Rural,4008.6865922837587
2023-05-10,ATM_001,Urban,6723.912775382745
2023-05-10,ATM_002,Rural,6557.605659604019
2023-05-10,ATM_003,Suburban,7660.7433987926015
2023-05-10,ATM_004,Suburban,8577.76677813541
2023-05-10,ATM_005,Rural,5879.50620523382
2023-05-10,ATM_006,Urban,5681.034324066883
2023-05-10,ATM_007,Urban,9397.95468355751
2023-05-10,ATM_008,Rural,3761.0746677308716
2023-05-10,ATM_009,Rural,5575.059599709091
2023-05-10,ATM_010,Suburban,10161.181288849826
2023-05-10,ATM_011,Rural,3994.1979532337223
2023-05-10,ATM_012,Urban,8881.763974795731
2023-05-10,ATM_013,Rural,6398.546398305041
2023-05-10,ATM_014,Suburban,8621.537218616533
2023-05-10,ATM_015,Suburban,8256.830663407118
2023-05-10,ATM_016,Rural,6622.678044794076
2023-05-10,ATM_017,Suburban,8921.127998058628
2023-05-10,ATM_018,Urban,8911.02120255674
2023-05-10,ATM_019,Urban,8150.1237211425805
2023-05-10,ATM_020,Rural,3464.6046651366055
2023-05-11,ATM_001,Urban,7576.176322867087
2023-05-11,ATM_002,Rural,5927.179222704878
2023-05-11,ATM_003,Suburban,10345.037165949841
2023-05-11,ATM_004,Suburban,9762.95697792198
2023-05-11,ATM_005,Rural,6564.090186470906
2023-05-11,ATM_006,Urban,8788.05065727554
2023-05-11,ATM_007,Urban,8103.7743840090825
2023-05-11,ATM_008,Rural,4794.311623824446
2023-05-11,ATM_009,Rural,3089.669136081293
2023-05-11,ATM_010,Suburban,6752.505927049137
2023-05-11,ATM_011,Rural,6321.5831350086955
2023-05-11,ATM_012,Urban,7256.131163555529
2023-05-11,ATM_013,Rural,5811.70549121161
2023-05-11,ATM_014,Suburban,6866.738504579712
2023-05-11,ATM_015,Suburban,9707.318843094454
2023-05-11,ATM_016,Rural,6479.964745594299
2023-05-11,ATM_017,Suburban,9791.595188174122
2023-05-11,ATM_018,Urban,8958.657662998028
2023-05-11,ATM_019,Urban,9943.910587396384
2023-05-11,ATM_020,Rural,3254.0865297948358
2023-05-12,ATM_001,Urban,12223.307648684398
2023-05-12,ATM_002,Rural,7832.1742965708845
2023-05-12,ATM_003,Suburban,6544.177121986237
2023-05-12,ATM_004,Suburban,8879.466548044802
2023-05-12,ATM_005,Rural,4820.214783000757
2023-05-12,ATM_006,Urban,9269.175638821946
2023-05-12,ATM_007,Urban,6447.412311560602
2023-05-12,ATM_008,Rural,6083.682503243841
2023-05-12,ATM_009,Rural,5234.782848967701
2023-05-12,ATM_010,Suburban,10611.36451479866
2023-05-12,ATM_011,Rural,3831.3164079879657
2023-05-12,ATM_012,Urban,9409.698096000238
2023-05-12,ATM_013,Rural,5363.340479722906
2023-05-12,ATM_014,Suburban,6870.882342597743
2023-05-12,ATM_015,Suburban,9883.616441216078
2023-05-12,ATM_016,Rural,7086.0138824272135
2023-05-12,ATM_017,Suburban,6837.786500574718
2023-05-12,ATM_018,Urban,9180.836192673512
2023-05-12,ATM_019,Urban,7929.945937045709
2023-05-12,ATM_020,Rural,4505.024577383042
2023-05-13,ATM_001,Urban,12240.861168360523
2023-05-13,ATM_002,Rural,9726.107467724087
2023-05-13,ATM_003,Suburban,10737.856279136933
2023-05-13,ATM_004,Suburban,5094.685785589923
2023-05-13,ATM_005,Rural,5305.983825824094
2023-05-13,ATM_006,Urban,10744.752082367777
2023-05-13,ATM_007,Urban,9576.717369957078
2023-05-13,ATM_008,Rural,4717.596757994606
2023-05-13,ATM_009,Rural,9020.317657214722
2023-05-13,ATM_010,Suburban,7205.252704455484
2023-05-13,ATM_011,Rural,5257.755918067447
2023-05-13,ATM_012,Urban,9342.450042365983
2023-05-13,ATM_013,Rural,7969.4474291501865
2023-05-13,ATM_014,Suburban,5826.64420731844
2023-05-13,ATM_015,Suburban,10463.826936569678
2023-05-13,ATM_016,Rural,8246.705800387937
2023-05-13,ATM_017,Suburban,6641.564702026832
2023-05-13,ATM_018,Urban,14713.31147788005
2023-05-13,ATM_019,Urban,12344.007779543437
2023-05-13,ATM_020,Rural,10169.923466484026
2023-05-14,ATM_001,Urban,12971.114146395932
2023-05-14,ATM_002,Rural,6771.586386797756
2023-05-14,ATM_003,Suburban,7425.34424522593
2023-05-14,ATM_004,Suburban,10299.390397795532
2023-05-14,ATM_005,Rural,2718.269966833964
2023-05-14,ATM_006,Urban,14183.355633630274
2023-05-14,ATM_007,Urban,11713.275747313686
2023-05-14,ATM_008,Rural,7256.2645081101555
2023-05-14,ATM_009,Rural,6892.526281395616
2023-05-14,ATM_010,Suburban,10206.04682914598
2023-05-14,ATM_011,Rural,7122.5415203355415
2023-05-14,ATM_012,Urban,11383.118556968711
2023-05-14,ATM_013,Rural,7646.4164415544055
2023-05-14,ATM_014,Suburban,7929.493394758136
2023-05-14,ATM_015,Suburban,9841.25763458301
2023-05-14,ATM_016,Rural,6695.562065595593
2023-05-14,ATM_017,Suburban,9194.009175656294
2023-05-14,ATM_018,Urban,11414.6860588203
2023-05-14,ATM_019,Urban,10447.354997948956
2023-05-14,ATM_020,Rural,5633.7615533719345
2023-05-15,ATM_001,Urban,9850.677987677838
2023-05-15,ATM_002,Rural,6753.707837565845
2023-05-15,ATM_003,Suburban,7698.15142060095
2023-05-15,ATM_004,Suburban,7940.200935982854
2023-05-15,ATM_005,Rural,5081.13812626095
2023-05-15,ATM_006,Urban,8177.764401839353
2023-05-15,ATM_007,Urban,7560.298191789009
2023-05-15,ATM_008,Rural,4201.998761173177
2023-05-15,ATM_009,Rural,7491.829082795672
2023-05-15,ATM_010,Suburban,8313.036382647193
2023-05-15,ATM_011,Rural,4891.9297201479685
2023-05-15,ATM_012,Urban,9216.985657579387
2023-05-15,ATM_013,Rural,7192.100760301478
2023-05-15,ATM_014,Suburban,7463.252205043093
2023-05-15,ATM_015,Suburban,7160.62836886418
2023-05-15,ATM_016,Rural,4888.173422318331
2023-05-15,ATM_017,Suburban,5003.419196174274
2023-05-15,ATM_018,Urban,6373.506455074392
2023-05-15,ATM_019,Urban,7592.179520250557
2023-05-15,ATM_020,Rural,3334.764945898835
2023-05-16,ATM_001,Urban,11623.74917372776
2023-05-16,ATM_002,Rural,5891.779780423793
2023-05-16,ATM_003,Suburban,9466.648450079698
2023-05-16,ATM_004,Suburban,8163.891736681309
2023-05-16,ATM_005,Rural,3579.4795348845796
2023-05-16,ATM_006,Urban,10263.16549378314
2023-05-16,ATM_007,Urban,7982.039004623464
2023-05-16,ATM_008,Rural,5586.813846070475
2023-05-16,ATM_009,Rural,6824.421008089887
2023-05-16,ATM_010,Suburban,8141.03467255026
2023-05-16,ATM_011,Rural,8092.196331779213
2023-05-16,ATM_012,Urban,6476.284122757153
2023-05-16,ATM_013,Rural,6191.09544766733
2023-05-16,ATM_014,Suburban,5937.413945306247
2023-05-16,ATM_015,Suburban,8698.296348666408
2023-05-16,ATM_016,Rural,4739.8703493766025
2023-05-16,ATM_017,Suburban,4430.795038493194
2023-05-16,ATM_018,Urban,8079.644200377402
2023-05-16,ATM_019,Urban,8374.968922961754
2023-05-16,ATM_020,Rural,4584.774932395573
2023-05-17,ATM_001,Urban,8822.809584316452
2023-05-17,ATM_002,Rural,2208.2806751939756
2023-05-17,ATM_003,Suburban,7708.604100154435
2023-05-17,ATM_004,Suburban,8870.14372597272
2023-05-17,ATM_005,Rural,7303.770970279786
2023-05-17,ATM_006,Urban,9835.791092852038
2023-05-17,ATM_007,Urban,6990.821388849554
2023-05-17,ATM_008,Rural,6696.6845927368395
2023-05-17,ATM_009,Rural,4023.299065942516
2023-05-17,ATM_010,Suburban,6855.937196101602
2023-05-17,ATM_011,Rural,7678.812929345854
2023-05-17,ATM_012,Urban,8423.66393971925
2023-05-17,ATM_013,Rural,6744.980673717361
2023-05-17,ATM_014,Suburban,7312.475267038262
2023-05-17,ATM_015,Suburban,6114.999083990208
2023-05-17,ATM_016,Rural,6532.035671866416
2023-05-17,ATM_017,Suburban,7825.627112795918
2023-05-17,ATM_018,Urban,8730.413045387675
2023-05-17,ATM_019,Urban,7268.017765913455
2023-05-17,ATM_020,Rural,6777.724256005929
2023-05-18,ATM_001,Urban,7720.729243096431
2023-05-18,ATM_002,Rural,2865.6939650698246
2023-05-18,ATM_003,Suburban,8493.141326859715
2023-05-18,ATM_004,Suburban,8795.584165829809
2023-05-18,ATM_005,Rural,7151.466574368512
2023-05-18,ATM_006,Urban,11002.03031905772
2023-05-18,ATM_007,Urban,6464.332148859567
2023-05-18,ATM_008,Rural,4631.963832371757
2023-05-18,ATM_009,Rural,3623.138379684141
2023-05-18,ATM_010,Suburban,8550.78752095735
2023-05-18,ATM_011,Rural,2886.552694223415
2023-05-18,ATM_012,Urban,6517.259491481137
2023-05-18,ATM_013,Rural,5485.718294836286
2023-05-18,ATM_014,Suburban,10345.130821249315
2023-05-18,ATM_015,Suburban,5046.183354741446
2023-05-18,ATM_016,Rural,5381.609269171325
2023-05-18,ATM_017,Suburban,9447.344953458827
2023-05-18,ATM_018,Urban,8608.75402844332
2023-05-18,ATM_019,Urban,11611.134192048443
2023-05-18,ATM_020,Rural,3803.9025535935784
2023-05-19,ATM_001,Urban,7059.107742519729
2023-05-19,ATM_002,Rural,7538.413496502013
2023-05-19,ATM_003,Suburban,7553.380727453576
2023-05-19,ATM_004,Suburban,5722.038155420819
2023-05-19,ATM_005,Rural,7266.466239733472
2023-05-19,ATM_006,Urban,7458.318029765365
2023-05-19,ATM_007,Urban,10138.653243280247
2023-05-19,ATM_008,Rural,5550.744963174536
2023-05-19,ATM_009,Rural,8995.889727717033
2023-05-19,ATM_010,Suburban,5656.761299544756
2023-05-19,ATM_011,Rural,4854.620430541778
2023-05-19,ATM_012,Urban,12460.162231361079
2023-05-19,ATM_013,Rural,5350.628704362311
2023-05-19,ATM_014,Suburban,7515.800511938327
2023-05-19,ATM_015,Suburban,5168.20235171043
2023-05-19,ATM_016,Rural,5371.927548503705
2023-05-19,ATM_017,Suburban,7061.987121593627
2023-05-19,ATM_018,Urban,6819.259422541193
2023-05-19,ATM_019,Urban,7642.253311475548
2023-05-19,ATM_020,Rural,6122.857829438145
2023-05-20,ATM_001,Urban,15055.988856563083
2023-05-20,ATM_002,Rural,4293.785436288002
2023-05-20,ATM_003,Suburban,11130.850243192157
2023-05-20,ATM_004,Suburban,10807.072856307565
2023-05-20,ATM_005,Rural,6342.645422270621
2023-05-20,ATM_006,Urban,11505.975217904403
2023-05-20,ATM_007,Urban,7984.533388018332
2023-05-20,ATM_008,Rural,7190.178160863086
2023-05-20,ATM_009,Rural,4827.18555637164
2023-05-20,ATM_010,Suburban,7179.294786218786
2023-05-20,ATM_011,Rural,5982.778283677949
2023-05-20,ATM_012,Urban,8064.028089835571
2023-05-20,ATM_013,Rural,5334.197550068097
2023-05-20,ATM_014,Suburban,8437.883139829937
2023-05-20,ATM_015,Suburban,9607.385407758422
2023-05-20,ATM_016,Rural,7145.6222243863585
2023-05-20,ATM_017,Suburban,9324.450272169086
2023-05-20,ATM_018,Urban,8954.54804882076
2023-05-20,ATM_019,Urban,10077.570003773797
2023-05-20,ATM_020,Rural,5786.8926005313115
2023-05-21,ATM_001,Urban,11257.118144097953
2023-05-21,ATM_002,Rural,9238.310239955876
2023-05-21,ATM_003,Suburban,9045.92069617335
2023-05-21,ATM_004,Suburban,9443.977316350516
2023-05-21,ATM_005,Rural,7154.911420508758
2023-05-21,ATM_006,Urban,8525.369988100141
2023-05-21,ATM_007,Urban,12114.114367932103
2023-05-21,ATM_008,Rural,5112.104804549827
2023-05-21,ATM_009,Rural,6307.363619931987
2023-05-21,ATM_010,Suburban,6812.659891684039
2023-05-21,ATM_011,Rural,3892.2597555017924
2023-05-21,ATM_012,Urban,6805.973562487763
2023-05-21,ATM_013,Rural,8559.67175961072
2023-05-21,ATM_014,Suburban,7010.833209335498
2023-05-21,ATM_015,Suburban,7081.389763459234
2023-05-21,ATM_016,Rural,8459.705138260459
2023-05-21,ATM_017,Suburban,11244.560174712478
2023-05-21,ATM_018,Urban,10614.098782112562
2023-05-21,ATM_019,Urban,7118.627809440883
2023-05-21,ATM_020,Rural,7473.390577490721
2023-05-22,ATM_001,Urban,10665.865142415974
2023-05-22,ATM_002,Rural,7166.467312872187
2023-05-22,ATM_003,Suburban,7154.887844416454
2023-05-22,ATM_004,Suburban,3653.3679628294367
2023-05-22,ATM_005,Rural,5605.688715692126
2023-05-22,ATM_006,Urban,9850.502037939612
2023-05-22,ATM_007,Urban,9508.606168819468
2023-05-22,ATM_008,Rural,6722.067611648715
2023-05-22,ATM_009,Rural,5632.975064124021
2023-05-22,ATM_010,Suburban,8953.795836360741
2023-05-22,ATM_011,Rural,6141.945846601362
2023-05-22,ATM_012,Urban,10554.180726240791
2023-05-22,ATM_013,Rural,6806.600459789799
2023-05-22,ATM_014,Suburban,9765.68666274803
2023-05-22,ATM_015,Suburban,8578.291653004471
2023-05-22,ATM_016,Rural,3617.6925379380536
2023-05-22,ATM_017,Suburban,6409.319910695074
2023-05-22,ATM_018,Urban,8026.612322555345
2023-05-22,ATM_019,Urban,7007.187359307295
2023-05-22,ATM_020,Rural,5460.280704068978
2023-05-23,ATM_001,Urban,11012.172530045467
2023-05-23,ATM_002,Rural,2871.9285886201037
2023-05-23,ATM_003,Suburban,8517.486860583937
2023-05-23,ATM_004,Suburban,7073.458981280592
2023-05-23,ATM_005,Rural,3615.067272847882
2023-05-23,ATM_006,Urban,7303.925150180888
2023-05-23,ATM_007,Urban,8728.620028805364
2023-05-23,ATM_008,Rural,6937.936480494774
2023-05-23,ATM_009,Rural,4375.88883756435
2023-05-23,ATM_010,Suburban,7974.267195525159
2023-05-23,ATM_011,Rural,6946.444393407833
2023-05-23,ATM_012,Urban,10276.473186785177
2023-05-23,ATM_013,Rural,3149.6714040905044
2023-05-23,ATM_014,Suburban,9858.782567614562
2023-05-23,ATM_015,Suburban,9431.074452523846
2023-05-23,ATM_016,Rural,3580.056172570094
2023-05-23,ATM_017,Suburban,9179.03520055217
2023-05-23,ATM_018,Urban,9924.901704645692
2023-05-23,ATM_019,Urban,7889.21446873293
2023-05-23,ATM_020,Rural,5658.067130255875
2023-05-24,ATM_001,Urban,6243.227817758048
2023-05-24,ATM_002,Rural,5458.878801599371
2023-05-24,ATM_003,Suburban,9505.759562947693
2023-05-24,ATM_004,Suburban,8563.720883303708
2023-05-24,ATM_005,Rural,7107.579901985419
2023-05-24,ATM_006,Urban,11643.616192985548
2023-05-24,ATM_007,Urban,7995.005765382094
2023-05-24,ATM_008,Rural,6886.3308120956835
2023-05-24,ATM_009,Rural,8150.452472241878
2023-05-24,ATM_010,Suburban,5501.9000939748985
2023-05-24,ATM_011,Rural,3601.6028816257412
2023-05-24,ATM_012,Urban,7730.197090810796
2023-05-24,ATM_013,Rural,6569.495273964888
2023-05-24,ATM_014,Suburban,7692.038610963611
2023-05-24,ATM_015,Suburban,8480.01177807983
2023-05-24,ATM_016,Rural,6701.18306379994
2023-05-24,ATM_017,Suburban,6018.774977373157
2023-05-24,ATM_018,Urban,10341.473597225762
2023-05-24,ATM_019,Urban,10492.176541007291
2023-05-24,ATM_020,Rural,3846.4101545279996
2023-05-25,ATM_001,Urban,6447.402433901709
2023-05-25,ATM_002,Rural,5697.653514403342
2023-05-25,ATM_003,Suburban,10186.534602673219
2023-05-25,ATM_004,Suburban,4615.2355815897035
2023-05-25,ATM_005,Rural,7608.187612642475
2023-05-25,ATM_006,Urban,8195.867404022953
2023-05-25,ATM_007,Urban,6648.895534509083
2023-05-25,ATM_008,Rural,5656.195117975125
2023-05-25,ATM_009,Rural,5878.421988309366
2023-05-25,ATM_010,Suburban,9938.068185466203
2023-05-25,ATM_011,Rural,4606.7441300336795
2023-05-25,ATM_012,Urban,8893.092043543958
2023-05-25,ATM_013,Rural,6483.79483875792
2023-05-25,ATM_014,Suburban,8591.808184343814
2023-05-25,ATM_015,Suburban,9196.858442829098
2023-05-25,ATM_016,Rural,5269.927669224575
2023-05-25,ATM_017,Suburban,5218.951506436575
2023-05-25,ATM_018,Urban,9420.857740339621
2023-05-25,ATM_019,Urban,11516.773333977675
2023-05-25,ATM_020,Rural,5327.207652433207
2023-05-26,ATM_001,Urban,5617.580592855843
2023-05-26,ATM_002,Rural,3457.482638449943
2023-05-26,ATM_003,Suburban,9357.318631682972
2023-05-26,ATM_004,Suburban,8420.526479137858
2023-05-26,ATM_005,Rural,6826.160216621085
2023-05-26,ATM_006,Urban,10503.895563369788
2023-05-26,ATM_007,Urban,11113.239009565346
2023-05-26,ATM_008,Rural,4678.443134980514
2023-05-26,ATM_009,Rural,5552.814507133475
2023-05-26,ATM_010,Suburban,6168.551218976243
2023-05-26,ATM_011,Rural,4158.574642652891
2023-05-26,ATM_012,Urban,7569.721149768225
2023-05-26,ATM_013,Rural,5533.151166619538
2023-05-26,ATM_014,Suburban,7670.292641823389
2023-05-26,ATM_015,Suburban,8938.353511340823
2023-05-26,ATM_016,Rural,3219.419149497724
2023-05-26,ATM_017,Suburban,9085.327062940265
2023-05-26,ATM_018,Urban,7782.947461029271
2023-05-26,ATM_019,Urban,5057.547542331018
2023-05-26,ATM_020,Rural,4407.967153464204
2023-05-27,ATM_001,Urban,6654.677099793553
2023-05-27,ATM_002,Rural,5425.040890588499
2023-05-27,ATM_003,Suburban,9122.937096801874
2023-05-27,ATM_004,Suburban,6858.218313197225
2023-05-27,ATM_005,Rural,4019.71934281541
2023-05-27,ATM_006,Urban,9354.678795028836
2023-05-27,ATM_007,Urban,10202.695444501183
2023-05-27,ATM_008,Rural,5734.70701398498
2023-05-27,ATM_009,Rural,8788.681029474305
2023-05-27,ATM_010,Suburban,5872.690750361189
2023-05-27,ATM_011,Rural,4513.091608609208
2023-05-27,ATM_012,Urban,10870.944371852009
2023-05-27,ATM_013,Rural,5996.165750806496
2023-05-27,ATM_014,Suburban,12258.939549999019
2023-05-27,ATM_015,Suburban,9598.343566043155
2023-05-27,ATM_016,Rural,6411.341956005026
2023-05-27,ATM_017,Suburban,8997.05354901032
2023-05-27,ATM_018,Urban,7123.80716107636
2023-05-27,ATM_019,Urban,8563.122807378108
2023-05-27,ATM_020,Rural,5303.799485334859
2023-05-28,ATM_001,Urban,9876.54363847229
2023-05-28,ATM_002,Rural,7811.540949095625
2023-05-28,ATM_003,Suburban,8643.911180843208
2023-05-28,ATM_004,Suburban,7451.126723003964
2023-05-28,ATM_005,Rural,4461.830824192643
2023-05-28,ATM_006,Urban,11540.36809016617
2023-05-28,ATM_007,Urban,12756.047424092716
2023-05-28,ATM_008,Rural,9713.374792605238
2023-05-28,ATM_009,Rural,9576.56886935726
2023-05-28,ATM_010,Suburban,9220.640981457527
2023-05-28,ATM_011,Rural,5900.785266043509
2023-05-28,ATM_012,Urban,14023.077721642598
2023-05-28,ATM_013,Rural,10340.167295429124
2023-05-28,ATM_014,Suburban,10071.557725331879
2023-05-28,ATM_015,Suburban,9317.895236199707
2023-05-28,ATM_016,Rural,4226.679915173798
2023-05-28,ATM_017,Suburban,10426.023729403656
2023-05-28,ATM_018,Urban,8926.59660232968
2023-05-28,ATM_019,Urban,9664.403471432037
2023-05-28,ATM_020,Rural,5488.853983973757
2023-05-29,ATM_001,Urban,7320.561593428202
2023-05-29,ATM_002,Rural,4150.00090385464
2023-05-29,ATM_003,Suburban,9012.456821587122
2023-05-29,ATM_004,Suburban,7225.732113884425
2023-05-29,ATM_005,Rural,6794.11776034247
2023-05-29,ATM_006,Urban,12694.603925007006
2023-05-29,ATM_007,Urban,11346.14386270568
2023-05-29,ATM_008,Rural,6187.866627062364
2023-05-29,ATM_009,Rural,6846.95641772799
2023-05-29,ATM_010,Suburban,6734.540132278403
2023-05-29,ATM_011,Rural,3895.048045102929
2023-05-29,ATM_012,Urban,8596.082595176993
2023-05-29,ATM_013,Rural,4403.227656823461
2023-05-29,ATM_014,Suburban,10159.679866174423
2023-05-29,ATM_015,Suburban,4919.173386936279
2023-05-29,ATM_016,Rural,2842.7161846451695
2023-05-29,ATM_017,Suburban,7913.677163191226
2023-05-29,ATM_018,Urban,12254.087527960679
2023-05-29,ATM_019,Urban,9518.279516367424
2023-05-29,ATM_020,Rural,5065.114728153839
2023-05-30,ATM_001,Urban,9108.48473866405
2023-05-30,ATM_002,Rural,4918.478044732447
2023-05-30,ATM_003,Suburban,5223.753026480058
2023-05-30,ATM_004,Suburban,5752.899762045855
2023-05-30,ATM_005,Rural,8893.93683900071
2023-05-30,ATM_006,Urban,6611.4768516779
2023-05-30,ATM_007,Urban,8857.54276916614
2023-05-30,ATM_008,Rural,4186.1379543003295
2023-05-30,ATM_009,Rural,6131.2945126135755
2023-05-30,ATM_010,Suburban,6688.96378930539
2023-05-30,ATM_011,Rural,8517.496448741605
2023-05-30,ATM_012,Urban,8002.525512906276
2023-05-30,ATM_013,Rural,3439.0552121580913
2023-05-30,ATM_014,Suburban,8889.516118838297
2023-05-30,ATM_015,Suburban,5913.183673977016
2023-05-30,ATM_016,Rural,4018.6999843448148
2023-05-30,ATM_017,Suburban,7476.391908573006
2023-05-30,ATM_018,Urban,9622.222975735593
2023-05-30,ATM_019,Urban,7832.930961401826
2023-05-30,ATM_020,Rural,3928.241819728919
2023-05-31,ATM_001,Urban,11185.608191274812
2023-05-31,ATM_002,Rural,3869.825884191416
2023-05-31,ATM_003,Suburban,6412.36665994131
2023-05-31,ATM_004,Suburban,9265.156324311776
2023-05-31,ATM_005,Rural,5900.7785042963105
2023-05-31,ATM_006,Urban,9991.743987832802
2023-05-31,ATM_007,Urban,16526.383742613318
2023-05-31,ATM_008,Rural,4790.1334539257
2023-05-31,ATM_009,Rural,8262.621790975332
2023-05-31,ATM_010,Suburban,13467.411628000656
2023-05-31,ATM_011,Rural,7241.764008498716
2023-05-31,ATM_012,Urban,13067.610003750873
2023-05-31,ATM_013,Rural,7745.85022586331
2023-05-31,ATM_014,Suburban,8690.666698433179
2023-05-31,ATM_015,Suburban,6642.679151564224
2023-05-31,ATM_016,Rural,6449.130509805914
2023-05-31,ATM_017,Suburban,12152.00923183132
2023-05-31,ATM_018,Urban,11982.60091764514
2023-05-31,ATM_019,Urban,16828.866123461037
2023-05-31,ATM_020,Rural,8532.723093047423
2023-06-01,ATM_001,Urban,7764.881187282263
2023-06-01,ATM_002,Rural,4698.517464836397
2023-06-01,ATM_003,Suburban,6194.667399566099
2023-06-01,ATM_004,Suburban,7261.350587893855
2023-06-01,ATM_005,Rural,5092.278755211212
2023-06-01,ATM_006,Urban,8410.591659697526
2023-06-01,ATM_007,Urban,5627.46799394834
2023-06-01,ATM_008,Rural,4088.9334147797354
2023-06-01,ATM_009,Rural,3726.9337968880022
2023-06-01,ATM_010,Suburban,7344.183167974334
2023-06-01,ATM_011,Rural,3696.17099925408
2023-06-01,ATM_012,Urban,9409.98898490968
2023-06-01,ATM_013,Rural,4813.301950931213
2023-06-01,ATM_014,Suburban,6252.618627441418
2023-06-01,ATM_015,Suburban,9654.6765560278
2023-06-01,ATM_016,Rural,7974.236657365509
2023-06-01,ATM_017,Suburban,9373.406748568921
2023-06-01,ATM_018,Urban,10032.379507125968
2023-06-01,ATM_019,Urban,7571.3753378517085
2023-06-01,ATM_020,Rural,6731.294749593722
2023-06-02,ATM_001,Urban,7665.063028929173
2023-06-02,ATM_002,Rural,6203.5406252391
2023-06-02,ATM_003,Suburban,9262.112578452636
2023-06-02,ATM_004,Suburban,7142.3013364207
2023-06-02,ATM_005,Rural,6894.908867723087
2023-06-02,ATM_006,Urban,8905.973878457025
2023-06-02,ATM_007,Urban,6491.66870285597
2023-06-02,ATM_008,Rural,5499.94715793762
2023-06-02,ATM_009,Rural,4670.3358563473
2023-06-02,ATM_010,Suburban,7034.452661482555
2023-06-02,ATM_011,Rural,3522.990058653106
2023-06-02,ATM_012,Urban,7447.794151993308
2023-06-02,ATM_013,Rural,4160.933964133231
2023-06-02,ATM_014,Suburban,8564.879789833358
2023-06-02,ATM_015,Suburban,8705.914930982439
2023-06-02,ATM_016,Rural,6803.214234401634
2023-06-02,ATM_017,Suburban,5827.126209071832
2023-06-02,ATM_018,Urban,7504.677194849304
2023-06-02,ATM_019,Urban,11236.680188886612
2023-06-02,ATM_020,Rural,5751.504738713037
2023-06-03,ATM_001,Urban,7943.565041649934
2023-06-03,ATM_002,Rural,7897.320814363694
2023-06-03,ATM_003,Suburban,12639.913188692924
2023-06-03,ATM_004,Suburban,6079.7019938577905
2023-06-03,ATM_005,Rural,6772.215103497235
2023-06-03,ATM_006,Urban,11664.283138187666
2023-06-03,ATM_007,Urban,9853.434619115105
2023-06-03,ATM_008,Rural,4764.067382361594
2023-06-03,ATM_009,Rural,9593.4114980079
2023-06-03,ATM_010,Suburban,6441.982484150826
2023-06-03,ATM_011,Rural,7073.969936946527
2023-06-03,ATM_012,Urban,10791.724409977302
2023-06-03,ATM_013,Rural,6140.135443744045
2023-06-03,ATM_014,Suburban,9655.17980476458
2023-06-03,ATM_015,Suburban,8675.168928566174
2023-06-03,ATM_016,Rural,8491.076839795682
2023-06-03,ATM_017,Suburban,8592.028732140776
2023-06-03,ATM_018,Urban,11368.231825486333
2023-06-03,ATM_019,Urban,7075.10911036363
2023-06-03,ATM_020,Rural,5102.519591958298
2023-06-04,ATM_001,Urban,8821.054513552117
2023-06-04,ATM_002,Rural,5405.0799481623935
2023-06-04,ATM_003,Suburban,10247.687952000662
2023-06-04,ATM_004,Suburban,10047.988404844005
2023-06-04,ATM_005,Rural,5080.017703274854
2023-06-04,ATM_006,Urban,8150.876632268288
2023-06-04,ATM_007,Urban,7179.5209996289295
2023-06-04,ATM_008,Rural,5128.562312756348
2023-06-04,ATM_009,Rural,7836.874576399473
2023-06-04,ATM_010,Suburban,11674.015395508004
2023-06-04,ATM_011,Rural,6970.060989620341
2023-06-04,ATM_012,Urban,10505.963610355066
2023-06-04,ATM_013,Rural,6448.541907188367
2023-06-04,ATM_014,Suburban,7371.938626974177
2023-06-04,ATM_015,Suburban,7136.897497709663
2023-06-04,ATM_016,Rural,5356.85177955217
2023-06-04,ATM_017,Suburban,10162.835056285918
2023-06-04,ATM_018,Urban,9122.303565100525
2023-06-04,ATM_019,Urban,12164.849427323312
2023-06-04,ATM_020,Rural,4166.24180758658
2023-06-05,ATM_001,Urban,9658.821745850546
2023-06-05,ATM_002,Rural,6688.591510102731
2023-06-05,ATM_003,Suburban,10037.413996912836
2023-06-05,ATM_004,Suburban,9610.328628737012
2023-06-05,ATM_005,Rural,5159.158110295361
2023-06-05,ATM_006,Urban,6922.302731924097
2023-06-05,ATM_007,Urban,9074.857515248703
2023-06-05,ATM_008,Rural,7056.262195337464
2023-06-05,ATM_009,Rural,6821.306296449313
2023-06-05,ATM_010,Suburban,7437.11041813575
2023-06-05,ATM_011,Rural,5656.339217807127
2023-06-05,ATM_012,Urban,7757.172462447159
2023-06-05,ATM_013,Rural,4697.51143942967
2023-06-05,ATM_014,Suburban,9675.918005378935
2023-06-05,ATM_015,Suburban,7993.504727434463
2023-06-05,ATM_016,Rural,4532.690636055629
2023-06-05,ATM_017,Suburban,8273.731066519222
2023-06-05,ATM_018,Urban,8161.148729047682
2023-06-05,ATM_019,Urban,6538.13053412423
2023-06-05,ATM_020,Rural,6582.5981008485205
2023-06-06,ATM_001,Urban,12197.54046636395
2023-06-06,ATM_002,Rural,4810.140395167578
2023-06-06,ATM_003,Suburban,6708.2611118303785
2023-06-06,ATM_004,Suburban,5509.361540279145
2023-06-06,ATM_005,Rural,3054.61414811563
2023-06-06,ATM_006,Urban,6825.775460264422
2023-06-06,ATM_007,Urban,9643.371240146873
2023-06-06,ATM_008,Rural,6428.300024973339
2023-06-06,ATM_009,Rural,3179.4431831490433
2023-06-06,ATM_010,Suburban,9135.180759078765
2023-06-06,ATM_011,Rural,4507.93540897392
2023-06-06,ATM_012,Urban,9333.006675493074
2023-06-06,ATM_013,Rural,7490.343324417336
2023-06-06,ATM_014,Suburban,8334.210552814366
2023-06-06,ATM_015,Suburban,5082.052882506351
2023-06-06,ATM_016,Rural,6503.057139837336
2023-06-06,ATM_017,Suburban,6518.658355182905
2023-06-06,ATM_018,Urban,8009.025064691325
2023-06-06,ATM_019,Urban,9604.184863548291
2023-06-06,ATM_020,Rural,4916.602307847794
2023-06-07,ATM_001,Urban,10038.502075808863
2023-06-07,ATM_002,Rural,7151.918957099291
2023-06-07,ATM_003,Suburban,7505.030218865481
2023-06-07,ATM_004,Suburban,6130.029838837813
2023-06-07,ATM_005,Rural,5341.907216160971
2023-06-07,ATM_006,Urban,9957.377888055598
2023-06-07,ATM_007,Urban,9397.771365993214
2023-06-07,ATM_008,Rural,4451.394337402274
2023-06-07,ATM_009,Rural,6437.116624713384
2023-06-07,ATM_010,Suburban,6108.065783573246
2023-06-07,ATM_011,Rural,7442.515347959996
2023-06-07,ATM_012,Urban,9118.481844082602
2023-06-07,ATM_013,Rural,6077.06334165252
2023-06-07,ATM_014,Suburban,10411.655489823639
2023-06-07,ATM_015,Suburban,8998.500403724363
2023-06-07,ATM_016,Rural,5485.231550655267
2023-06-07,ATM_017,Suburban,4077.4000952411125
2023-06-07,ATM_018,Urban,9014.738475860036
2023-06-07,ATM_019,Urban,8159.53777146529
2023-06-07,ATM_020,Rural,7047.3122726073525
2023-06-08,ATM_001,Urban,9869.84923827364
2023-06-08,ATM_002,Rural,4208.309819372658
2023-06-08,ATM_003,Suburban,6531.882662063622
2023-06-08,ATM_004,Suburban,8136.800405719717
2023-06-08,ATM_005,Rural,5558.1385108517825
2023-06-08,ATM_006,Urban,12459.121174383316
2023-06-08,ATM_007,Urban,7202.262044832674
2023-06-08,ATM_008,Rural,7250.948464642271
2023-06-08,ATM_009,Rural,3035.3013683459944
2023-06-08,ATM_010,Suburban,8573.614951803369
2023-06-08,ATM_011,Rural,4621.21853261547
2023-06-08,ATM_012,Urban,11144.19593794536
2023-06-08,ATM_013,Rural,7678.158179566761
2023-06-08,ATM_014,Suburban,5451.532058509118
2023-06-08,ATM_015,Suburban,10555.569304506964
2023-06-08,ATM_016,Rural,5478.990487027772
2023-06-08,ATM_017,Suburban,7999.277745643816
2023-06-08,ATM_018,Urban,7670.160630603572
2023-06-08,ATM_019,Urban,12111.111298858135
2023-06-08,ATM_020,Rural,3395.1185232882103
2023-06-09,ATM_001,Urban,8168.490664770952
2023-06-09,ATM_002,Rural,6589.200703169174
2023-06-09,ATM_003,Suburban,6606.843310793677
2023-06-09,ATM_004,Suburban,5388.822578155809
2023-06-09,ATM_005,Rural,7502.427635334508
2023-06-09,ATM_006,Urban,11416.06502560408
2023-06-09,ATM_007,Urban,8028.977450794065
2023-06-09,ATM_008,Rural,7697.47279939781
2023-06-09,ATM_009,Rural,6567.587251186199
2023-06-09,ATM_010,Suburban,8906.018094606863
2023-06-09,ATM_011,Rural,5639.270142739411
2023-06-09,ATM_012,Urban,4791.256134089524
2023-06-09,ATM_013,Rural,7237.827773353837
2023-06-09,ATM_014,Suburban,8839.031719189086
2023-06-09,ATM_015,Suburban,6815.061574307578
2023-06-09,ATM_016,Rural,8401.960541589136
2023-06-09,ATM_017,Suburban,6981.619723575477
2023-06-09,ATM_018,Urban,6452.553453316958
2023-06-09,ATM_019,Urban,8607.150254765655
2023-06-09,ATM_020,Rural,7657.498496513909
2023-06-10,ATM_001,Urban,9717.711521581316
2023-06-10,ATM_002,Rural,8721.520066626594
2023-06-10,ATM_003,Suburban,8751.791809985223
2023-06-10,ATM_004,Suburban,9799.27302090181
2023-06-10,ATM_005,Rural,8313.526718462954
2023-06-10,ATM_006,Urban,10667.432343182025
2023-06-10,ATM_007,Urban,11931.507907578554
2023-06-10,ATM_008,Rural,5877.659999133968
2023-06-10,ATM_009,Rural,4350.206469362857
2023-06-10,ATM_010,Suburban,8379.766146525513
2023-06-10,ATM_011,Rural,3533.3384211380776
2023-06-10,ATM_012,Urban,9240.14964681756
2023-06-10,ATM_013,Rural,8636.680053938628
2023-06-10,ATM_014,Suburban,10103.695474138975
2023-06-10,ATM_015,Suburban,8153.632080738725
2023-06-10,ATM_016,Rural,6173.783119204215
2023-06-10,ATM_017,Suburban,7673.5600859429405
2023-06-10,ATM_018,Urban,13532.35112351081
2023-06-10,ATM_019,Urban,10800.569267795272
2023-06-10,ATM_020,Rural,10042.720392544252
2023-06-11,ATM_001,Urban,9814.589929436856
2023-06-11,ATM_002,Rural,9300.951575535453
2023-06-11,ATM_003,Suburban,11334.490542373715
2023-06-11,ATM_004,Suburban,6779.797362310203
2023-06-11,ATM_005,Rural,5551.608854874345
2023-06-11,ATM_006,Urban,6496.884669209244
2023-06-11,ATM_007,Urban,14755.781202848757
2023-06-11,ATM_008,Rural,5910.297437996108
2023-06-11,ATM_009,Rural,8076.676232447743
2023-06-11,ATM_010,Suburban,6966.402669610592
2023-06-11,ATM_011,Rural,8446.485335539737
2023-06-11,ATM_012,Urban,9202.054795077129
2023-06-11,ATM_013,Rural,4912.77560336347
2023-06-11,ATM_014,Suburban,7275.748993345131
2023-06-11,ATM_015,Suburban,7033.766351587918
2023-06-11,ATM_016,Rural,4468.698932449008
2023-06-11,ATM_017,Suburban,10849.617208167383
2023-06-11,ATM_018,Urban,9799.119696028294
2023-06-11,ATM_019,Urban,11421.05534615026
2023-06-11,ATM_020,Rural,8076.748541723181
2023-06-12,ATM_001,Urban,9559.16700399964
2023-06-12,ATM_002,Rural,3536.468289147178
2023-06-12,ATM_003,Suburban,6879.983105720602
2023-06-12,ATM_004,Suburban,6401.809096310311
2023-06-12,ATM_005,Rural,3235.858345958788
2023-06-12,ATM_006,Urban,5577.371580735602
2023-06-12,ATM_007,Urban,8125.423120900228
2023-06-12,ATM_008,Rural,5717.105259390588
2023-06-12,ATM_009,Rural,7141.117518660725
2023-06-12,ATM_010,Suburban,7592.353507533972
2023-06-12,ATM_011,Rural,3409.3299242006638
2023-06-12,ATM_012,Urban,8001.863071683185
2023-06-12,ATM_013,Rural,7359.908886886845
2023-06-12,ATM_014,Suburban,5329.22102113732
2023-06-12,ATM_015,Suburban,7827.367064676957
2023-06-12,ATM_016,Rural,9211.044982963962
2023-06-12,ATM_017,Suburban,6951.1424791264135
2023-06-12,ATM_018,Urban,6513.579472688585
2023-06-12,ATM_019,Urban,11505.049980773432
2023-06-12,ATM_020,Rural,4034.5047782709435
2023-06-13,ATM_001,Urban,8418.310774287695
2023-06-13,ATM_002,Rural,3785.815411213128
2023-06-13,ATM_003,Suburban,8316.677462886257
2023-06-13,ATM_004,Suburban,9594.04720906446
2023-06-13,ATM_005,Rural,6801.3614929447685
2023-06-13,ATM_006,Urban,9949.581830745012
2023-06-13,ATM_007,Urban,9433.665769126017
2023-06-13,ATM_008,Rural,4299.619711067724
2023-06-13,ATM_009,Rural,3347.6605619513984
2023-06-13,ATM_010,Suburban,9786.609696385955
2023-06-13,ATM_011,Rural,3335.064884140683
2023-06-13,ATM_012,Urban,9154.256761474358
2023-06-13,ATM_013,Rural,3836.1809285500976
2023-06-13,ATM_014,Suburban,9921.402430087635
2023-06-13,ATM_015,Suburban,7046.535388854027
2023-06-13,ATM_016,Rural,6207.544406634146
2023-06-13,ATM_017,Suburban,5313.049858721765
2023-06-13,ATM_018,Urban,9757.571194371618
2023-06-13,ATM_019,Urban,7931.771565080841
2023-06-13,ATM_020,Rural,4569.899760894748
2023-06-14,ATM_001,Urban,6060.369754780231
2023-06-14,ATM_002,Rural,5071.649434560282
2023-06-14,ATM_003,Suburban,7454.966557956911
2023-06-14,ATM_004,Suburban,10434.175481644099
2023-06-14,ATM_005,Rural,7335.640144314999
2023-06-14,ATM_006,Urban,8541.461006178159
2023-06-14,ATM_007,Urban,10620.394525796644
2023-06-14,ATM_008,Rural,7227.489117546811
2023-06-14,ATM_009,Rural,5594.855246068844
2023-06-14,ATM_010,Suburban,6425.938613150725
2023-06-14,ATM_011,Rural,5210.24816253094
2023-06-14,ATM_012,Urban,8281.407480534772
2023-06-14,ATM_013,Rural,5362.9540972339855
2023-06-14,ATM_014,Suburban,5859.443276838346
2023-06-14,ATM_015,Suburban,9263.177699039676
2023-06-14,ATM_016,Rural,6625.686875063338
2023-06-14,ATM_017,Suburban,8999.67826651156
2023-06-14,ATM_018,Urban,10022.133898773098
2023-06-14,ATM_019,Urban,5829.117376213338
2023-06-14,ATM_020,Rural,5504.246497087568
2023-06-15,ATM_001,Urban,10524.97065112283
2023-06-15,ATM_002,Rural,5305.043558473348
2023-06-15,ATM_003,Suburban,7070.826202518
2023-06-15,ATM_004,Suburban,8638.019495714952
2023-06-15,ATM_005,Rural,4061.8333522884122
2023-06-15,ATM_006,Urban,10166.010236601001
2023-06-15,ATM_007,Urban,8975.175551133523
2023-06-15,ATM_008,Rural,7885.171901035487
2023-06-15,ATM_009,Rural,7643.851499310779
2023-06-15,ATM_010,Suburban,8572.478912034332
2023-06-15,ATM_011,Rural,5821.256151267846
2023-06-15,ATM_012,Urban,7667.110681096985
2023-06-15,ATM_013,Rural,4504.423758650132
2023-06-15,ATM_014,Suburban,6696.927727961263
2023-06-15,ATM_015,Suburban,5223.763790805827
2023-06-15,ATM_016,Rural,3678.311533929434
2023-06-15,ATM_017,Suburban,7483.275022246062
2023-06-15,ATM_018,Urban,9174.13232941548
2023-06-15,ATM_019,Urban,7518.529374764047
2023-06-15,ATM_020,Rural,5739.50174146776
2023-06-16,ATM_001,Urban,10592.887195612175
2023-06-16,ATM_002,Rural,4812.7705167641925
2023-06-16,ATM_003,Suburban,7368.071778501494
2023-06-16,ATM_004,Suburban,6424.271755653545
2023-06-16,ATM_005,Rural,2327.4104552905046
2023-06-16,ATM_006,Urban,10564.801050571445
2023-06-16,ATM_007,Urban,7537.152198756778
2023-06-16,ATM_008,Rural,5672.1094023184
2023-06-16,ATM_009,Rural,6180.773269202708
2023-06-16,ATM_010,Suburban,5865.351487391254
2023-06-16,ATM_011,Rural,7954.382089751686
2023-06-16,ATM_012,Urban,10890.15117612806
2023-06-16,ATM_013,Rural,4153.460295722225
2023-06-16,ATM_014,Suburban,7737.112060539113
2023-06-16,ATM_015,Suburban,7585.628421715689
2023-06-16,ATM_016,Rural,3276.359143635445
2023-06-16,ATM_017,Suburban,9042.745174587431
2023-06-16,ATM_018,Urban,11646.246003324071
2023-06-16,ATM_019,Urban,8851.20661578779
2023-06-16,ATM_020,Rural,5404.987385957005
2023-06-17,ATM_001,Urban,11720.660509963187
2023-06-17,ATM_002,Rural,9445.684219474946
2023-06-17,ATM_003,Suburban,8413.027207631676
2023-06-17,ATM_004,Suburban,9581.830960577936
2023-06-17,ATM_005,Rural,3964.6044859965573
2023-06-17,ATM_006,Urban,7046.724766819215
2023-06-17,ATM_007,Urban,10652.130062659235
2023-06-17,ATM_008,Rural,3422.103240762313
2023-06-17,ATM_009,Rural,5345.034114275864
2023-06-17,ATM_010,Suburban,5346.620761577901
2023-06-17,ATM_011,Rural,5176.157778777259
2023-06-17,ATM_012,Urban,9975.300832113639
2023-06-17,ATM_013,Rural,9964.159527926275
2023-06-17,ATM_014,Suburban,9884.099478289234
2023-06-17,ATM_015,Suburban,6094.872350499312
2023-06-17,ATM_016,Rural,6548.649217582846
2023-06-17,ATM_017,Suburban,9596.373633979374
2023-06-17,ATM_018,Urban,11401.50414716789
2023-06-17,ATM_019,Urban,7483.861055607931
2023-06-17,ATM_020,Rural,4462.8523590094555
2023-06-18,ATM_001,Urban,5381.685284341712
2023-06-18,ATM_002,Rural,8956.444421905993
2023-06-18,ATM_003,Suburban,9172.279253048047
2023-06-18,ATM_004,Suburban,9076.88532998835
2023-06-18,ATM_005,Rural,9098.614003306178
2023-06-18,ATM_006,Urban,8638.919454453082
2023-06-18,ATM_007,Urban,9181.721398199808
2023-06-18,ATM_008,Rural,8951.916648782582
2023-06-18,ATM_009,Rural,6247.594216679616
2023-06-18,ATM_010,Suburban,6613.189887629421
2023-06-18,ATM_011,Rural,5970.518811027021
2023-06-18,ATM_012,Urban,9152.967743781519
2023-06-18,ATM_013,Rural,6407.790803982726
2023-06-18,ATM_014,Suburban,12078.88952367034
2023-06-18,ATM_015,Suburban,11840.78002522378
2023-06-18,ATM_016,Rural,6204.05909999508
2023-06-18,ATM_017,Suburban,8666.567495231766
2023-06-18,ATM_018,Urban,12311.96863784824
2023-06-18,ATM_019,Urban,7720.2456166908405
2023-06-18,ATM_020,Rural,7503.887909773797
2023-06-19,ATM_001,Urban,12421.059757876214
2023-06-19,ATM_002,Rural,4410.787695201753
2023-06-19,ATM_003,Suburban,5231.355022922024
2023-06-19,ATM_004,Suburban,5591.262351793348
2023-06-19,ATM_005,Rural,7037.728012157708
2023-06-19,ATM_006,Urban,7690.8887880530165
2023-06-19,ATM_007,Urban,10105.071084905605
2023-06-19,ATM_008,Rural,3904.5343186168393
2023-06-19,ATM_009,Rural,7147.935763982622
2023-06-19,ATM_010,Suburban,7950.030341951143
2023-06-19,ATM_011,Rural,4460.807540951369
2023-06-19,ATM_012,Urban,8825.671347243675
2023-06-19,ATM_013,Rural,4907.364584882084
2023-06-19,ATM_014,Suburban,7241.591897951291
2023-06-19,ATM_015,Suburban,8826.210303707201
2023-06-19,ATM_016,Rural,5214.387834771269
2023-06-19,ATM_017,Suburban,6194.187055871949
2023-06-19,ATM_018,Urban,11323.471546614655
2023-06-19,ATM_019,Urban,7957.873897705031
2023-06-19,ATM_020,Rural,6618.560602851133
2023-06-20,ATM_001,Urban,10370.254365874049
2023-06-20,ATM_002,Rural,3009.9547181621906
2023-06-20,ATM_003,Suburban,7927.498761142775
2023-06-20,ATM_004,Suburban,5965.1862422776885
2023-06-20,ATM_005,Rural,5124.398152372896
2023-06-20,ATM_006,Urban,7514.702848495962
2023-06-20,ATM_007,Urban,7454.154205306884
2023-06-20,ATM_008,Rural,3669.8652233162143
2023-06-20,ATM_009,Rural,5042.948216731723
2023-06-20,ATM_010,Suburban,8402.618685413441
2023-06-20,ATM_011,Rural,8141.513886055662
2023-06-20,ATM_012,Urban,9813.392819601164
2023-06-20,ATM_013,Rural,6249.920829178509
2023-06-20,ATM_014,Suburban,6905.421625294873
2023-06-20,ATM_015,Suburban,7661.690018753726
2023-06-20,ATM_016,Rural,2540.9832825649123
2023-06-20,ATM_017,Suburban,10591.4974931993
2023-06-20,ATM_018,Urban,10307.308307567304
2023-06-20,ATM_019,Urban,10396.815382429999
2023-06-20,ATM_020,Rural,4038.2633631130275
2023-06-21,ATM_001,Urban,10250.038629944962
2023-06-21,ATM_002,Rural,3217.32803685864
2023-06-21,ATM_003,Suburban,5213.144099771287
2023-06-21,ATM_004,Suburban,5399.762244675905
2023-06-21,ATM_005,Rural,8142.710509556972
2023-06-21,ATM_006,Urban,8565.110689696498
2023-06-21,ATM_007,Urban,9441.484560567877
2023-06-21,ATM_008,Rural,3755.6090632492005
2023-06-21,ATM_009,Rural,6188.426130368895
2023-06-21,ATM_010,Suburban,7467.025103202335
2023-06-21,ATM_011,Rural,3804.465664301202
2023-06-21,ATM_012,Urban,12050.213902998961
2023-06-21,ATM_013,Rural,6590.997842826031
2023-06-21,ATM_014,Suburban,10455.687947210963
2023-06-21,ATM_015,Suburban,10528.296415701021
2023-06-21,ATM_016,Rural,8098.338659193291
2023-06-21,ATM_017,Suburban,8075.049464178435
2023-06-21,ATM_018,Urban,11075.622821830742
2023-06-21,ATM_019,Urban,11002.382735501615
2023-06-21,ATM_020,Rural,3250.3993177319985
2023-06-22,ATM_001,Urban,7043.323178340952
2023-06-22,ATM_002,Rural,4629.1480188221985
2023-06-22,ATM_003,Suburban,8852.667324283622
2023-06-22,ATM_004,Suburban,6308.259104817636
2023-06-22,ATM_005,Rural,3289.484305813356
2023-06-22,ATM_006,Urban,7227.689033518178
2023-06-22,ATM_007,Urban,9286.49649734421
2023-06-22,ATM_008,Rural,5537.769250021242
2023-06-22,ATM_009,Rural,3224.6277864184926
2023-06-22,ATM_010,Suburban,9766.057570500352
2023-06-22,ATM_011,Rural,5981.299602168784
2023-06-22,ATM_012,Urban,7687.436616758082
2023-06-22,ATM_013,Rural,6053.7400874273835
2023-06-22,ATM_014,Suburban,10425.924663484335
2023-06-22,ATM_015,Suburban,8771.724193463548
2023-06-22,ATM_016,Rural,5591.247560131518
2023-06-22,ATM_017,Suburban,7609.076909957351
2023-06-22,ATM_018,Urban,7370.610927035699
2023-06-22,ATM_019,Urban,6431.167636708328
2023-06-22,ATM_020,Rural,4088.6368391772166
2023-06-23,ATM_001,Urban,7974.009369339719
2023-06-23,ATM_002,Rural,5464.55475779396
2023-06-23,ATM_003,Suburban,6105.2445724002655
2023-06-23,ATM_004,Suburban,6885.868041403949
2023-06-23,ATM_005,Rural,3009.9919069011607
2023-06-23,ATM_006,Urban,9960.6559235225
2023-06-23,ATM_007,Urban,11037.116147636854
2023-06-23,ATM_008,Rural,6805.037090809208
2023-06-23,ATM_009,Rural,7474.546624637129
2023-06-23,ATM_010,Suburban,5290.0658665842
2023-06-23,ATM_011,Rural,3310.8299459548043
2023-06-23,ATM_012,Urban,5759.450917009077
2023-06-23,ATM_013,Rural,4000.882563102509
2023-06-23,ATM_014,Suburban,10013.712718256917
2023-06-23,ATM_015,Suburban,8491.726740249498
2023-06-23,ATM_016,Rural,4333.54733574306
2023-06-23,ATM_017,Suburban,9067.174652353106
2023-06-23,ATM_018,Urban,7327.788269024459
2023-06-23,ATM_019,Urban,7265.250931398814
2023-06-23,ATM_020,Rural,7545.131631478968
2023-06-24,ATM_001,Urban,11670.787720261933
2023-06-24,ATM_002,Rural,6124.649231049944
2023-06-24,ATM_003,Suburban,10101.293399525668
2023-06-24,ATM_004,Suburban,6284.045938022748
2023-06-24,ATM_005,Rural,7781.972781092752
2023-06-24,ATM_006,Urban,11412.852743503643
2023-06-24,ATM_007,Urban,9966.808191951108
2023-06-24,ATM_008,Rural,7464.918437031045
2023-06-24,ATM_009,Rural,6197.118746982546
2023-06-24,ATM_010,Suburban,6569.9368347218815
2023-06-24,ATM_011,Rural,9633.995422593169
2023-06-24,ATM_012,Urban,9611.845896377412
2023-06-24,ATM_013,Rural,7494.18939570113
2023-06-24,ATM_014,Suburban,7158.695893365692
2023-06-24,ATM_015,Suburban,10822.091499197166
2023-06-24,ATM_016,Rural,7299.25984294132
2023-06-24,ATM_017,Suburban,9413.735373640415
2023-06-24,ATM_018,Urban,13481.234889820911
2023-06-24,ATM_019,Urban,6563.125481586341
2023-06-24,ATM_020,Rural,6352.508243934269
2023-06-25,ATM_001,Urban,11255.444683379395
2023-06-25,ATM_002,Rural,5781.810622223852
2023-06-25,ATM_003,Suburban,9582.449526842609
2023-06-25,ATM_004,Suburban,6420.176528520688
2023-06-25,ATM_005,Rural,5237.759844347822
2023-06-25,ATM_006,Urban,8672.007056498913
2023-06-25,ATM_007,Urban,11183.248857435648
2023-06-25,ATM_008,Rural,8960.51290811385
2023-06-25,ATM_009,Rural,3342.7401690855527
2023-06-25,ATM_010,Suburban,9546.27646376417
2023-06-25,ATM_011,Rural,7308.620373562663
2023-06-25,ATM_012,Urban,10840.95310795329
2023-06-25,ATM_013,Rural,8292.8597532859
2023-06-25,ATM_014,Suburban,10071.273685065282
2023-06-25,ATM_015,Suburban,11731.487700945141
2023-06-25,ATM_016,Rural,7140.614749084345
2023-06-25,ATM_017,Suburban,6568.055636927415
2023-06-25,ATM_018,Urban,14045.810338660638
2023-06-25,ATM_019,Urban,8771.89744856158
2023-06-25,ATM_020,Rural,5106.947692348013
2023-06-26,ATM_001,Urban,9476.910793680558
2023-06-26,ATM_002,Rural,4943.5043067846555
2023-06-26,ATM_003,Suburban,9647.98512697494
2023-06-26,ATM_004,Suburban,5914.482339036259
2023-06-26,ATM_005,Rural,4016.7928512063404
2023-06-26,ATM_006,Urban,10337.05787132051
2023-06-26,ATM_007,Urban,9527.22251439101
2023-06-26,ATM_008,Rural,4604.722792482328
2023-06-26,ATM_009,Rural,4414.752535868719
2023-06-26,ATM_010,Suburban,6406.958059154677
2023-06-26,ATM_011,Rural,6290.9528581616305
2023-06-26,ATM_012,Urban,11053.816373833348
2023-06-26,ATM_013,Rural,3727.6586298076118
2023-06-26,ATM_014,Suburban,6603.478973069871
2023-06-26,ATM_015,Suburban,8594.867781551286
2023-06-26,ATM_016,Rural,3754.4126379045206
2023-06-26,ATM_017,Suburban,9146.545814855026
2023-06-26,ATM_018,Urban,8961.94251878173
2023-06-26,ATM_019,Urban,7401.204154694459
2023-06-26,ATM_020,Rural,6471.16904357745
2023-06-27,ATM_001,Urban,10618.522940151099
2023-06-27,ATM_002,Rural,4866.793773290211
2023-06-27,ATM_003,Suburban,8946.767867402745
2023-06-27,ATM_004,Suburban,5692.190537843149
2023-06-27,ATM_005,Rural,5612.629099029168
2023-06-27,ATM_006,Urban,11700.614582107855
2023-06-27,ATM_007,Urban,7406.669674559207
2023-06-27,ATM_008,Rural,3673.6256343309933
2023-06-27,ATM_009,Rural,7931.159704139006
2023-06-27,ATM_010,Suburban,4086.095630795681
2023-06-27,ATM_011,Rural,6868.590861606684
2023-06-27,ATM_012,Urban,10940.91896204776
2023-06-27,ATM_013,Rural,8234.272670756607
2023-06-27,ATM_014,Suburban,6114.5496695835955
2023-06-27,ATM_015,Suburban,7821.59410098811
2023-06-27,ATM_016,Rural,4607.445382971595
2023-06-27,ATM_017,Suburban,6070.03359264605
2023-06-27,ATM_018,Urban,8303.103208109495
2023-06-27,ATM_019,Urban,7815.252255061751
2023-06-27,ATM_020,Rural,4837.880433131785
2023-06-28,ATM_001,Urban,8824.626029120085
2023-06-28,ATM_002,Rural,8336.857394535236
2023-06-28,ATM_003,Suburban,9164.763759057443
2023-06-28,ATM_004,Suburban,7422.467894316955
2023-06-28,ATM_005,Rural,2832.408608388203
2023-06-28,ATM_006,Urban,10031.24155127762
2023-06-28,ATM_007,Urban,11145.739681686153
2023-06-28,ATM_008,Rural,3843.368792002617
2023-06-28,ATM_009,Rural,6192.398151536657
2023-06-28,ATM_010,Suburban,9016.57830152258
2023-06-28,ATM_011,Rural,5182.490328465257
2023-06-28,ATM_012,Urban,12268.879948628575
2023-06-28,ATM_013,Rural,6174.726906825322
2023-06-28,ATM_014,Suburban,8039.894294770628
2023-06-28,ATM_015,Suburban,4942.919435599939
2023-06-28,ATM_016,Rural,6334.546889044582
2023-06-28,ATM_017,Suburban,7668.973145754435
2023-06-28,ATM_018,Urban,10976.267753856708
2023-06-28,ATM_019,Urban,9895.60288571742
2023-06-28,ATM_020,Rural,7158.818306125436
2023-06-29,ATM_001,Urban,12803.098453707355
2023-06-29,ATM_002,Rural,5804.645344157482
2023-06-29,ATM_003,Suburban,5757.023976320142
2023-06-29,ATM_004,Suburban,5908.029659667608
2023-06-29,ATM_005,Rural,6730.936804194683
2023-06-29,ATM_006,Urban,12612.378779957962
2023-06-29,ATM_007,Urban,5477.019977947046
2023-06-29,ATM_008,Rural,7198.51888367049
2023-06-29,ATM_009,Rural,4697.222482745324
2023-06-29,ATM_010,Suburban,7892.786867631146
2023-06-29,ATM_011,Rural,7112.735795374746
2023-06-29,ATM_012,Urban,10035.095930651474
2023-06-29,ATM_013,Rural,3997.6909275110943
2023-06-29,ATM_014,Suburban,9482.759360177077
2023-06-29,ATM_015,Suburban,9510.963885228095
2023-06-29,ATM_016,Rural,5928.095799601137
2023-06-29,ATM_017,Suburban,9826.445444672312
2023-06-29,ATM_018,Urban,10300.918176031495
2023-06-29,ATM_019,Urban,8040.193356234689
2023-06-29,ATM_020,Rural,6348.272004683116
2023-06-30,ATM_001,Urban,12695.364948558532
2023-06-30,ATM_002,Rural,5105.747703849186
2023-06-30,ATM_003,Suburban,10838.595906251569
2023-06-30,ATM_004,Suburban,6099.8549261141625
2023-06-30,ATM_005,Rural,9417.590953495901
2023-06-30,ATM_006,Urban,7833.344622570474
2023-06-30,ATM_007,Urban,13636.870722109901
2023-06-30,ATM_008,Rural,7439.703449501805
2023-06-30,ATM_009,Rural,10084.783288554472
2023-06-30,ATM_010,Suburban,11309.540793984712
2023-06-30,ATM_011,Rural,6852.343706886981
2023-06-30,ATM_012,Urban,10375.981335903314
2023-06-30,ATM_013,Rural,5817.1868857758345
2023-06-30,ATM_014,Suburban,7466.951499038428
2023-06-30,ATM_015,Suburban,6767.7801332501185
2023-06-30,ATM_016,Rural,9590.916922074148
2023-06-30,ATM_017,Suburban,9962.298633548151
2023-06-30,ATM_018,Urban,10107.768718041003
2023-06-30,ATM_019,Urban,14249.416578991828
2023-06-30,ATM_020,Rural,8267.170241406926
2023-07-01,ATM_001,Urban,9388.886923851245
2023-07-01,ATM_002,Rural,6605.951947924896
2023-07-01,ATM_003,Suburban,10892.01592830392
2023-07-01,ATM_004,Suburban,10235.215557130658
2023-07-01,ATM_005,Rural,8325.27243485744
2023-07-01,ATM_006,Urban,14248.58369639277
2023-07-01,ATM_007,Urban,12448.984744046797
2023-07-01,ATM_008,Rural,7292.006658443654
2023-07-01,ATM_009,Rural,7538.477808321818
2023-07-01,ATM_010,Suburban,9675.771892352623
2023-07-01,ATM_011,Rural,8026.739165491125
2023-07-01,ATM_012,Urban,10789.912966672924
2023-07-01,ATM_013,Rural,6653.529054276432
2023-07-01,ATM_014,Suburban,6657.775714432409
2023-07-01,ATM_015,Suburban,7862.024602515254
2023-07-01,ATM_016,Rural,3264.3998841180023
2023-07-01,ATM_017,Suburban,6681.1680155811255
2023-07-01,ATM_018,Urban,11866.783458145315
2023-07-01,ATM_019,Urban,9403.013427843804
2023-07-01,ATM_020,Rural,6952.879679870772
2023-07-02,ATM_001,Urban,13451.130059617986
2023-07-02,ATM_002,Rural,8098.114991488456
2023-07-02,ATM_003,Suburban,9584.049822992796
2023-07-02,ATM_004,Suburban,10762.755984270629
2023-07-02,ATM_005,Rural,4866.4962950430845
2023-07-02,ATM_006,Urban,14282.538484191433
2023-07-02,ATM_007,Urban,12359.43956748037
2023-07-02,ATM_008,Rural,7736.322590882447
2023-07-02,ATM_009,Rural,6003.89005735575
2023-07-02,ATM_010,Suburban,6694.2645877067325
2023-07-02,ATM_011,Rural,3288.5304398252742
2023-07-02,ATM_012,Urban,11588.407996969334
2023-07-02,ATM_013,Rural,6490.860060476589
2023-07-02,ATM_014,Suburban,11498.011171252676
2023-07-02,ATM_015,Suburban,9376.541492836557
2023-07-02,ATM_016,Rural,7513.71806255569
2023-07-02,ATM_017,Suburban,8169.335430508263
2023-07-02,ATM_018,Urban,7174.5236474061185
2023-07-02,ATM_019,Urban,8251.678655257643
2023-07-02,ATM_020,Rural,6618.564888724945
2023-07-03,ATM_001,Urban,10355.96305459187
2023-07-03,ATM_002,Rural,3724.6921517924966
2023-07-03,ATM_003,Suburban,9265.97344584983
2023-07-03,ATM_004,Suburban,9621.282399725456
2023-07-03,ATM_005,Rural,4151.0795124696315
2023-07-03,ATM_006,Urban,10726.10009862468
2023-07-03,ATM_007,Urban,7606.585969099242
2023-07-03,ATM_008,Rural,5299.834085992625
2023-07-03,ATM_009,Rural,7683.609004202465
2023-07-03,ATM_010,Suburban,6345.0250712791585
2023-07-03,ATM_011,Rural,4980.029049406658
2023-07-03,ATM_012,Urban,10951.148414465237
2023-07-03,ATM_013,Rural,7691.886727956731
2023-07-03,ATM_014,Suburban,5497.111290553494
2023-07-03,ATM_015,Suburban,6543.54544581967
2023-07-03,ATM_016,Rural,7231.974314437622
2023-07-03,ATM_017,Suburban,6535.7774507296035
2023-07-03,ATM_018,Urban,10193.684542785555
2023-07-03,ATM_019,Urban,11208.828972185951
2023-07-03,ATM_020,Rural,3895.572176216642
2023-07-04,ATM_001,Urban,10409.940319194402
2023-07-04,ATM_002,Rural,6187.015087990762
2023-07-04,ATM_003,Suburban,4944.880833646898
2023-07-04,ATM_004,Suburban,4734.653327443029
2023-07-04,ATM_005,Rural,3892.27499242198
2023-07-04,ATM_006,Urban,7827.527753322626
2023-07-04,ATM_007,Urban,10862.41931969694
2023-07-04,ATM_008,Rural,4398.038263340485
2023-07-04,ATM_009,Rural,3499.6727837090975
2023-07-04,ATM_010,Suburban,8560.21877635149
2023-07-04,ATM_011,Rural,3402.12473806021
2023-07-04,ATM_012,Urban,4896.1961003361375
2023-07-04,ATM_013,Rural,8045.570642701521
2023-07-04,ATM_014,Suburban,5445.982612839907
2023-07-04,ATM_015,Suburban,8149.6744580633285
2023-07-04,ATM_016,Rural,6429.277409510963
2023-07-04,ATM_017,Suburban,9076.599821243411
2023-07-04,ATM_018,Urban,8290.048552927217
2023-07-04,ATM_019,Urban,6849.155020420031
2023-07-04,ATM_020,Rural,7890.433950603264
2023-07-05,ATM_001,Urban,5449.917025617094
2023-07-05,ATM_002,Rural,4843.129700638054
2023-07-05,ATM_003,Suburban,6266.747899936679
2023-07-05,ATM_004,Suburban,6207.610139793503
2023-07-05,ATM_005,Rural,3802.791922669972
2023-07-05,ATM_006,Urban,11193.768667833903
2023-07-05,ATM_007,Urban,6582.499535744355
2023-07-05,ATM_008,Rural,6646.939640842954
2023-07-05,ATM_009,Rural,5736.893922579535
2023-07-05,ATM_010,Suburban,7884.883857226526
2023-07-05,ATM_011,Rural,6294.895285522667
2023-07-05,ATM_012,Urban,8225.40166123035
2023-07-05,ATM_013,Rural,7540.276503159336
2023-07-05,ATM_014,Suburban,10631.50849381506
2023-07-05,ATM_015,Suburban,6656.330963318139
2023-07-05,ATM_016,Rural,7038.35430607546
2023-07-05,ATM_017,Suburban,5402.112014531806
2023-07-05,ATM_018,Urban,10833.310067548196
2023-07-05,ATM_019,Urban,10357.740371776097
2023-07-05,ATM_020,Rural,6901.283554343105
2023-07-06,ATM_001,Urban,7000.880933075744
2023-07-06,ATM_002,Rural,5592.958513407758
2023-07-06,ATM_003,Suburban,5113.540217279338
2023-07-06,ATM_004,Suburban,9771.018273273023
2023-07-06,ATM_005,Rural,6299.412789953933
2023-07-06,ATM_006,Urban,5677.738912551424
2023-07-06,ATM_007,Urban,7138.202392969169
2023-07-06,ATM_008,Rural,3157.994516386726
2023-07-06,ATM_009,Rural,3054.077842020513
2023-07-06,ATM_010,Suburban,8048.466054967126
2023-07-06,ATM_011,Rural,4121.155248482496
2023-07-06,ATM_012,Urban,9985.52853238627
2023-07-06,ATM_013,Rural,2876.164121143941
2023-07-06,ATM_014,Suburban,10504.936764074972
2023-07-06,ATM_015,Suburban,10768.585351985052
2023-07-06,ATM_016,Rural,5172.105033262832
2023-07-06,ATM_017,Suburban,8654.27281229391
2023-07-06,ATM_018,Urban,7054.308667873396
2023-07-06,ATM_019,Urban,7420.750700609897
2023-07-06,ATM_020,Rural,5606.195377661259
2023-07-07,ATM_001,Urban,10427.00904812035
2023-07-07,ATM_002,Rural,4882.5846093451
2023-07-07,ATM_003,Suburban,8352.90795121505
2023-07-07,ATM_004,Suburban,8168.708399995584
2023-07-07,ATM_005,Rural,5602.6882101824185
2023-07-07,ATM_006,Urban,9961.224107631071
2023-07-07,ATM_007,Urban,9200.024878347598
2023-07-07,ATM_008,Rural,7607.279725817114
2023-07-07,ATM_009,Rural,6568.49707720731
2023-07-07,ATM_010,Suburban,8703.6575238329
2023-07-07,ATM_011,Rural,4911.3807867122805
2023-07-07,ATM_012,Urban,8102.962303655279
2023-07-07,ATM_013,Rural,2793.1332027061285
2023-07-07,ATM_014,Suburban,4096.023565245858
2023-07-07,ATM_015,Suburban,4761.999978113826
2023-07-07,ATM_016,Rural,4788.702009138127
2023-07-07,ATM_017,Suburban,10631.377821169908
2023-07-07,ATM_018,Urban,5376.854237110362
2023-07-07,ATM_019,Urban,12621.087225891599
2023-07-07,ATM_020,Rural,7035.831639854892
2023-07-08,ATM_001,Urban,9834.757577801754
2023-07-08,ATM_002,Rural,5024.398432597472
2023-07-08,ATM_003,Suburban,8876.193123423602
2023-07-08,ATM_004,Suburban,11323.457646340083
2023-07-08,ATM_005,Rural,4342.341811933364
2023-07-08,ATM_006,Urban,11660.218744138358
2023-07-08,ATM_007,Urban,7386.700247701994
2023-07-08,ATM_008,Rural,8324.013144224455
2023-07-08,ATM_009,Rural,6770.849834497348
2023-07-08,ATM_010,Suburban,8761.596562194942
2023-07-08,ATM_011,Rural,8692.618646079332
2023-07-08,ATM_012,Urban,9448.36815706089
2023-07-08,ATM_013,Rural,4467.556700677497
2023-07-08,ATM_014,Suburban,9382.708007972691
2023-07-08,ATM_015,Suburban,8238.332765426047
2023-07-08,ATM_016,Rural,5386.051818936959
2023-07-08,ATM_017,Suburban,7567.0758152816
2023-07-08,ATM_018,Urban,8245.52868455848
2023-07-08,ATM_019,Urban,10444.193866555697
2023-07-08,ATM_020,Rural,6847.980459303851
2023-07-09,ATM_001,Urban,8624.323975017445
2023-07-09,ATM_002,Rural,6403.372121364037
2023-07-09,ATM_003,Suburban,10641.019169296935
2023-07-09,ATM_004,Suburban,8082.132693876506
2023-07-09,ATM_005,Rural,7468.819987041695
2023-07-09,ATM_006,Urban,6974.039098544058
2023-07-09,ATM_007,Urban,15479.588109383043
2023-07-09,ATM_008,Rural,7403.463674749742
2023-07-09,ATM_009,Rural,9327.98729738088
2023-07-09,ATM_010,Suburban,11362.990970264293
2023-07-09,ATM_011,Rural,6657.363330951143
2023-07-09,ATM_012,Urban,5711.263131306511
2023-07-09,ATM_013,Rural,8922.931350574623
2023-07-09,ATM_014,Suburban,6664.014374366275
2023-07-09,ATM_015,Suburban,8366.590364434607
2023-07-09,ATM_016,Rural,5776.640160372746
2023-07-09,ATM_017,Suburban,8553.92620755561
2023-07-09,ATM_018,Urban,10141.290986474762
2023-07-09,ATM_019,Urban,11603.161648906605
2023-07-09,ATM_020,Rural,8205.902266230241
2023-07-10,ATM_001,Urban,10903.125245626377
2023-07-10,ATM_002,Rural,7258.787220742686
2023-07-10,ATM_003,Suburban,6859.292246691186
2023-07-10,ATM_004,Suburban,9046.800101081619
2023-07-10,ATM_005,Rural,3233.0504507680907
2023-07-10,ATM_006,Urban,8995.121427280299
2023-07-10,ATM_007,Urban,11481.048383929048
2023-07-10,ATM_008,Rural,6601.559649769161
2023-07-10,ATM_009,Rural,4333.740128425162
2023-07-10,ATM_010,Suburban,9556.757801525779
2023-07-10,ATM_011,Rural,7335.206152574072
2023-07-10,ATM_012,Urban,6719.651857639638
2023-07-10,ATM_013,Rural,4658.498444164915
2023-07-10,ATM_014,Suburban,10227.485762195121
2023-07-10,ATM_015,Suburban,5814.00796298471
2023-07-10,ATM_016,Rural,7202.0790613079835
2023-07-10,ATM_017,Suburban,8751.536507802657
2023-07-10,ATM_018,Urban,10011.672364774857
2023-07-10,ATM_019,Urban,11305.431572893676
2023-07-10,ATM_020,Rural,3896.245170383337
2023-07-11,ATM_001,Urban,11765.091904789011
2023-07-11,ATM_002,Rural,6791.888726544193
2023-07-11,ATM_003,Suburban,4643.11330282596
2023-07-11,ATM_004,Suburban,9974.057527789331
2023-07-11,ATM_005,Rural,4618.070585551066
2023-07-11,ATM_006,Urban,8062.527749380215
2023-07-11,ATM_007,Urban,9953.589156922286
2023-07-11,ATM_008,Rural,6114.068233640097
2023-07-11,ATM_009,Rural,3334.327403397256
2023-07-11,ATM_010,Suburban,7797.336625047675
2023-07-11,ATM_011,Rural,7040.829837308127
2023-07-11,ATM_012,Urban,7796.521503390946
2023-07-11,ATM_013,Rural,7039.0525199077565
2023-07-11,ATM_014,Suburban,4861.403476139114
2023-07-11,ATM_015,Suburban,7331.5818945518295
2023-07-11,ATM_016,Rural,5920.082461368001
2023-07-11,ATM_017,Suburban,7599.479706317424
2023-07-11,ATM_018,Urban,6139.536678886708
2023-07-11,ATM_019,Urban,9720.29003408551
2023-07-11,ATM_020,Rural,3739.305983737783
2023-07-12,ATM_001,Urban,8160.976495752801
2023-07-12,ATM_002,Rural,4781.495760551565
2023-07-12,ATM_003,Suburban,8742.315333609924
2023-07-12,ATM_004,Suburban,7548.62650682395
2023-07-12,ATM_005,Rural,5949.656772821029
2023-07-12,ATM_006,Urban,7939.449668430245
2023-07-12,ATM_007,Urban,8359.854537754378
2023-07-12,ATM_008,Rural,6111.4400335618775
2023-07-12,ATM_009,Rural,4635.374300611236
2023-07-12,ATM_010,Suburban,8838.997680504688
2023-07-12,ATM_011,Rural,3246.0254964908927
2023-07-12,ATM_012,Urban,11200.795391020121
2023-07-12,ATM_013,Rural,4364.915409688807
2023-07-12,ATM_014,Suburban,6375.9409800063395
2023-07-12,ATM_015,Suburban,6140.561153067691
2023-07-12,ATM_016,Rural,7006.821475812081
2023-07-12,ATM_017,Suburban,9032.988285855075
2023-07-12,ATM_018,Urban,8820.06200252218
2023-07-12,ATM_019,Urban,11511.185756583707
2023-07-12,ATM_020,Rural,4737.648887621955
2023-07-13,ATM_001,Urban,9188.329122480358
2023-07-13,ATM_002,Rural,6147.099980971092
2023-07-13,ATM_003,Suburban,5312.087591632237
2023-07-13,ATM_004,Suburban,9353.505018310372
2023-07-13,ATM_005,Rural,3435.7131616961915
2023-07-13,ATM_006,Urban,5967.1452572103935
2023-07-13,ATM_007,Urban,9488.296816708984
2023-07-13,ATM_008,Rural,6569.4351140182425
2023-07-13,ATM_009,Rural,8286.930485367098
2023-07-13,ATM_010,Suburban,10549.579984693102
2023-07-13,ATM_011,Rural,3307.9725815099
2023-07-13,ATM_012,Urban,7472.860982571214
2023-07-13,ATM_013,Rural,4655.47489469777
2023-07-13,ATM_014,Suburban,10028.797714196253
2023-07-13,ATM_015,Suburban,8146.564502066699
2023-07-13,ATM_016,Rural,6996.089888992756
2023-07-13,ATM_017,Suburban,8904.375438681329
2023-07-13,ATM_018,Urban,9394.607858766209
2023-07-13,ATM_019,Urban,6974.633174394333
2023-07-13,ATM_020,Rural,5234.540991120478
2023-07-14,ATM_001,Urban,12769.348482093732
2023-07-14,ATM_002,Rural,5055.877953812396
2023-07-14,ATM_003,Suburban,5887.881350919178
2023-07-14,ATM_004,Suburban,5802.477131006731
2023-07-14,ATM_005,Rural,4620.4316947147445
2023-07-14,ATM_006,Urban,10122.608830048119
2023-07-14,ATM_007,Urban,5552.382429797611
2023-07-14,ATM_008,Rural,4650.9122371099775
2023-07-14,ATM_009,Rural,3820.283915690076
2023-07-14,ATM_010,Suburban,8611.81171282742
2023-07-14,ATM_011,Rural,2634.5459537330526
2023-07-14,ATM_012,Urban,7139.033344681631
2023-07-14,ATM_013,Rural,4495.692890783808
2023-07-14,ATM_014,Suburban,7150.08585217099
2023-07-14,ATM_015,Suburban,6811.591188048574
2023-07-14,ATM_016,Rural,4303.859085707208
2023-07-14,ATM_017,Suburban,7162.932751374121
2023-07-14,ATM_018,Urban,8073.680772095665
2023-07-14,ATM_019,Urban,10919.359261729025
2023-07-14,ATM_020,Rural,3792.721443726892
2023-07-15,ATM_001,Urban,11691.883474473943
2023-07-15,ATM_002,Rural,9155.176393685753
2023-07-15,ATM_003,Suburban,9949.95813573467
2023-07-15,ATM_004,Suburban,9833.69216272792
2023-07-15,ATM_005,Rural,10373.930694910348
2023-07-15,ATM_006,Urban,13993.952401269355
2023-07-15,ATM_007,Urban,10394.874669459281
2023-07-15,ATM_008,Rural,2740.6096387920306
2023-07-15,ATM_009,Rural,9674.725620443129
2023-07-15,ATM_010,Suburban,8960.12213329838
2023-07-15,ATM_011,Rural,9605.476432079333
2023-07-15,ATM_012,Urban,12137.205265459213
2023-07-15,ATM_013,Rural,9776.03144924235
2023-07-15,ATM_014,Suburban,9312.442337839275
2023-07-15,ATM_015,Suburban,5985.072818791932
2023-07-15,ATM_016,Rural,7972.022864843404
2023-07-15,ATM_017,Suburban,11449.20100402227
2023-07-15,ATM_018,Urban,10551.328429028084
2023-07-15,ATM_019,Urban,9894.1085134076
2023-07-15,ATM_020,Rural,4690.052408491766
2023-07-16,ATM_001,Urban,8569.388164827444
2023-07-16,ATM_002,Rural,8303.129478771752
2023-07-16,ATM_003,Suburban,8838.370488473196
2023-07-16,ATM_004,Suburban,6697.368008848778
2023-07-16,ATM_005,Rural,8003.09696859078
2023-07-16,ATM_006,Urban,8363.740441217124
2023-07-16,ATM_007,Urban,6188.3287802629375
2023-07-16,ATM_008,Rural,7120.906170648985
2023-07-16,ATM_009,Rural,9041.737391602586
2023-07-16,ATM_010,Suburban,10636.439133849251
2023-07-16,ATM_011,Rural,4965.0399562376815
2023-07-16,ATM_012,Urban,12979.958824911228
2023-07-16,ATM_013,Rural,9054.496183531024
2023-07-16,ATM_014,Suburban,6668.443517705736
2023-07-16,ATM_015,Suburban,6364.741503828817
2023-07-16,ATM_016,Rural,5924.027924156469
2023-07-16,ATM_017,Suburban,11356.006468615195
2023-07-16,ATM_018,Urban,11156.89523074587
2023-07-16,ATM_019,Urban,7302.3063169480665
2023-07-16,ATM_020,Rural,5824.697634582179
2023-07-17,ATM_001,Urban,12182.183961505283
2023-07-17,ATM_002,Rural,7398.779857801081
2023-07-17,ATM_003,Suburban,6751.17124454035
2023-07-17,ATM_004,Suburban,5915.6444075233085
2023-07-17,ATM_005,Rural,5103.115005248648
2023-07-17,ATM_006,Urban,7579.459142097818
2023-07-17,ATM_007,Urban,7867.809157108287
2023-07-17,ATM_008,Rural,6588.711117531209
2023-07-17,ATM_009,Rural,7932.493418559692
2023-07-17,ATM_010,Suburban,7030.083424992079
2023-07-17,ATM_011,Rural,3099.2480452339764
2023-07-17,ATM_012,Urban,9368.447733559415
2023-07-17,ATM_013,Rural,5978.567640934993
2023-07-17,ATM_014,Suburban,3768.2168219994282
2023-07-17,ATM_015,Suburban,7480.190172167754
2023-07-17,ATM_016,Rural,3511.9096780255463
2023-07-17,ATM_017,Suburban,7826.770781842459
2023-07-17,ATM_018,Urban,8182.041860707811
2023-07-17,ATM_019,Urban,7528.1332254379495
2023-07-17,ATM_020,Rural,3385.6462712792227
2023-07-18,ATM_001,Urban,12143.190533367484
2023-07-18,ATM_002,Rural,4015.1217853928792
2023-07-18,ATM_003,Suburban,8350.900745802444
2023-07-18,ATM_004,Suburban,8138.767245211449
2023-07-18,ATM_005,Rural,3890.491568364676
2023-07-18,ATM_006,Urban,8036.9085322385245
2023-07-18,ATM_007,Urban,8459.72139886464
2023-07-18,ATM_008,Rural,3382.6710048058
2023-07-18,ATM_009,Rural,3240.9921457153036
2023-07-18,ATM_010,Suburban,4639.166662554129
2023-07-18,ATM_011,Rural,4649.146526277646
2023-07-18,ATM_012,Urban,11266.638227183368
2023-07-18,ATM_013,Rural,6004.455251603347
2023-07-18,ATM_014,Suburban,8474.994765867728
2023-07-18,ATM_015,Suburban,5357.515262712587
2023-07-18,ATM_016,Rural,4808.088984762882
2023-07-18,ATM_017,Suburban,6671.476346004073
2023-07-18,ATM_018,Urban,7267.24929065391
2023-07-18,ATM_019,Urban,6327.040025696186
2023-07-18,ATM_020,Rural,2808.4491380311415
2023-07-19,ATM_001,Urban,8836.841127248672
2023-07-19,ATM_002,Rural,3283.919526955229
2023-07-19,ATM_003,Suburban,5547.112787315682
2023-07-19,ATM_004,Suburban,9387.70399894801
2023-07-19,ATM_005,Rural,6980.4096892500675
2023-07-19,ATM_006,Urban,10822.125011682934
2023-07-19,ATM_007,Urban,9850.58088975378
2023-07-19,ATM_008,Rural,7526.218393285586
2023-07-19,ATM_009,Rural,6496.332459797425
2023-07-19,ATM_010,Suburban,6390.8761531463215
2023-07-19,ATM_011,Rural,7355.25986482859
2023-07-19,ATM_012,Urban,7014.569213197232
2023-07-19,ATM_013,Rural,7064.836787189719
2023-07-19,ATM_014,Suburban,6281.125957202148
2023-07-19,ATM_015,Suburban,7515.715944441772
2023-07-19,ATM_016,Rural,4020.116028971079
2023-07-19,ATM_017,Suburban,6515.819174570067
2023-07-19,ATM_018,Urban,8076.287794341788
2023-07-19,ATM_019,Urban,10936.35957080545
2023-07-19,ATM_020,Rural,6785.17138857727
2023-07-20,ATM_001,Urban,10625.134920352673
2023-07-20,ATM_002,Rural,7670.163458399965
2023-07-20,ATM_003,Suburban,8269.77179611879
2023-07-20,ATM_004,Suburban,7899.042398195079
2023-07-20,ATM_005,Rural,2264.143716308632
2023-07-20,ATM_006,Urban,9334.872503890803
2023-07-20,ATM_007,Urban,10693.124301057078
2023-07-20,ATM_008,Rural,8572.224343324582
2023-07-20,ATM_009,Rural,4499.384800592189
2023-07-20,ATM_010,Suburban,4021.4581520125566
2023-07-20,ATM_011,Rural,4306.289852888417
2023-07-20,ATM_012,Urban,8789.435789165767
2023-07-20,ATM_013,Rural,8415.197037245945
2023-07-20,ATM_014,Suburban,7703.0944060884385
2023-07-20,ATM_015,Suburban,6983.662292417935
2023-07-20,ATM_016,Rural,3769.0956222715877
2023-07-20,ATM_017,Suburban,5820.422822319801
2023-07-20,ATM_018,Urban,12639.705322161775
2023-07-20,ATM_019,Urban,10160.103692465287
2023-07-20,ATM_020,Rural,5977.453246895589
2023-07-21,ATM_001,Urban,8592.725840248582
2023-07-21,ATM_002,Rural,4463.945472282888
2023-07-21,ATM_003,Suburban,6987.359896322999
2023-07-21,ATM_004,Suburban,7343.933275521991
2023-07-21,ATM_005,Rural,2465.3765127232755
2023-07-21,ATM_006,Urban,5369.153463610017
2023-07-21,ATM_007,Urban,7716.640921696094
2023-07-21,ATM_008,Rural,7568.593817973957
2023-07-21,ATM_009,Rural,6413.492372337806
2023-07-21,ATM_010,Suburban,9005.182784112658
2023-07-21,ATM_011,Rural,6738.623043257424
2023-07-21,ATM_012,Urban,10427.68058246725
2023-07-21,ATM_013,Rural,6975.426400082306
2023-07-21,ATM_014,Suburban,6715.17363211051
2023-07-21,ATM_015,Suburban,8538.248058642443
2023-07-21,ATM_016,Rural,4521.1740335257755
2023-07-21,ATM_017,Suburban,6374.659429841556
2023-07-21,ATM_018,Urban,11257.685986460381
2023-07-21,ATM_019,Urban,10763.929414792166
2023-07-21,ATM_020,Rural,3332.8631261694354
2023-07-22,ATM_001,Urban,7517.257717830673
2023-07-22,ATM_002,Rural,7181.04074060839
2023-07-22,ATM_003,Suburban,10904.345619858614
2023-07-22,ATM_004,Suburban,10843.893161415377
2023-07-22,ATM_005,Rural,6064.172918914133
2023-07-22,ATM_006,Urban,8464.883178174015
2023-07-22,ATM_007,Urban,9837.989306840747
2023-07-22,ATM_008,Rural,4087.0388821185575
2023-07-22,ATM_009,Rural,5081.087621139576
2023-07-22,ATM_010,Suburban,9977.502287880225
2023-07-22,ATM_011,Rural,3804.889036172208
2023-07-22,ATM_012,Urban,14846.7417673964
2023-07-22,ATM_013,Rural,7982.753561826276
2023-07-22,ATM_014,Suburban,9580.88722611421
2023-07-22,ATM_015,Suburban,10709.554661163005
2023-07-22,ATM_016,Rural,6822.237827260275
2023-07-22,ATM_017,Suburban,9747.093707835546
2023-07-22,ATM_018,Urban,8232.601161160886
2023-07-22,ATM_019,Urban,10411.538674140887
2023-07-22,ATM_020,Rural,4276.15546290915
2023-07-23,ATM_001,Urban,7557.499213940277
2023-07-23,ATM_002,Rural,8261.201096403589
2023-07-23,ATM_003,Suburban,10376.67290771302
2023-07-23,ATM_004,Suburban,6854.589561129209
2023-07-23,ATM_005,Rural,7784.905934440922
2023-07-23,ATM_006,Urban,13241.693559217229
2023-07-23,ATM_007,Urban,8654.552395217643
2023-07-23,ATM_008,Rural,9911.558867506415
2023-07-23,ATM_009,Rural,8841.610850981722
2023-07-23,ATM_010,Suburban,10094.276576045475
2023-07-23,ATM_011,Rural,8311.655231379575
2023-07-23,ATM_012,Urban,11531.422223612824
2023-07-23,ATM_013,Rural,4803.146752217828
2023-07-23,ATM_014,Suburban,7636.675808825256
2023-07-23,ATM_015,Suburban,9241.747051790264
2023-07-23,ATM_016,Rural,6729.192692554446
2023-07-23,ATM_017,Suburban,9410.675907077473
2023-07-23,ATM_018,Urban,8556.233660785005
2023-07-23,ATM_019,Urban,12159.564138350946
2023-07-23,ATM_020,Rural,6735.735633120221
2023-07-24,ATM_001,Urban,6209.16183201687
2023-07-24,ATM_002,Rural,7668.541518621409
2023-07-24,ATM_003,Suburban,7205.204990231051
2023-07-24,ATM_004,Suburban,7178.544764094379
2023-07-24,ATM_005,Rural,7589.3821632311865
2023-07-24,ATM_006,Urban,5166.418170320882
2023-07-24,ATM_007,Urban,8124.284958738904
2023-07-24,ATM_008,Rural,4118.670122372378
2023-07-24,ATM_009,Rural,3852.335312492539
2023-07-24,ATM_010,Suburban,8765.134132530424
2023-07-24,ATM_011,Rural,5890.051332347155
2023-07-24,ATM_012,Urban,9604.181784580644
2023-07-24,ATM_013,Rural,4559.384803781466
2023-07-24,ATM_014,Suburban,7635.249102567489
2023-07-24,ATM_015,Suburban,6446.909137668471
2023-07-24,ATM_016,Rural,5984.8516387346235
2023-07-24,ATM_017,Suburban,7040.984645391266
2023-07-24,ATM_018,Urban,8241.986454034803
2023-07-24,ATM_019,Urban,11804.978971605591
2023-07-24,ATM_020,Rural,4668.19578978111
2023-07-25,ATM_001,Urban,9135.168396177203
2023-07-25,ATM_002,Rural,4676.569387761045
2023-07-25,ATM_003,Suburban,9541.432325798463
2023-07-25,ATM_004,Suburban,5607.05089639383
2023-07-25,ATM_005,Rural,7277.319600652841
2023-07-25,ATM_006,Urban,7686.563985538261
2023-07-25,ATM_007,Urban,11522.095888571475
2023-07-25,ATM_008,Rural,5316.18065653034
2023-07-25,ATM_009,Rural,4294.0447954033025
2023-07-25,ATM_010,Suburban,5922.3909285194
2023-07-25,ATM_011,Rural,4591.358592615485
2023-07-25,ATM_012,Urban,11376.523254638558
2023-07-25,ATM_013,Rural,3050.000137894266
2023-07-25,ATM_014,Suburban,9455.627453149016
2023-07-25,ATM_015,Suburban,4784.367520071335
2023-07-25,ATM_016,Rural,3005.407645128482
2023-07-25,ATM_017,Suburban,6031.810477062683
2023-07-25,ATM_018,Urban,9602.977810057831
2023-07-25,ATM_019,Urban,9355.507117680907
2023-07-25,ATM_020,Rural,5189.119151006952
2023-07-26,ATM_001,Urban,7840.078288154027
2023-07-26,ATM_002,Rural,3743.6966436954335
2023-07-26,ATM_003,Suburban,7884.980213855775
2023-07-26,ATM_004,Suburban,6504.7137557878095
2023-07-26,ATM_005,Rural,5279.704183108577
2023-07-26,ATM_006,Urban,10010.960865639156
2023-07-26,ATM_007,Urban,11461.68186214548
2023-07-26,ATM_008,Rural,7523.391325219082
2023-07-26,ATM_009,Rural,7653.635059867415
2023-07-26,ATM_010,Suburban,9286.260731738304
2023-07-26,ATM_011,Rural,6580.054561063231
2023-07-26,ATM_012,Urban,7753.734245216877
2023-07-26,ATM_013,Rural,4819.4249620195105
2023-07-26,ATM_014,Suburban,8486.321881446442
2023-07-26,ATM_015,Suburban,8966.880849592486
2023-07-26,ATM_016,Rural,4367.557559448947
2023-07-26,ATM_017,Suburban,10502.30279990451
2023-07-26,ATM_018,Urban,9459.43524790146
2023-07-26,ATM_019,Urban,12371.739782983865
2023-07-26,ATM_020,Rural,6776.638439342634
2023-07-27,ATM_001,Urban,6464.657059097288
2023-07-27,ATM_002,Rural,7831.667313698799
2023-07-27,ATM_003,Suburban,10689.102309673475
2023-07-27,ATM_004,Suburban,8683.82815114161
2023-07-27,ATM_005,Rural,7978.526995091367
2023-07-27,ATM_006,Urban,6870.500071481735
2023-07-27,ATM_007,Urban,7978.100832760783
2023-07-27,ATM_008,Rural,5986.05821090055
2023-07-27,ATM_009,Rural,4366.005676383659
2023-07-27,ATM_010,Suburban,9088.400335791168
2023-07-27,ATM_011,Rural,5201.162801246764
2023-07-27,ATM_012,Urban,8193.56472741712
2023-07-27,ATM_013,Rural,5367.827488042442
2023-07-27,ATM_014,Suburban,6748.560528991454
2023-07-27,ATM_015,Suburban,7385.477590801326
2023-07-27,ATM_016,Rural,3677.8677909628855
2023-07-27,ATM_017,Suburban,9530.653770346256
2023-07-27,ATM_018,Urban,9700.1120335437
2023-07-27,ATM_019,Urban,12693.679148268808
2023-07-27,ATM_020,Rural,6909.779514377305
2023-07-28,ATM_001,Urban,11057.677723251854
2023-07-28,ATM_002,Rural,5660.664226497283
2023-07-28,ATM_003,Suburban,10036.349151404667
2023-07-28,ATM_004,Suburban,7406.944422985624
2023-07-28,ATM_005,Rural,6754.220433342609
2023-07-28,ATM_006,Urban,6332.823306806963
2023-07-28,ATM_007,Urban,7185.366453565699
2023-07-28,ATM_008,Rural,2867.208440708293
2023-07-28,ATM_009,Rural,5397.762726075365
2023-07-28,ATM_010,Suburban,5775.7372887129895
2023-07-28,ATM_011,Rural,7007.8704561718405
2023-07-28,ATM_012,Urban,9697.702756734518
2023-07-28,ATM_013,Rural,7293.3380658558945
2023-07-28,ATM_014,Suburban,6675.293230929325
2023-07-28,ATM_015,Suburban,7702.333270488572
2023-07-28,ATM_016,Rural,7187.792416137631
2023-07-28,ATM_017,Suburban,8762.467950513848
2023-07-28,ATM_018,Urban,9340.32980927309
2023-07-28,ATM_019,Urban,11582.5288028843
2023-07-28,ATM_020,Rural,3581.335268864357
2023-07-29,ATM_001,Urban,11077.04490414045
2023-07-29,ATM_002,Rural,7389.892423417821
2023-07-29,ATM_003,Suburban,10695.973751165888
2023-07-29,ATM_004,Suburban,9745.366458812037
2023-07-29,ATM_005,Rural,5922.351053349885
2023-07-29,ATM_006,Urban,7724.557926623461
2023-07-29,ATM_007,Urban,9202.245396237779
2023-07-29,ATM_008,Rural,8184.8430923470305
2023-07-29,ATM_009,Rural,7498.548949290833
2023-07-29,ATM_010,Suburban,7065.626683446142
2023-07-29,ATM_011,Rural,6394.579809991057
2023-07-29,ATM_012,Urban,12509.812275085034
2023-07-29,ATM_013,Rural,4618.626728685523
2023-07-29,ATM_014,Suburban,9083.434045598835
2023-07-29,ATM_015,Suburban,10069.432474327825
2023-07-29,ATM_016,Rural,9605.991691790352
2023-07-29,ATM_017,Suburban,10566.316226121264
2023-07-29,ATM_018,Urban,8306.377367158368
2023-07-29,ATM_019,Urban,13645.097687916194
2023-07-29,ATM_020,Rural,6057.912018547011
2023-07-30,ATM_001,Urban,11132.318820796832
2023-07-30,ATM_002,Rural,6777.031813213495
2023-07-30,ATM_003,Suburban,7751.677135647745
2023-07-30,ATM_004,Suburban,11186.854963132739
2023-07-30,ATM_005,Rural,9035.431165817095
2023-07-30,ATM_006,Urban,10386.61705032845
2023-07-30,ATM_007,Urban,9359.92309931084
2023-07-30,ATM_008,Rural,3958.8612179182924
2023-07-30,ATM_009,Rural,6522.4479603549435
2023-07-30,ATM_010,Suburban,7470.902086148002
2023-07-30,ATM_011,Rural,8766.418110276238
2023-07-30,ATM_012,Urban,10134.352398375846
2023-07-30,ATM_013,Rural,4186.903802899254
2023-07-30,ATM_014,Suburban,11958.521257281785
2023-07-30,ATM_015,Suburban,11664.260120932808
2023-07-30,ATM_016,Rural,5470.909101870658
2023-07-30,ATM_017,Suburban,10708.844293944012
2023-07-30,ATM_018,Urban,11417.085398566314
2023-07-30,ATM_019,Urban,8193.814465230138
2023-07-30,ATM_020,Rural,8716.87570717386
2023-07-31,ATM_001,Urban,11018.286490010212
2023-07-31,ATM_002,Rural,8633.291281266898
2023-07-31,ATM_003,Suburban,10610.295562270097
2023-07-31,ATM_004,Suburban,8846.898175378701
2023-07-31,ATM_005,Rural,9816.039877216435
2023-07-31,ATM_006,Urban,11608.68470076207
2023-07-31,ATM_007,Urban,11057.499258419952
2023-07-31,ATM_008,Rural,8810.455471375439
2023-07-31,ATM_009,Rural,5499.758240724123
2023-07-31,ATM_010,Suburban,7517.365383378512
2023-07-31,ATM_011,Rural,7017.744331690416
2023-07-31,ATM_012,Urban,11162.832150775483
2023-07-31,ATM_013,Rural,5487.041088242292
2023-07-31,ATM_014,Suburban,13415.788275887535
2023-07-31,ATM_015,Suburban,10804.749447539016
2023-07-31,ATM_016,Rural,7599.792926165914
2023-07-31,ATM_017,Suburban,10454.944876533093
2023-07-31,ATM_018,Urban,17483.326407381075
2023-07-31,ATM_019,Urban,14519.370533810707
2023-07-31,ATM_020,Rural,6067.772337473342
2023-08-01,ATM_001,Urban,8123.887889889538
2023-08-01,ATM_002,Rural,6622.363353372164
2023-08-01,ATM_003,Suburban,7280.625258374166
2023-08-01,ATM_004,Suburban,5961.035654740583
2023-08-01,ATM_005,Rural,2415.4173773123075
2023-08-01,ATM_006,Urban,7364.5346872694245
2023-08-01,ATM_007,Urban,11355.462220876507
2023-08-01,ATM_008,Rural,7935.878424046975
2023-08-01,ATM_009,Rural,3892.368503038073
2023-08-01,ATM_010,Suburban,8509.992100876145
2023-08-01,ATM_011,Rural,5037.918232695511
2023-08-01,ATM_012,Urban,8094.745008118422
2023-08-01,ATM_013,Rural,5762.178092468832
2023-08-01,ATM_014,Suburban,7549.43371667022
2023-08-01,ATM_015,Suburban,10249.005838658752
2023-08-01,ATM_016,Rural,4353.168800333825
2023-08-01,ATM_017,Suburban,6546.188638829005
2023-08-01,ATM_018,Urban,12345.595751240591
2023-08-01,ATM_019,Urban,10906.072893513407
2023-08-01,ATM_020,Rural,6282.553112837364
2023-08-02,ATM_001,Urban,9629.602525610606
2023-08-02,ATM_002,Rural,5296.815008301415
2023-08-02,ATM_003,Suburban,5925.264995246261
2023-08-02,ATM_004,Suburban,4841.23466144217
2023-08-02,ATM_005,Rural,4101.255899410942
2023-08-02,ATM_006,Urban,8237.644448099112
2023-08-02,ATM_007,Urban,8637.72313040825
2023-08-02,ATM_008,Rural,6538.903913397423
2023-08-02,ATM_009,Rural,7330.271652452443
2023-08-02,ATM_010,Suburban,6353.80830010964
2023-08-02,ATM_011,Rural,7329.055939925445
2023-08-02,ATM_012,Urban,10078.157873185326
2023-08-02,ATM_013,Rural,3751.245007323344
2023-08-02,ATM_014,Suburban,9686.924524700538
2023-08-02,ATM_015,Suburban,8966.199822720519
2023-08-02,ATM_016,Rural,4137.945728115066
2023-08-02,ATM_017,Suburban,6486.622139153889
2023-08-02,ATM_018,Urban,10475.304361227545
2023-08-02,ATM_019,Urban,5660.964497380879
2023-08-02,ATM_020,Rural,6388.877352090203
2023-08-03,ATM_001,Urban,8113.120989848687
2023-08-03,ATM_002,Rural,3591.9754841687627
2023-08-03,ATM_003,Suburban,6107.635228782654
2023-08-03,ATM_004,Suburban,4871.85110424442
2023-08-03,ATM_005,Rural,3842.830840518614
2023-08-03,ATM_006,Urban,8126.02786383702
2023-08-03,ATM_007,Urban,8347.578487165729
2023-08-03,ATM_008,Rural,4340.080754278964
2023-08-03,ATM_009,Rural,6001.510758357636
2023-08-03,ATM_010,Suburban,6001.459531159105
2023-08-03,ATM_011,Rural,3426.234131772516
2023-08-03,ATM_012,Urban,7005.68127118635
2023-08-03,ATM_013,Rural,2584.3553684649755
2023-08-03,ATM_014,Suburban,5265.5095529145465
2023-08-03,ATM_015,Suburban,7646.205072807689
2023-08-03,ATM_016,Rural,7760.403650468377
2023-08-03,ATM_017,Suburban,9071.315183684048
2023-08-03,ATM_018,Urban,9419.68672704018
2023-08-03,ATM_019,Urban,9545.483924197544
2023-08-03,ATM_020,Rural,5907.7024661687055
2023-08-04,ATM_001,Urban,9978.558652236907
2023-08-04,ATM_002,Rural,4554.102836602702
2023-08-04,ATM_003,Suburban,8380.272566470208
2023-08-04,ATM_004,Suburban,5009.31217002191
2023-08-04,ATM_005,Rural,4667.4857999180385
2023-08-04,ATM_006,Urban,10448.94336019066
2023-08-04,ATM_007,Urban,5696.175661108778
2023-08-04,ATM_008,Rural,3932.6153532835187
2023-08-04,ATM_009,Rural,6456.191210404212
2023-08-04,ATM_010,Suburban,8826.33410724444
2023-08-04,ATM_011,Rural,5363.323405682361
2023-08-04,ATM_012,Urban,8402.12829116257
2023-08-04,ATM_013,Rural,6110.514765047754
2023-08-04,ATM_014,Suburban,8878.941723691092
2023-08-04,ATM_015,Suburban,4442.304159705373
2023-08-04,ATM_016,Rural,8244.76167860294
2023-08-04,ATM_017,Suburban,8769.339280111017
2023-08-04,ATM_018,Urban,7489.969172874693
2023-08-04,ATM_019,Urban,9682.47327337747
2023-08-04,ATM_020,Rural,6983.995082395464
2023-08-05,ATM_001,Urban,11989.564801045603
2023-08-05,ATM_002,Rural,6982.2237664407685
2023-08-05,ATM_003,Suburban,11987.002928848537
2023-08-05,ATM_004,Suburban,7354.728740719715
2023-08-05,ATM_005,Rural,6093.658333833039
2023-08-05,ATM_006,Urban,12551.445762210493
2023-08-05,ATM_007,Urban,8227.492045421315
2023-08-05,ATM_008,Rural,3863.1945861834365
2023-08-05,ATM_009,Rural,4208.064716036473
2023-08-05,ATM_010,Suburban,7067.685762004642
2023-08-05,ATM_011,Rural,8342.995545444208
2023-08-05,ATM_012,Urban,7907.619733576883
2023-08-05,ATM_013,Rural,9116.433162402891
2023-08-05,ATM_014,Suburban,7659.843047472281
2023-08-05,ATM_015,Suburban,11476.540112867217
2023-08-05,ATM_016,Rural,2797.255175038582
2023-08-05,ATM_017,Suburban,9441.641439870491
2023-08-05,ATM_018,Urban,11180.913223280006
2023-08-05,ATM_019,Urban,11760.058218162763
2023-08-05,ATM_020,Rural,3961.177185861277
2023-08-06,ATM_001,Urban,13377.23542348453
2023-08-06,ATM_002,Rural,4590.8083107594675
2023-08-06,ATM_003,Suburban,11436.070912230556
2023-08-06,ATM_004,Suburban,8723.636827532107
2023-08-06,ATM_005,Rural,6519.091230227687
2023-08-06,ATM_006,Urban,13134.101493604867
2023-08-06,ATM_007,Urban,9603.797594393258
2023-08-06,ATM_008,Rural,5208.533627933668
2023-08-06,ATM_009,Rural,5090.7632463031505
2023-08-06,ATM_010,Suburban,9769.228660666313
2023-08-06,ATM_011,Rural,5306.900355035818
2023-08-06,ATM_012,Urban,13281.099259410625
2023-08-06,ATM_013,Rural,7144.131248715186
2023-08-06,ATM_014,Suburban,6676.270723986542
2023-08-06,ATM_015,Suburban,9296.613245606002
2023-08-06,ATM_016,Rural,6565.040122012843
2023-08-06,ATM_017,Suburban,7886.496516973339
2023-08-06,ATM_018,Urban,11788.8252537911
2023-08-06,ATM_019,Urban,11005.45005093877
2023-08-06,ATM_020,Rural,8854.13748054445
2023-08-07,ATM_001,Urban,10238.974120421191
2023-08-07,ATM_002,Rural,3397.4776726235996
2023-08-07,ATM_003,Suburban,5882.829230975868
2023-08-07,ATM_004,Suburban,7024.8042666047195
2023-08-07,ATM_005,Rural,4039.7886149511014
2023-08-07,ATM_006,Urban,8179.425335861669
2023-08-07,ATM_007,Urban,9764.384497499272
2023-08-07,ATM_008,Rural,3733.181520984582
2023-08-07,ATM_009,Rural,7304.456634092507
2023-08-07,ATM_010,Suburban,7719.748419794654
2023-08-07,ATM_011,Rural,4628.438559502939
2023-08-07,ATM_012,Urban,12009.519843085669
2023-08-07,ATM_013,Rural,4449.9806679723515
2023-08-07,ATM_014,Suburban,9165.277421532151
2023-08-07,ATM_015,Suburban,7822.42795087413
2023-08-07,ATM_016,Rural,7308.443554368006
2023-08-07,ATM_017,Suburban,6897.597829163598
2023-08-07,ATM_018,Urban,7762.384618248792
2023-08-07,ATM_019,Urban,7370.739364239165
2023-08-07,ATM_020,Rural,6885.172086559054
2023-08-08,ATM_001,Urban,9317.7980420322
2023-08-08,ATM_002,Rural,4120.215610549696
2023-08-08,ATM_003,Suburban,4979.355618266133
2023-08-08,ATM_004,Suburban,5996.677138930295
2023-08-08,ATM_005,Rural,6335.762861556748
2023-08-08,ATM_006,Urban,9403.492394684436
2023-08-08,ATM_007,Urban,7654.819024716857
2023-08-08,ATM_008,Rural,7381.250104769986
2023-08-08,ATM_009,Rural,5718.544323555911
2023-08-08,ATM_010,Suburban,9190.923819978781
2023-08-08,ATM_011,Rural,5598.532429352566
2023-08-08,ATM_012,Urban,9956.886793899072
2023-08-08,ATM_013,Rural,6468.613156132615
2023-08-08,ATM_014,Suburban,7607.57310982733
2023-08-08,ATM_015,Suburban,5722.243152123007
2023-08-08,ATM_016,Rural,7360.2661813263285
2023-08-08,ATM_017,Suburban,6324.065378441591
2023-08-08,ATM_018,Urban,6746.5387092826
2023-08-08,ATM_019,Urban,12479.240415510701
2023-08-08,ATM_020,Rural,2992.0005373306994
2023-08-09,ATM_001,Urban,5511.529287553524
2023-08-09,ATM_002,Rural,6186.560320482553
2023-08-09,ATM_003,Suburban,8073.074289292223
2023-08-09,ATM_004,Suburban,5711.903366849137
2023-08-09,ATM_005,Rural,3524.4187984441214
2023-08-09,ATM_006,Urban,11309.64881601632
2023-08-09,ATM_007,Urban,6276.183405572188
2023-08-09,ATM_008,Rural,6162.296345055547
2023-08-09,ATM_009,Rural,6304.829422147845
2023-08-09,ATM_010,Suburban,7188.098117163576
2023-08-09,ATM_011,Rural,6510.855920418686
2023-08-09,ATM_012,Urban,8196.02725434348
2023-08-09,ATM_013,Rural,2030.6963708301253
2023-08-09,ATM_014,Suburban,6884.091371240674
2023-08-09,ATM_015,Suburban,4796.528051616229
2023-08-09,ATM_016,Rural,5037.324813176616
2023-08-09,ATM_017,Suburban,9360.907570663334
2023-08-09,ATM_018,Urban,8386.292074612915
2023-08-09,ATM_019,Urban,10542.943702124518
2023-08-09,ATM_020,Rural,5799.509866240696
2023-08-10,ATM_001,Urban,9648.131841728282
2023-08-10,ATM_002,Rural,6553.998781324232
2023-08-10,ATM_003,Suburban,8219.374631324217
2023-08-10,ATM_004,Suburban,7598.329002636029
2023-08-10,ATM_005,Rural,6703.449415610784
2023-08-10,ATM_006,Urban,9881.941034845147
2023-08-10,ATM_007,Urban,4935.093985378582
2023-08-10,ATM_008,Rural,5495.226804386357
2023-08-10,ATM_009,Rural,2622.5006964415834
2023-08-10,ATM_010,Suburban,8555.951610236823
2023-08-10,ATM_011,Rural,4823.326922483169
2023-08-10,ATM_012,Urban,6911.793741767494
2023-08-10,ATM_013,Rural,2637.2874590691467
2023-08-10,ATM_014,Suburban,6113.823392404848
2023-08-10,ATM_015,Suburban,9122.418607071755
2023-08-10,ATM_016,Rural,6467.106003028984
2023-08-10,ATM_017,Suburban,6186.675641167007
2023-08-10,ATM_018,Urban,8625.882227938791
2023-08-10,ATM_019,Urban,7013.00383135819
2023-08-10,ATM_020,Rural,5627.956091136501
2023-08-11,ATM_001,Urban,9627.235625699443
2023-08-11,ATM_002,Rural,5706.296889180371
2023-08-11,ATM_003,Suburban,6125.530535585627
2023-08-11,ATM_004,Suburban,7286.546001718387
2023-08-11,ATM_005,Rural,8294.314060916106
2023-08-11,ATM_006,Urban,9529.383031155532
2023-08-11,ATM_007,Urban,9755.28773347745
2023-08-11,ATM_008,Rural,5692.919341195989
2023-08-11,ATM_009,Rural,3415.460848929819
2023-08-11,ATM_010,Suburban,8544.443470671242
2023-08-11,ATM_011,Rural,6918.497719327335
2023-08-11,ATM_012,Urban,7845.814724496827
2023-08-11,ATM_013,Rural,5566.751521310837
2023-08-11,ATM_014,Suburban,9220.399948985249
2023-08-11,ATM_015,Suburban,7355.537297332656
2023-08-11,ATM_016,Rural,3020.2818665838718
2023-08-11,ATM_017,Suburban,6958.826300593626
2023-08-11,ATM_018,Urban,8466.057596868146
2023-08-11,ATM_019,Urban,8557.292454316163
2023-08-11,ATM_020,Rural,7190.499539315701
2023-08-12,ATM_001,Urban,7846.3839794222295
2023-08-12,ATM_002,Rural,8292.565792488207
2023-08-12,ATM_003,Suburban,9040.43323983939
2023-08-12,ATM_004,Suburban,8709.275108821099
2023-08-12,ATM_005,Rural,8752.665465205062
2023-08-12,ATM_006,Urban,7972.501894593444
2023-08-12,ATM_007,Urban,11886.751193221568
2023-08-12,ATM_008,Rural,8344.166213591223
2023-08-12,ATM_009,Rural,7954.2866146746865
2023-08-12,ATM_010,Suburban,7027.922624844408
2023-08-12,ATM_011,Rural,9835.223616520729
2023-08-12,ATM_012,Urban,10275.7476096321
2023-08-12,ATM_013,Rural,9993.31913309235
2023-08-12,ATM_014,Suburban,7310.325585844217
2023-08-12,ATM_015,Suburban,5712.037025709057
2023-08-12,ATM_016,Rural,8910.196874265295
2023-08-12,ATM_017,Suburban,11326.391607803062
2023-08-12,ATM_018,Urban,10070.460886822313
2023-08-12,ATM_019,Urban,11195.708402807271
2023-08-12,ATM_020,Rural,8096.7405479598965
2023-08-13,ATM_001,Urban,12771.697391857035
2023-08-13,ATM_002,Rural,8953.837537093754
2023-08-13,ATM_003,Suburban,11123.673159677677
2023-08-13,ATM_004,Suburban,11140.350199349341
2023-08-13,ATM_005,Rural,10586.982079949305
2023-08-13,ATM_006,Urban,11452.977433501546
2023-08-13,ATM_007,Urban,12153.445295398786
2023-08-13,ATM_008,Rural,6559.002955877154
2023-08-13,ATM_009,Rural,7765.150770141285
2023-08-13,ATM_010,Suburban,6412.148136492614
2023-08-13,ATM_011,Rural,3272.0506344745627
2023-08-13,ATM_012,Urban,7799.871429042131
2023-08-13,ATM_013,Rural,9168.046938974254
2023-08-13,ATM_014,Suburban,8081.4625781354125
2023-08-13,ATM_015,Suburban,9520.116863795422
2023-08-13,ATM_016,Rural,6696.8616656911345
2023-08-13,ATM_017,Suburban,12884.133563824364
2023-08-13,ATM_018,Urban,10014.984020925902
2023-08-13,ATM_019,Urban,9094.698857182872
2023-08-13,ATM_020,Rural,7575.478772132478
2023-08-14,ATM_001,Urban,8590.187232267443
2023-08-14,ATM_002,Rural,5918.999009214317
2023-08-14,ATM_003,Suburban,7075.917863163677
2023-08-14,ATM_004,Suburban,5690.180738700029
2023-08-14,ATM_005,Rural,4837.697533848859
2023-08-14,ATM_006,Urban,7126.483636970304
2023-08-14,ATM_007,Urban,7383.719616965492
2023-08-14,ATM_008,Rural,7091.459426736774
2023-08-14,ATM_009,Rural,5168.603664421261
2023-08-14,ATM_010,Suburban,6089.998722019351
2023-08-14,ATM_011,Rural,5364.2101090918
2023-08-14,ATM_012,Urban,10997.457100309673
2023-08-14,ATM_013,Rural,4415.556468546112
2023-08-14,ATM_014,Suburban,7389.945879232431
2023-08-14,ATM_015,Suburban,8908.860545215151
2023-08-14,ATM_016,Rural,2917.5108901910635
2023-08-14,ATM_017,Suburban,5757.093010896582
2023-08-14,ATM_018,Urban,7580.0559662742435
2023-08-14,ATM_019,Urban,11406.736396794986
2023-08-14,ATM_020,Rural,5482.526869797753
2023-08-15,ATM_001,Urban,9815.97136864097
2023-08-15,ATM_002,Rural,4629.279847532722
2023-08-15,ATM_003,Suburban,6018.009474988117
2023-08-15,ATM_004,Suburban,6815.118409716301
2023-08-15,ATM_005,Rural,3378.718400894464
2023-08-15,ATM_006,Urban,7702.243586464577
2023-08-15,ATM_007,Urban,10087.311954274704
2023-08-15,ATM_008,Rural,7399.944195898939
2023-08-15,ATM_009,Rural,7268.1892375825055
2023-08-15,ATM_010,Suburban,6740.224519088473
2023-08-15,ATM_011,Rural,5670.717735983321
2023-08-15,ATM_012,Urban,10042.879876901343
2023-08-15,ATM_013,Rural,4009.0881666918467
2023-08-15,ATM_014,Suburban,6373.8941310510945
2023-08-15,ATM_015,Suburban,8561.526858410089
2023-08-15,ATM_016,Rural,7413.741554627307
2023-08-15,ATM_017,Suburban,6226.096032390662
2023-08-15,ATM_018,Urban,11038.59614692805
2023-08-15,ATM_019,Urban,8337.23275334767
2023-08-15,ATM_020,Rural,4407.470431001103
2023-08-16,ATM_001,Urban,8276.458609605814
2023-08-16,ATM_002,Rural,7179.557152551098
2023-08-16,ATM_003,Suburban,4986.589309514543
2023-08-16,ATM_004,Suburban,8008.103544484877
2023-08-16,ATM_005,Rural,5253.248634712364
2023-08-16,ATM_006,Urban,8566.642658375895
2023-08-16,ATM_007,Urban,9129.490392969672
2023-08-16,ATM_008,Rural,3046.2435408070232
2023-08-16,ATM_009,Rural,3900.907999324372
2023-08-16,ATM_010,Suburban,7160.867317812565
2023-08-16,ATM_011,Rural,5096.360782439426
2023-08-16,ATM_012,Urban,9462.164733034708
2023-08-16,ATM_013,Rural,4371.115684567867
2023-08-16,ATM_014,Suburban,8369.011279457778
2023-08-16,ATM_015,Suburban,6445.832682022021
2023-08-16,ATM_016,Rural,5575.632720554107
2023-08-16,ATM_017,Suburban,9196.875298494579
2023-08-16,ATM_018,Urban,7069.165299675473
2023-08-16,ATM_019,Urban,9881.592393578037
2023-08-16,ATM_020,Rural,7316.242902932085
2023-08-17,ATM_001,Urban,10081.592435532095
2023-08-17,ATM_002,Rural,2774.4900244962078
2023-08-17,ATM_003,Suburban,7825.940144182066
2023-08-17,ATM_004,Suburban,5898.813152827499
2023-08-17,ATM_005,Rural,4786.084210564941
2023-08-17,ATM_006,Urban,9111.117340420817
2023-08-17,ATM_007,Urban,7756.619621864783
2023-08-17,ATM_008,Rural,7384.638231744147
2023-08-17,ATM_009,Rural,7594.919207466474
2023-08-17,ATM_010,Suburban,10713.760316356016
2023-08-17,ATM_011,Rural,4838.079778987389
2023-08-17,ATM_012,Urban,10449.092400296677
2023-08-17,ATM_013,Rural,4591.339630825431
2023-08-17,ATM_014,Suburban,10266.112659163151
2023-08-17,ATM_015,Suburban,9079.198614290404
2023-08-17,ATM_016,Rural,6966.2873514375215
2023-08-17,ATM_017,Suburban,7519.82059539158
2023-08-17,ATM_018,Urban,7545.629118441591
2023-08-17,ATM_019,Urban,5693.432036043666
2023-08-17,ATM_020,Rural,5946.8552123392
2023-08-18,ATM_001,Urban,10713.205639546732
2023-08-18,ATM_002,Rural,6236.87502059408
2023-08-18,ATM_003,Suburban,6645.868860746025
2023-08-18,ATM_004,Suburban,9489.327933527306
2023-08-18,ATM_005,Rural,4999.266573180757
2023-08-18,ATM_006,Urban,4437.709482543201
2023-08-18,ATM_007,Urban,11777.603337417471
2023-08-18,ATM_008,Rural,5155.615911745989
2023-08-18,ATM_009,Rural,6032.63793837526
2023-08-18,ATM_010,Suburban,5898.233800949481
2023-08-18,ATM_011,Rural,4069.0797374865188
2023-08-18,ATM_012,Urban,9469.30219332397
2023-08-18,ATM_013,Rural,3667.380405498951
2023-08-18,ATM_014,Suburban,10399.576035496359
2023-08-18,ATM_015,Suburban,8601.85417976667
2023-08-18,ATM_016,Rural,3567.010005513871
2023-08-18,ATM_017,Suburban,8795.0000873787
2023-08-18,ATM_018,Urban,5163.339644053667
2023-08-18,ATM_019,Urban,8151.299071043746
2023-08-18,ATM_020,Rural,3545.872201334578
2023-08-19,ATM_001,Urban,10810.303692140333
2023-08-19,ATM_002,Rural,6852.8705095440155
2023-08-19,ATM_003,Suburban,10963.361905369482
2023-08-19,ATM_004,Suburban,8711.40981137805
2023-08-19,ATM_005,Rural,7286.4277795500175
2023-08-19,ATM_006,Urban,10699.677550543742
2023-08-19,ATM_007,Urban,7174.400500612432
2023-08-19,ATM_008,Rural,9795.92266692199
2023-08-19,ATM_009,Rural,6333.099045387431
2023-08-19,ATM_010,Suburban,6647.857956345531
2023-08-19,ATM_011,Rural,7564.018024403495
2023-08-19,ATM_012,Urban,8558.974585013912
2023-08-19,ATM_013,Rural,7165.661630055707
2023-08-19,ATM_014,Suburban,7349.549530480087
2023-08-19,ATM_015,Suburban,7399.872701037395
2023-08-19,ATM_016,Rural,6781.372144399671
2023-08-19,ATM_017,Suburban,12700.983523466031
2023-08-19,ATM_018,Urban,8271.720144178116
2023-08-19,ATM_019,Urban,7709.254056248675
2023-08-19,ATM_020,Rural,3842.5253772799233
2023-08-20,ATM_001,Urban,13555.944172611093
2023-08-20,ATM_002,Rural,5165.647655873914
2023-08-20,ATM_003,Suburban,10202.589235210162
2023-08-20,ATM_004,Suburban,8147.051604540248
2023-08-20,ATM_005,Rural,9010.531254975984
2023-08-20,ATM_006,Urban,12619.087065661355
2023-08-20,ATM_007,Urban,12584.051054173191
2023-08-20,ATM_008,Rural,8448.685563294805
2023-08-20,ATM_009,Rural,8825.828624481634
2023-08-20,ATM_010,Suburban,9412.23547218581
2023-08-20,ATM_011,Rural,5221.480428352664
2023-08-20,ATM_012,Urban,12693.662863418966
2023-08-20,ATM_013,Rural,9802.66353326508
2023-08-20,ATM_014,Suburban,10813.435239011122
2023-08-20,ATM_015,Suburban,6202.747663972804
2023-08-20,ATM_016,Rural,8218.770444783688
2023-08-20,ATM_017,Suburban,7232.442828858697
2023-08-20,ATM_018,Urban,11420.545570495424
2023-08-20,ATM_019,Urban,7547.224660258739
2023-08-20,ATM_020,Rural,5245.690179814169
2023-08-21,ATM_001,Urban,9841.134681048004
2023-08-21,ATM_002,Rural,5002.9173927911725
2023-08-21,ATM_003,Suburban,9186.934944336295
2023-08-21,ATM_004,Suburban,8074.395478423826
2023-08-21,ATM_005,Rural,2568.961173126324
2023-08-21,ATM_006,Urban,10284.966030250074
2023-08-21,ATM_007,Urban,10725.462680356544
2023-08-21,ATM_008,Rural,7517.62570389192
2023-08-21,ATM_009,Rural,8809.763245197822
2023-08-21,ATM_010,Suburban,6382.9760222941
2023-08-21,ATM_011,Rural,3124.9726935195304
2023-08-21,ATM_012,Urban,9096.468655866975
2023-08-21,ATM_013,Rural,8317.27930495285
2023-08-21,ATM_014,Suburban,7922.10341870262
2023-08-21,ATM_015,Suburban,7419.086535168408
2023-08-21,ATM_016,Rural,7659.291249144878
2023-08-21,ATM_017,Suburban,5703.989442413394
2023-08-21,ATM_018,Urban,10840.928660924157
2023-08-21,ATM_019,Urban,9123.354528299851
2023-08-21,ATM_020,Rural,6298.682092917909
2023-08-22,ATM_001,Urban,8771.986226524647
2023-08-22,ATM_002,Rural,4876.039821489984
2023-08-22,ATM_003,Suburban,8364.738929762221
2023-08-22,ATM_004,Suburban,7739.986826734903
2023-08-22,ATM_005,Rural,7821.371461565393
2023-08-22,ATM_006,Urban,9248.965037729817
2023-08-22,ATM_007,Urban,8149.430945648748
2023-08-22,ATM_008,Rural,8278.379909492101
2023-08-22,ATM_009,Rural,6349.065114026663
2023-08-22,ATM_010,Suburban,9251.257636219789
2023-08-22,ATM_011,Rural,6159.272980108694
2023-08-22,ATM_012,Urban,6859.538597261647
2023-08-22,ATM_013,Rural,3974.3211962674736
2023-08-22,ATM_014,Suburban,9787.150219463478
2023-08-22,ATM_015,Suburban,10308.130520066783
2023-08-22,ATM_016,Rural,4132.33766830634
2023-08-22,ATM_017,Suburban,7778.149241197284
2023-08-22,ATM_018,Urban,7202.770486227224
2023-08-22,ATM_019,Urban,11430.977976832815
2023-08-22,ATM_020,Rural,6888.504627347326
2023-08-23,ATM_001,Urban,9534.647668920657
2023-08-23,ATM_002,Rural,3645.0470449846316
2023-08-23,ATM_003,Suburban,6944.27971686096
2023-08-23,ATM_004,Suburban,6760.950926402907
2023-08-23,ATM_005,Rural,5958.020008832789
2023-08-23,ATM_006,Urban,10600.310728798639
2023-08-23,ATM_007,Urban,9165.211406417688
2023-08-23,ATM_008,Rural,3197.838816818413
2023-08-23,ATM_009,Rural,6467.860094187392
2023-08-23,ATM_010,Suburban,9836.897980844698
2023-08-23,ATM_011,Rural,6367.092102097811
2023-08-23,ATM_012,Urban,5602.595033314039
2023-08-23,ATM_013,Rural,7293.330016018511
2023-08-23,ATM_014,Suburban,6511.595677355767
2023-08-23,ATM_015,Suburban,7496.833919055769
2023-08-23,ATM_016,Rural,4230.98948396625
2023-08-23,ATM_017,Suburban,5086.5122634030195
2023-08-23,ATM_018,Urban,9303.20357371521
2023-08-23,ATM_019,Urban,5168.746514678075
2023-08-23,ATM_020,Rural,5229.090900513403
2023-08-24,ATM_001,Urban,7909.871197407062
2023-08-24,ATM_002,Rural,7216.597071855372
2023-08-24,ATM_003,Suburban,4736.545773794958
2023-08-24,ATM_004,Suburban,6329.099093992862
2023-08-24,ATM_005,Rural,3832.9003782355558
2023-08-24,ATM_006,Urban,10241.410754803946
2023-08-24,ATM_007,Urban,7482.23599591336
2023-08-24,ATM_008,Rural,6689.044023105354
2023-08-24,ATM_009,Rural,6724.437238361706
2023-08-24,ATM_010,Suburban,5118.594505441786
2023-08-24,ATM_011,Rural,6855.84618311715
2023-08-24,ATM_012,Urban,6175.234700587605
2023-08-24,ATM_013,Rural,3773.6610449125283
2023-08-24,ATM_014,Suburban,9370.367500468223
2023-08-24,ATM_015,Suburban,5710.314161223604
2023-08-24,ATM_016,Rural,5109.539377445357
2023-08-24,ATM_017,Suburban,10034.764278333043
2023-08-24,ATM_018,Urban,10818.31397845751
2023-08-24,ATM_019,Urban,9299.913313483776
2023-08-24,ATM_020,Rural,3418.121612602458
2023-08-25,ATM_001,Urban,9864.154357796015
2023-08-25,ATM_002,Rural,8017.886380806843
2023-08-25,ATM_003,Suburban,5120.197322261315
2023-08-25,ATM_004,Suburban,5328.650045922509
2023-08-25,ATM_005,Rural,7345.151253576044
2023-08-25,ATM_006,Urban,10420.2132733807
2023-08-25,ATM_007,Urban,8058.372112982015
2023-08-25,ATM_008,Rural,7248.604468074197
2023-08-25,ATM_009,Rural,2467.903481319232
2023-08-25,ATM_010,Suburban,6899.073997906461
2023-08-25,ATM_011,Rural,3645.716840325343
2023-08-25,ATM_012,Urban,5906.36675320772
2023-08-25,ATM_013,Rural,2416.3220636908673
2023-08-25,ATM_014,Suburban,7508.452382286613
2023-08-25,ATM_015,Suburban,7682.249797310252
2023-08-25,ATM_016,Rural,3689.2635636773534
2023-08-25,ATM_017,Suburban,6011.281173456452
2023-08-25,ATM_018,Urban,6494.746082221314
2023-08-25,ATM_019,Urban,8242.990417063624
2023-08-25,ATM_020,Rural,5862.112717928315
2023-08-26,ATM_001,Urban,11805.81036274591
2023-08-26,ATM_002,Rural,6601.1851240855885
2023-08-26,ATM_003,Suburban,11024.388263029587
2023-08-26,ATM_004,Suburban,9634.558590965797
2023-08-26,ATM_005,Rural,7955.382263942318
2023-08-26,ATM_006,Urban,12516.491427805895
2023-08-26,ATM_007,Urban,10339.876479521761
2023-08-26,ATM_008,Rural,5303.413079196377
2023-08-26,ATM_009,Rural,3829.2459632353975
2023-08-26,ATM_010,Suburban,10409.628519328078
2023-08-26,ATM_011,Rural,7029.621932760747
2023-08-26,ATM_012,Urban,8129.435841070179
2023-08-26,ATM_013,Rural,6315.163844207969
2023-08-26,ATM_014,Suburban,6264.681563701477
2023-08-26,ATM_015,Suburban,8679.951866926864
2023-08-26,ATM_016,Rural,3425.7718315234983
2023-08-26,ATM_017,Suburban,11042.74485456833
2023-08-26,ATM_018,Urban,12230.51741822806
2023-08-26,ATM_019,Urban,8624.786400381101
2023-08-26,ATM_020,Rural,5093.332380777147
2023-08-27,ATM_001,Urban,10556.859570156685
2023-08-27,ATM_002,Rural,7081.974061270955
2023-08-27,ATM_003,Suburban,6198.506194423332
2023-08-27,ATM_004,Suburban,10873.95266947208
2023-08-27,ATM_005,Rural,4142.15063669302
2023-08-27,ATM_006,Urban,11189.319455657607
2023-08-27,ATM_007,Urban,9382.834948937561
2023-08-27,ATM_008,Rural,8029.238235225909
2023-08-27,ATM_009,Rural,6983.105422127533
2023-08-27,ATM_010,Suburban,9305.201826529008
2023-08-27,ATM_011,Rural,3626.025943118947
2023-08-27,ATM_012,Urban,14198.8475594033
2023-08-27,ATM_013,Rural,5573.7698049996225
2023-08-27,ATM_014,Suburban,10144.768762617214
2023-08-27,ATM_015,Suburban,5597.312618087904
2023-08-27,ATM_016,Rural,3992.9879754223766
2023-08-27,ATM_017,Suburban,10664.539737971141
2023-08-27,ATM_018,Urban,11633.440751585296
2023-08-27,ATM_019,Urban,12169.419433496128
2023-08-27,ATM_020,Rural,6267.994126047936
2023-08-28,ATM_001,Urban,8452.989152473698
2023-08-28,ATM_002,Rural,3459.3959376319053
2023-08-28,ATM_003,Suburban,6434.328427796222
2023-08-28,ATM_004,Suburban,6619.674832784218
2023-08-28,ATM_005,Rural,2766.8141920333105
2023-08-28,ATM_006,Urban,6473.166106775696
2023-08-28,ATM_007,Urban,10489.360757312386
2023-08-28,ATM_008,Rural,6252.0673096285445
2023-08-28,ATM_009,Rural,3102.9532031485487
2023-08-28,ATM_010,Suburban,4157.152410488626
2023-08-28,ATM_011,Rural,5528.847283399024
2023-08-28,ATM_012,Urban,8382.905721973599
2023-08-28,ATM_013,Rural,7888.5660714669175
2023-08-28,ATM_014,Suburban,10684.65111784179
2023-08-28,ATM_015,Suburban,10036.224660715527
2023-08-28,ATM_016,Rural,6621.55111144359
2023-08-28,ATM_017,Suburban,8981.39160051258
2023-08-28,ATM_018,Urban,9160.874785828246
2023-08-28,ATM_019,Urban,8653.845929813066
2023-08-28,ATM_020,Rural,6426.310437883092
2023-08-29,ATM_001,Urban,9720.909377155465
2023-08-29,ATM_002,Rural,5940.73143104439
2023-08-29,ATM_003,Suburban,7395.446039164924
2023-08-29,ATM_004,Suburban,9259.347798174324
2023-08-29,ATM_005,Rural,4834.4995679541635
2023-08-29,ATM_006,Urban,8055.301660827042
2023-08-29,ATM_007,Urban,9256.875604180652
2023-08-29,ATM_008,Rural,6580.497289842147
2023-08-29,ATM_009,Rural,4244.7043133062425
2023-08-29,ATM_010,Suburban,8179.256266396403
2023-08-29,ATM_011,Rural,7689.588956418125
2023-08-29,ATM_012,Urban,9966.533885155064
2023-08-29,ATM_013,Rural,3631.817549798672
2023-08-29,ATM_014,Suburban,10057.451248351374
2023-08-29,ATM_015,Suburban,8847.015942857219
2023-08-29,ATM_016,Rural,4495.909863454432
2023-08-29,ATM_017,Suburban,6948.083067404787
2023-08-29,ATM_018,Urban,8856.888137528713
2023-08-29,ATM_019,Urban,9026.126470457739
2023-08-29,ATM_020,Rural,5841.206062095798
2023-08-30,ATM_001,Urban,11202.30909846204
2023-08-30,ATM_002,Rural,4683.685548446272
2023-08-30,ATM_003,Suburban,5510.939926605792
2023-08-30,ATM_004,Suburban,7058.424970388538
2023-08-30,ATM_005,Rural,5449.10231318532
2023-08-30,ATM_006,Urban,9065.427776612432
2023-08-30,ATM_007,Urban,10779.580589532892
2023-08-30,ATM_008,Rural,6243.236336987974
2023-08-30,ATM_009,Rural,6431.998282884506
2023-08-30,ATM_010,Suburban,6360.5337317518015
2023-08-30,ATM_011,Rural,5543.612876297771
2023-08-30,ATM_012,Urban,9033.909770718805
2023-08-30,ATM_013,Rural,7432.1887868954145
2023-08-30,ATM_014,Suburban,8295.598702477597
2023-08-30,ATM_015,Suburban,9462.028961291633
2023-08-30,ATM_016,Rural,6214.623253472598
2023-08-30,ATM_017,Suburban,6425.705357567813
2023-08-30,ATM_018,Urban,8437.559880600842
2023-08-30,ATM_019,Urban,9392.815058177552
2023-08-30,ATM_020,Rural,3698.804100471993
2023-08-31,ATM_001,Urban,11211.031864600502
2023-08-31,ATM_002,Rural,7969.097447522485
2023-08-31,ATM_003,Suburban,10703.395322902852
2023-08-31,ATM_004,Suburban,7841.100252050449
2023-08-31,ATM_005,Rural,3747.484396927547
2023-08-31,ATM_006,Urban,9212.29403762875
2023-08-31,ATM_007,Urban,10843.72313412513
2023-08-31,ATM_008,Rural,7522.48160914332
2023-08-31,ATM_009,Rural,5088.878495842153
2023-08-31,ATM_010,Suburban,7163.4834102888835
2023-08-31,ATM_011,Rural,6576.037579941711
2023-08-31,ATM_012,Urban,14217.824395526275
2023-08-31,ATM_013,Rural,7884.659543049135
2023-08-31,ATM_014,Suburban,7420.654199852186
2023-08-31,ATM_015,Suburban,14026.015868274417
2023-08-31,ATM_016,Rural,6532.174832673159
2023-08-31,ATM_017,Suburban,13077.625769157743
2023-08-31,ATM_018,Urban,14971.886385052843
2023-08-31,ATM_019,Urban,11176.901252626845
2023-08-31,ATM_020,Rural,9413.59788836468
2023-09-01,ATM_001,Urban,7263.7951135133235
2023-09-01,ATM_002,Rural,2689.6208503208154
2023-09-01,ATM_003,Suburban,7439.758448212115
2023-09-01,ATM_004,Suburban,8190.28177454175
2023-09-01,ATM_005,Rural,3971.6560823061286
2023-09-01,ATM_006,Urban,8001.593769882827
2023-09-01,ATM_007,Urban,9162.136272189879
2023-09-01,ATM_008,Rural,7085.156357019439
2023-09-01,ATM_009,Rural,2685.8847362628712
2023-09-01,ATM_010,Suburban,7664.571125097457
2023-09-01,ATM_011,Rural,3372.900266062525
2023-09-01,ATM_012,Urban,8715.785083557512
2023-09-01,ATM_013,Rural,6339.932656756878
2023-09-01,ATM_014,Suburban,6883.980095545674
2023-09-01,ATM_015,Suburban,9948.346215518577
2023-09-01,ATM_016,Rural,7556.324067227827
2023-09-01,ATM_017,Suburban,5484.491921672503
2023-09-01,ATM_018,Urban,8101.62301111567
2023-09-01,ATM_019,Urban,5492.527073502144
2023-09-01,ATM_020,Rural,6499.942000610918
2023-09-02,ATM_001,Urban,10798.52707742668
2023-09-02,ATM_002,Rural,5253.535029035228
2023-09-02,ATM_003,Suburban,8686.84779483935
2023-09-02,ATM_004,Suburban,8650.308804962511
2023-09-02,ATM_005,Rural,4939.9280119348805
2023-09-02,ATM_006,Urban,7936.951064139493
2023-09-02,ATM_007,Urban,12913.70476738917
2023-09-02,ATM_008,Rural,5894.555442475543
2023-09-02,ATM_009,Rural,4580.518720505981
2023-09-02,ATM_010,Suburban,7580.755394995364
2023-09-02,ATM_011,Rural,6083.908150894614
2023-09-02,ATM_012,Urban,12077.04313609614
2023-09-02,ATM_013,Rural,3834.0750095165067
2023-09-02,ATM_014,Suburban,6626.6971371531345
2023-09-02,ATM_015,Suburban,6839.577928573038
2023-09-02,ATM_016,Rural,6808.020292738061
2023-09-02,ATM_017,Suburban,10468.087342357994
2023-09-02,ATM_018,Urban,8902.708942531017
2023-09-02,ATM_019,Urban,10611.171809605396
2023-09-02,ATM_020,Rural,8980.65841864853
2023-09-03,ATM_001,Urban,13849.59864246918
2023-09-03,ATM_002,Rural,8914.085745877599
2023-09-03,ATM_003,Suburban,7740.374224484048
2023-09-03,ATM_004,Suburban,11633.089421226445
2023-09-03,ATM_005,Rural,8090.713727064255
2023-09-03,ATM_006,Urban,11409.144177550043
2023-09-03,ATM_007,Urban,9483.65484666215
2023-09-03,ATM_008,Rural,4184.416501319519
2023-09-03,ATM_009,Rural,9079.319029930615
2023-09-03,ATM_010,Suburban,11338.749161061984
2023-09-03,ATM_011,Rural,7406.3574265524485
2023-09-03,ATM_012,Urban,13111.436303006762
2023-09-03,ATM_013,Rural,4132.296844646817
2023-09-03,ATM_014,Suburban,10496.296714611377
2023-09-03,ATM_015,Suburban,10952.888550596384
2023-09-03,ATM_016,Rural,5673.399661946192
2023-09-03,ATM_017,Suburban,5469.68873640593
2023-09-03,ATM_018,Urban,14056.762222887772
2023-09-03,ATM_019,Urban,12903.545148109693
2023-09-03,ATM_020,Rural,9375.661668300248
2023-09-04,ATM_001,Urban,9558.002955650072
2023-09-04,ATM_002,Rural,3700.3937914423786
2023-09-04,ATM_003,Suburban,5262.258810212583
2023-09-04,ATM_004,Suburban,7003.347026655069
2023-09-04,ATM_005,Rural,7775.892779590743
2023-09-04,ATM_006,Urban,11064.046608780687
2023-09-04,ATM_007,Urban,7577.392780830629
2023-09-04,ATM_008,Rural,7122.361767312316
2023-09-04,ATM_009,Rural,5657.423041381904
2023-09-04,ATM_010,Suburban,7961.725260066544
2023-09-04,ATM_011,Rural,6421.181374706113
2023-09-04,ATM_012,Urban,11097.27107175131
2023-09-04,ATM_013,Rural,4751.2442411689835
2023-09-04,ATM_014,Suburban,8869.449104098336
2023-09-04,ATM_015,Suburban,9121.930900031151
2023-09-04,ATM_016,Rural,6980.854497703854
2023-09-04,ATM_017,Suburban,10334.599819795645
2023-09-04,ATM_018,Urban,7393.691437710723
2023-09-04,ATM_019,Urban,7138.912990702477
2023-09-04,ATM_020,Rural,5399.103497658585
2023-09-05,ATM_001,Urban,10167.631436204512
2023-09-05,ATM_002,Rural,6238.297577024488
2023-09-05,ATM_003,Suburban,8172.911457225056
2023-09-05,ATM_004,Suburban,8107.149382716449
2023-09-05,ATM_005,Rural,5501.97401873992
2023-09-05,ATM_006,Urban,4899.597941521168
2023-09-05,ATM_007,Urban,8396.10844915027
2023-09-05,ATM_008,Rural,7904.947024400851
2023-09-05,ATM_009,Rural,5520.654888509646
2023-09-05,ATM_010,Suburban,10277.071151269218
2023-09-05,ATM_011,Rural,3276.999192789249
2023-09-05,ATM_012,Urban,7318.80643205997
2023-09-05,ATM_013,Rural,7546.618628462206
2023-09-05,ATM_014,Suburban,6218.635814505666
2023-09-05,ATM_015,Suburban,6944.174204944766
2023-09-05,ATM_016,Rural,3783.825641717491
2023-09-05,ATM_017,Suburban,9345.125133270602
2023-09-05,ATM_018,Urban,6887.835726702556
2023-09-05,ATM_019,Urban,8509.798943374222
2023-09-05,ATM_020,Rural,7906.681205401303
2023-09-06,ATM_001,Urban,10545.794540605239
2023-09-06,ATM_002,Rural,3744.1272036023147
2023-09-06,ATM_003,Suburban,7789.448836657429
2023-09-06,ATM_004,Suburban,4996.793646719199
2023-09-06,ATM_005,Rural,5438.670331835398
2023-09-06,ATM_006,Urban,10409.417939098405
2023-09-06,ATM_007,Urban,9038.226454757863
2023-09-06,ATM_008,Rural,4921.480586520808
2023-09-06,ATM_009,Rural,3499.5002879819212
2023-09-06,ATM_010,Suburban,6053.652643001545
2023-09-06,ATM_011,Rural,2767.7936640752623
2023-09-06,ATM_012,Urban,8649.917288885772
2023-09-06,ATM_013,Rural,6815.764289613798
2023-09-06,ATM_014,Suburban,6453.678192515919
2023-09-06,ATM_015,Suburban,7334.020508785871
2023-09-06,ATM_016,Rural,4151.145689558597
2023-09-06,ATM_017,Suburban,9747.685318711767
2023-09-06,ATM_018,Urban,7507.530123654811
2023-09-06,ATM_019,Urban,5155.193205394377
2023-09-06,ATM_020,Rural,5696.786554361423
2023-09-07,ATM_001,Urban,9567.895828431914
2023-09-07,ATM_002,Rural,6141.975861773938
2023-09-07,ATM_003,Suburban,7462.843153178723
2023-09-07,ATM_004,Suburban,7141.397742380362
2023-09-07,ATM_005,Rural,4412.059342174707
2023-09-07,ATM_006,Urban,9520.482888992286
2023-09-07,ATM_007,Urban,7553.677564102034
2023-09-07,ATM_008,Rural,7446.346088203165
2023-09-07,ATM_009,Rural,4542.173007666878
2023-09-07,ATM_010,Suburban,6311.548712824441
2023-09-07,ATM_011,Rural,5595.45150971041
2023-09-07,ATM_012,Urban,9953.42137715847
2023-09-07,ATM_013,Rural,6252.000058530028
2023-09-07,ATM_014,Suburban,7633.275025978865
2023-09-07,ATM_015,Suburban,9337.648334238034
2023-09-07,ATM_016,Rural,7347.5198699385155
2023-09-07,ATM_017,Suburban,8927.888772722416
2023-09-07,ATM_018,Urban,10845.488855945257
2023-09-07,ATM_019,Urban,11340.724277385163
2023-09-07,ATM_020,Rural,7684.445450677402
2023-09-08,ATM_001,Urban,10669.340374035892
2023-09-08,ATM_002,Rural,4524.226389236086
2023-09-08,ATM_003,Suburban,8880.370066308438
2023-09-08,ATM_004,Suburban,8003.216491879326
2023-09-08,ATM_005,Rural,5708.957270603984
2023-09-08,ATM_006,Urban,7953.1931186786205
2023-09-08,ATM_007,Urban,9574.409687154111
2023-09-08,ATM_008,Rural,5997.37507853702
2023-09-08,ATM_009,Rural,5344.626279052204
2023-09-08,ATM_010,Suburban,8767.09408975776
2023-09-08,ATM_011,Rural,4003.9542471429786
2023-09-08,ATM_012,Urban,11814.12576307223
2023-09-08,ATM_013,Rural,4897.440442976172
2023-09-08,ATM_014,Suburban,10040.34549189567
2023-09-08,ATM_015,Suburban,8977.867069049797
2023-09-08,ATM_016,Rural,7891.09607322519
2023-09-08,ATM_017,Suburban,8286.41241795464
2023-09-08,ATM_018,Urban,8786.308984130823
2023-09-08,ATM_019,Urban,9056.775073022305
2023-09-08,ATM_020,Rural,5850.710983291467
2023-09-09,ATM_001,Urban,13319.349725971546
2023-09-09,ATM_002,Rural,7189.770274802342
2023-09-09,ATM_003,Suburban,6383.34391179944
2023-09-09,ATM_004,Suburban,8126.28044695436
2023-09-09,ATM_005,Rural,9536.42386096278
2023-09-09,ATM_006,Urban,12413.79914349139
2023-09-09,ATM_007,Urban,11076.53527783986
2023-09-09,ATM_008,Rural,5594.046174053824
2023-09-09,ATM_009,Rural,8354.17093017854
2023-09-09,ATM_010,Suburban,12527.408511927737
2023-09-09,ATM_011,Rural,6101.42524403858
2023-09-09,ATM_012,Urban,12383.144463475353
2023-09-09,ATM_013,Rural,5883.809577604659
2023-09-09,ATM_014,Suburban,8109.615511956091
2023-09-09,ATM_015,Suburban,10912.042718025446
2023-09-09,ATM_016,Rural,3468.316255897081
2023-09-09,ATM_017,Suburban,9121.594028063675
2023-09-09,ATM_018,Urban,12836.252403874234
2023-09-09,ATM_019,Urban,12595.733014574938
2023-09-09,ATM_020,Rural,6640.836511234135
2023-09-10,ATM_001,Urban,8868.007852520877
2023-09-10,ATM_002,Rural,7428.000779132123
2023-09-10,ATM_003,Suburban,11423.558074583016
2023-09-10,ATM_004,Suburban,8720.2657678311
2023-09-10,ATM_005,Rural,5288.044972237739
2023-09-10,ATM_006,Urban,10324.364768279167
2023-09-10,ATM_007,Urban,12980.268682362355
2023-09-10,ATM_008,Rural,8833.458744290496
2023-09-10,ATM_009,Rural,7248.417575191746
2023-09-10,ATM_010,Suburban,9522.908958132615
2023-09-10,ATM_011,Rural,8185.147006319071
2023-09-10,ATM_012,Urban,9091.87342248142
2023-09-10,ATM_013,Rural,5485.674952280902
2023-09-10,ATM_014,Suburban,8666.636665669468
2023-09-10,ATM_015,Suburban,8988.297662184388
2023-09-10,ATM_016,Rural,5973.944152345069
2023-09-10,ATM_017,Suburban,6252.763851233605
2023-09-10,ATM_018,Urban,12153.08493772618
2023-09-10,ATM_019,Urban,9485.94482575656
2023-09-10,ATM_020,Rural,5919.9918462542755
2023-09-11,ATM_001,Urban,10703.992172428125
2023-09-11,ATM_002,Rural,6507.071957427119
2023-09-11,ATM_003,Suburban,8454.845559473664
2023-09-11,ATM_004,Suburban,4187.6335860333675
2023-09-11,ATM_005,Rural,3636.5638680919014
2023-09-11,ATM_006,Urban,7961.435451116277
2023-09-11,ATM_007,Urban,9605.411517839964
2023-09-11,ATM_008,Rural,6032.011387560422
2023-09-11,ATM_009,Rural,5061.694383700828
2023-09-11,ATM_010,Suburban,6300.566989340898
2023-09-11,ATM_011,Rural,6476.984694712478
2023-09-11,ATM_012,Urban,9674.675029071454
2023-09-11,ATM_013,Rural,5698.353682890613
2023-09-11,ATM_014,Suburban,7209.793485399074
2023-09-11,ATM_015,Suburban,9012.306223756468
2023-09-11,ATM_016,Rural,2939.1978736724373
2023-09-11,ATM_017,Suburban,8821.74795487808
2023-09-11,ATM_018,Urban,8541.706311928769
2023-09-11,ATM_019,Urban,9957.630698237526
2023-09-11,ATM_020,Rural,4642.066871472676
2023-09-12,ATM_001,Urban,11315.659543978085
2023-09-12,ATM_002,Rural,3601.384331141162
2023-09-12,ATM_003,Suburban,7558.024733531996
2023-09-12,ATM_004,Suburban,5932.751092413868
2023-09-12,ATM_005,Rural,7218.348457557746
2023-09-12,ATM_006,Urban,10014.205295828751
2023-09-12,ATM_007,Urban,5797.7552966731
2023-09-12,ATM_008,Rural,4412.418183943015
2023-09-12,ATM_009,Rural,3571.2322251617898
2023-09-12,ATM_010,Suburban,8134.081601010809
2023-09-12,ATM_011,Rural,5889.138310331138
2023-09-12,ATM_012,Urban,8837.121334941443
2023-09-12,ATM_013,Rural,8073.506690750856
2023-09-12,ATM_014,Suburban,5407.230959053348
2023-09-12,ATM_015,Suburban,9032.905745861914
2023-09-12,ATM_016,Rural,4394.539332807495
2023-09-12,ATM_017,Suburban,7591.032669857344
2023-09-12,ATM_018,Urban,9634.00572724623
2023-09-12,ATM_019,Urban,6635.70407618765
2023-09-12,ATM_020,Rural,4843.215312606711
2023-09-13,ATM_001,Urban,10514.48926247373
2023-09-13,ATM_002,Rural,4265.177333171831
2023-09-13,ATM_003,Suburban,10904.154897862169
2023-09-13,ATM_004,Suburban,8025.157036651241
2023-09-13,ATM_005,Rural,3788.7110129637363
2023-09-13,ATM_006,Urban,10113.429088077159
2023-09-13,ATM_007,Urban,11606.123886292737
2023-09-13,ATM_008,Rural,6392.049108443243
2023-09-13,ATM_009,Rural,7365.9939590663325
2023-09-13,ATM_010,Suburban,9467.840405541445
2023-09-13,ATM_011,Rural,7224.825099166948
2023-09-13,ATM_012,Urban,7278.77226840523
2023-09-13,ATM_013,Rural,7716.699644929498
2023-09-13,ATM_014,Suburban,4890.747825127753
2023-09-13,ATM_015,Suburban,9663.381075245095
2023-09-13,ATM_016,Rural,7580.200722192309
2023-09-13,ATM_017,Suburban,6762.30624202851
2023-09-13,ATM_018,Urban,8334.122193753486
2023-09-13,ATM_019,Urban,7661.537396168483
2023-09-13,ATM_020,Rural,7376.237636900404
2023-09-14,ATM_001,Urban,7398.509470521525
2023-09-14,ATM_002,Rural,5123.22851748408
2023-09-14,ATM_003,Suburban,5740.295926726318
2023-09-14,ATM_004,Suburban,8773.44777713018
2023-09-14,ATM_005,Rural,4790.738916620736
2023-09-14,ATM_006,Urban,7603.356221378871
2023-09-14,ATM_007,Urban,8897.391627154742
2023-09-14,ATM_008,Rural,4690.800008229166
2023-09-14,ATM_009,Rural,5025.729662032866
2023-09-14,ATM_010,Suburban,5853.05597676054
2023-09-14,ATM_011,Rural,4903.687706415765
2023-09-14,ATM_012,Urban,11394.72493816838
2023-09-14,ATM_013,Rural,5229.727456048822
2023-09-14,ATM_014,Suburban,10250.572989401924
2023-09-14,ATM_015,Suburban,8927.803480522747
2023-09-14,ATM_016,Rural,3237.4339907344574
2023-09-14,ATM_017,Suburban,9485.733243055647
2023-09-14,ATM_018,Urban,8715.010722165744
2023-09-14,ATM_019,Urban,10483.312925152317
2023-09-14,ATM_020,Rural,5218.300468250745
2023-09-15,ATM_001,Urban,9611.224111832416
2023-09-15,ATM_002,Rural,7517.304163274166
2023-09-15,ATM_003,Suburban,9776.685543876047
2023-09-15,ATM_004,Suburban,5092.407073964146
2023-09-15,ATM_005,Rural,6615.252500852634
2023-09-15,ATM_006,Urban,8671.505548845305
2023-09-15,ATM_007,Urban,7543.587929860709
2023-09-15,ATM_008,Rural,6248.864394084024
2023-09-15,ATM_009,Rural,7090.638553851819
2023-09-15,ATM_010,Suburban,7398.606397783497
2023-09-15,ATM_011,Rural,4640.139821351006
2023-09-15,ATM_012,Urban,7485.1016586281185
2023-09-15,ATM_013,Rural,6491.563377019538
2023-09-15,ATM_014,Suburban,8300.346820770306
2023-09-15,ATM_015,Suburban,8710.004804384298
2023-09-15,ATM_016,Rural,6878.107295984469
2023-09-15,ATM_017,Suburban,9114.165636350983
2023-09-15,ATM_018,Urban,8935.14446159458
2023-09-15,ATM_019,Urban,10729.7120834068
2023-09-15,ATM_020,Rural,4856.067169512343
2023-09-16,ATM_001,Urban,12306.74139616007
2023-09-16,ATM_002,Rural,4997.688260894314
2023-09-16,ATM_003,Suburban,9797.753559040235
2023-09-16,ATM_004,Suburban,6696.984950157047
2023-09-16,ATM_005,Rural,5495.646103024681
2023-09-16,ATM_006,Urban,10501.88159986855
2023-09-16,ATM_007,Urban,10266.5730216723
2023-09-16,ATM_008,Rural,4824.810852054197
2023-09-16,ATM_009,Rural,3576.791232853624
2023-09-16,ATM_010,Suburban,10856.042481593373
2023-09-16,ATM_011,Rural,3665.936200150217
2023-09-16,ATM_012,Urban,13890.757639077314
2023-09-16,ATM_013,Rural,8803.833936328683
2023-09-16,ATM_014,Suburban,8059.16562926591
2023-09-16,ATM_015,Suburban,8305.100672558392
2023-09-16,ATM_016,Rural,8119.128677749001
2023-09-16,ATM_017,Suburban,8145.173866551133
2023-09-16,ATM_018,Urban,11062.381805497822
2023-09-16,ATM_019,Urban,12376.802805898955
2023-09-16,ATM_020,Rural,7097.430112521387
2023-09-17,ATM_001,Urban,6197.231778635461
2023-09-17,ATM_002,Rural,8582.777325526127
2023-09-17,ATM_003,Suburban,6817.656825650886
2023-09-17,ATM_004,Suburban,6502.42261434249
2023-09-17,ATM_005,Rural,5923.390617843254
2023-09-17,ATM_006,Urban,11907.692949383878
2023-09-17,ATM_007,Urban,9726.869130346702
2023-09-17,ATM_008,Rural,5957.017578779132
2023-09-17,ATM_009,Rural,8752.48214264978
2023-09-17,ATM_010,Suburban,11049.937837193778
2023-09-17,ATM_011,Rural,8124.689414844393
2023-09-17,ATM_012,Urban,12871.378075107974
2023-09-17,ATM_013,Rural,8583.0308397724
2023-09-17,ATM_014,Suburban,11404.403519941407
2023-09-17,ATM_015,Suburban,8823.974113120808
2023-09-17,ATM_016,Rural,4522.642774261156
2023-09-17,ATM_017,Suburban,6639.437855949178
2023-09-17,ATM_018,Urban,9257.880694542002
2023-09-17,ATM_019,Urban,12951.9343543426
2023-09-17,ATM_020,Rural,7396.985523923524
2023-09-18,ATM_001,Urban,5801.696282683267
2023-09-18,ATM_002,Rural,5489.366746200399
2023-09-18,ATM_003,Suburban,8603.163079537942
2023-09-18,ATM_004,Suburban,9529.139597094469
2023-09-18,ATM_005,Rural,6810.879676914743
2023-09-18,ATM_006,Urban,6603.680931477746
2023-09-18,ATM_007,Urban,7832.928860125392
2023-09-18,ATM_008,Rural,6094.747691682511
2023-09-18,ATM_009,Rural,4811.216697982179
2023-09-18,ATM_010,Suburban,6579.065477387077
2023-09-18,ATM_011,Rural,3692.2272815982597
2023-09-18,ATM_012,Urban,11272.34258121358
2023-09-18,ATM_013,Rural,7472.350182384544
2023-09-18,ATM_014,Suburban,7516.517781437502
2023-09-18,ATM_015,Suburban,5399.178258274619
2023-09-18,ATM_016,Rural,4092.2731644297187
2023-09-18,ATM_017,Suburban,7846.182206704951
2023-09-18,ATM_018,Urban,6677.537530450482
2023-09-18,ATM_019,Urban,9594.430035102678
2023-09-18,ATM_020,Rural,5034.8587645870275
2023-09-19,ATM_001,Urban,9867.991584625974
2023-09-19,ATM_002,Rural,6915.578073425312
2023-09-19,ATM_003,Suburban,8023.811723599996
2023-09-19,ATM_004,Suburban,5447.630852522392
2023-09-19,ATM_005,Rural,3509.3889698581133
2023-09-19,ATM_006,Urban,6872.856618884612
2023-09-19,ATM_007,Urban,11382.134653615029
2023-09-19,ATM_008,Rural,7407.561518850882
2023-09-19,ATM_009,Rural,8020.885535551561
2023-09-19,ATM_010,Suburban,6756.083359708374
2023-09-19,ATM_011,Rural,6152.8238688223255
2023-09-19,ATM_012,Urban,9237.31613367172
2023-09-19,ATM_013,Rural,7154.67277217447
2023-09-19,ATM_014,Suburban,9190.891988480043
2023-09-19,ATM_015,Suburban,5836.2647210930245
2023-09-19,ATM_016,Rural,6902.638118939862
2023-09-19,ATM_017,Suburban,8645.905918101846
2023-09-19,ATM_018,Urban,8230.547830326652
2023-09-19,ATM_019,Urban,11473.971984133865
2023-09-19,ATM_020,Rural,8486.901484958795
2023-09-20,ATM_001,Urban,11687.829882298578
2023-09-20,ATM_002,Rural,6212.630068708119
2023-09-20,ATM_003,Suburban,6980.802227834464
2023-09-20,ATM_004,Suburban,8108.35056442037
2023-09-20,ATM_005,Rural,5015.7441574224895
2023-09-20,ATM_006,Urban,9725.512300351116
2023-09-20,ATM_007,Urban,7555.9801126584425
2023-09-20,ATM_008,Rural,7226.753993700159
2023-09-20,ATM_009,Rural,6954.490436215192
2023-09-20,ATM_010,Suburban,5968.677393634175
2023-09-20,ATM_011,Rural,7520.095485022141
2023-09-20,ATM_012,Urban,7175.600531257488
2023-09-20,ATM_013,Rural,2583.002535071707
2023-09-20,ATM_014,Suburban,8283.96849735358
2023-09-20,ATM_015,Suburban,5419.552602696816
2023-09-20,ATM_016,Rural,6494.240670281536
2023-09-20,ATM_017,Suburban,8677.353142816368
2023-09-20,ATM_018,Urban,8667.448675537955
2023-09-20,ATM_019,Urban,8062.781894082559
2023-09-20,ATM_020,Rural,5202.200317909016
2023-09-21,ATM_001,Urban,8805.612011938692
2023-09-21,ATM_002,Rural,6482.153514734073
2023-09-21,ATM_003,Suburban,5607.685378734396
2023-09-21,ATM_004,Suburban,6495.118877036291
2023-09-21,ATM_005,Rural,5288.121469112395
2023-09-21,ATM_006,Urban,6818.226630779404
2023-09-21,ATM_007,Urban,8103.520128025851
2023-09-21,ATM_008,Rural,7927.390425588867
2023-09-21,ATM_009,Rural,7399.736255142079
2023-09-21,ATM_010,Suburban,9354.353326457405
2023-09-21,ATM_011,Rural,4178.438645506753
2023-09-21,ATM_012,Urban,7341.261332408093
2023-09-21,ATM_013,Rural,6310.594557259356
2023-09-21,ATM_014,Suburban,7263.530971125489
2023-09-21,ATM_015,Suburban,6153.17412137778
2023-09-21,ATM_016,Rural,6594.791283992528
2023-09-21,ATM_017,Suburban,6505.903351694253
2023-09-21,ATM_018,Urban,6857.730349792213
2023-09-21,ATM_019,Urban,11673.42526846608
2023-09-21,ATM_020,Rural,5675.864292506371
2023-09-22,ATM_001,Urban,11064.793629459962
2023-09-22,ATM_002,Rural,4339.769654464136
2023-09-22,ATM_003,Suburban,8375.473823367418
2023-09-22,ATM_004,Suburban,9698.388259302008
2023-09-22,ATM_005,Rural,6525.2320227794235
2023-09-22,ATM_006,Urban,10967.632244796438
2023-09-22,ATM_007,Urban,9556.793428473024
2023-09-22,ATM_008,Rural,2576.118766227932
2023-09-22,ATM_009,Rural,5149.315865458288
2023-09-22,ATM_010,Suburban,6863.8044269351285
2023-09-22,ATM_011,Rural,7683.194833206297
2023-09-22,ATM_012,Urban,8326.004415948639
2023-09-22,ATM_013,Rural,4610.629256640934
2023-09-22,ATM_014,Suburban,10066.678754346067
2023-09-22,ATM_015,Suburban,8217.861608411888
2023-09-22,ATM_016,Rural,3595.6879603649486
2023-09-22,ATM_017,Suburban,9142.974910604657
2023-09-22,ATM_018,Urban,9072.95873467973
2023-09-22,ATM_019,Urban,11189.13547524334
2023-09-22,ATM_020,Rural,5546.806122131871
2023-09-23,ATM_001,Urban,9722.586302006514
2023-09-23,ATM_002,Rural,3611.6954969057947
2023-09-23,ATM_003,Suburban,7046.517549403951
2023-09-23,ATM_004,Suburban,6157.605895028458
2023-09-23,ATM_005,Rural,4341.5057776548265
2023-09-23,ATM_006,Urban,12139.944168296874
2023-09-23,ATM_007,Urban,8107.357703282861
2023-09-23,ATM_008,Rural,5902.691945398218
2023-09-23,ATM_009,Rural,6714.029398075681
2023-09-23,ATM_010,Suburban,7814.850081272405
2023-09-23,ATM_011,Rural,5884.06919800183
2023-09-23,ATM_012,Urban,12931.417056918865
2023-09-23,ATM_013,Rural,5720.556409993817
2023-09-23,ATM_014,Suburban,7662.302280995549
2023-09-23,ATM_015,Suburban,6618.483425366751
2023-09-23,ATM_016,Rural,7008.809021012562
2023-09-23,ATM_017,Suburban,8988.925941143383
2023-09-23,ATM_018,Urban,7195.355807576781
2023-09-23,ATM_019,Urban,8024.3869021863575
2023-09-23,ATM_020,Rural,6235.43018519103
2023-09-24,ATM_001,Urban,9249.927518201914
2023-09-24,ATM_002,Rural,8940.588221690876
2023-09-24,ATM_003,Suburban,11658.28920176611
2023-09-24,ATM_004,Suburban,10347.97525831101
2023-09-24,ATM_005,Rural,7355.503739618289
2023-09-24,ATM_006,Urban,8081.17361935381
2023-09-24,ATM_007,Urban,10806.889120745178
2023-09-24,ATM_008,Rural,7909.146982421987
2023-09-24,ATM_009,Rural,8536.615761116087
2023-09-24,ATM_010,Suburban,7607.950528800468
2023-09-24,ATM_011,Rural,5674.609982288273
2023-09-24,ATM_012,Urban,9559.114970190434
2023-09-24,ATM_013,Rural,6244.046775505742
2023-09-24,ATM_014,Suburban,10013.381853647614
2023-09-24,ATM_015,Suburban,6433.069026590532
2023-09-24,ATM_016,Rural,3731.3845682395104
2023-09-24,ATM_017,Suburban,7123.205053649859
2023-09-24,ATM_018,Urban,10021.687387724261
2023-09-24,ATM_019,Urban,10654.609558719816
2023-09-24,ATM_020,Rural,8350.566214003344
2023-09-25,ATM_001,Urban,11882.241826967504
2023-09-25,ATM_002,Rural,7558.985882470474
2023-09-25,ATM_003,Suburban,5884.804086232801
2023-09-25,ATM_004,Suburban,6363.703471407526
2023-09-25,ATM_005,Rural,5810.284745808332
2023-09-25,ATM_006,Urban,10635.70021845382
2023-09-25,ATM_007,Urban,6372.574420721962
2023-09-25,ATM_008,Rural,7696.354540958874
2023-09-25,ATM_009,Rural,4554.241920691937
2023-09-25,ATM_010,Suburban,9602.611212888694
2023-09-25,ATM_011,Rural,3792.1136484215867
2023-09-25,ATM_012,Urban,7326.932968566538
2023-09-25,ATM_013,Rural,7943.570527456417
2023-09-25,ATM_014,Suburban,7262.633020982913
2023-09-25,ATM_015,Suburban,7839.4091075103215
2023-09-25,ATM_016,Rural,4621.491167119822
2023-09-25,ATM_017,Suburban,6766.996519188596
2023-09-25,ATM_018,Urban,9446.069109983733
2023-09-25,ATM_019,Urban,6985.772421450427
2023-09-25,ATM_020,Rural,7442.710354037578
2023-09-26,ATM_001,Urban,11563.648332653476
2023-09-26,ATM_002,Rural,5621.0183762987535
2023-09-26,ATM_003,Suburban,6093.11747101867
2023-09-26,ATM_004,Suburban,6677.67296255528
2023-09-26,ATM_005,Rural,6227.301754001953
2023-09-26,ATM_006,Urban,8914.060917163013
2023-09-26,ATM_007,Urban,10845.149126098258
2023-09-26,ATM_008,Rural,3736.988890986753
2023-09-26,ATM_009,Rural,5033.997618698784
2023-09-26,ATM_010,Suburban,4675.415441629235
2023-09-26,ATM_011,Rural,4068.877571006469
2023-09-26,ATM_012,Urban,7846.854263256226
2023-09-26,ATM_013,Rural,7844.764951472615
2023-09-26,ATM_014,Suburban,7295.44758043217
2023-09-26,ATM_015,Suburban,9164.837984434693
2023-09-26,ATM_016,Rural,5405.064235747139
2023-09-26,ATM_017,Suburban,7000.835978499599
2023-09-26,ATM_018,Urban,11153.481308052038
2023-09-26,ATM_019,Urban,10950.74920687184
2023-09-26,ATM_020,Rural,6467.420332069354
2023-09-27,ATM_001,Urban,10784.813255187797
2023-09-27,ATM_002,Rural,5019.385558689202
2023-09-27,ATM_003,Suburban,8692.931669529697
2023-09-27,ATM_004,Suburban,5671.38914011905
2023-09-27,ATM_005,Rural,3188.2013480816504
2023-09-27,ATM_006,Urban,7057.423083314837
2023-09-27,ATM_007,Urban,9683.235721825153
2023-09-27,ATM_008,Rural,5878.667066136382
2023-09-27,ATM_009,Rural,6354.928739230683
2023-09-27,ATM_010,Suburban,10135.022530573686
2023-09-27,ATM_011,Rural,7262.323713981585
2023-09-27,ATM_012,Urban,8796.837180456963
2023-09-27,ATM_013,Rural,4430.466792489114
2023-09-27,ATM_014,Suburban,9127.753747372648
2023-09-27,ATM_015,Suburban,9464.423240300615
2023-09-27,ATM_016,Rural,7173.677297441247
2023-09-27,ATM_017,Suburban,5226.122565186457
2023-09-27,ATM_018,Urban,6407.154236626356
2023-09-27,ATM_019,Urban,9457.659518607092
2023-09-27,ATM_020,Rural,3617.566213736294
2023-09-28,ATM_001,Urban,6302.288636197804
2023-09-28,ATM_002,Rural,4321.765666357693
2023-09-28,ATM_003,Suburban,9550.11844202966
2023-09-28,ATM_004,Suburban,9405.684926253254
2023-09-28,ATM_005,Rural,5747.832211935994
2023-09-28,ATM_006,Urban,8142.650374395143
2023-09-28,ATM_007,Urban,11784.866684743172
2023-09-28,ATM_008,Rural,4445.1615910619885
2023-09-28,ATM_009,Rural,5365.5370888028965
2023-09-28,ATM_010,Suburban,6465.47512664873
2023-09-28,ATM_011,Rural,6999.908517937383
2023-09-28,ATM_012,Urban,11595.677178910237
2023-09-28,ATM_013,Rural,4964.433915450279
2023-09-28,ATM_014,Suburban,8525.993958092695
2023-09-28,ATM_015,Suburban,10877.67650035434
2023-09-28,ATM_016,Rural,7987.790390822776
2023-09-28,ATM_017,Suburban,7862.854075341916
2023-09-28,ATM_018,Urban,9551.1257939388
2023-09-28,ATM_019,Urban,7185.822416205293
2023-09-28,ATM_020,Rural,3139.7882502410002
2023-09-29,ATM_001,Urban,7023.757840596762
2023-09-29,ATM_002,Rural,5762.170206937835
2023-09-29,ATM_003,Suburban,9171.599251205302
2023-09-29,ATM_004,Suburban,5628.857223562526
2023-09-29,ATM_005,Rural,6365.445876215972
2023-09-29,ATM_006,Urban,7065.97262735181
2023-09-29,ATM_007,Urban,5996.422119599943
2023-09-29,ATM_008,Rural,7866.8293226870455
2023-09-29,ATM_009,Rural,8270.13377398406
2023-09-29,ATM_010,Suburban,6042.16427942011
2023-09-29,ATM_011,Rural,5103.363928871301
2023-09-29,ATM_012,Urban,9111.098373369932
2023-09-29,ATM_013,Rural,7268.897102504654
2023-09-29,ATM_014,Suburban,5102.988659657195
2023-09-29,ATM_015,Suburban,9225.176641813936
2023-09-29,ATM_016,Rural,5484.949508843378
2023-09-29,ATM_017,Suburban,7910.483201290327
2023-09-29,ATM_018,Urban,10102.008645781754
2023-09-29,ATM_019,Urban,6747.0009990810495
2023-09-29,ATM_020,Rural,3637.5500828610775
2023-09-30,ATM_001,Urban,13329.899345205606
2023-09-30,ATM_002,Rural,4580.157995841736
2023-09-30,ATM_003,Suburban,12219.171359802589
2023-09-30,ATM_004,Suburban,6824.943211131428
2023-09-30,ATM_005,Rural,10778.930292920622
2023-09-30,ATM_006,Urban,15272.905409798566
2023-09-30,ATM_007,Urban,13060.18623222202
2023-09-30,ATM_008,Rural,11125.317568832566
2023-09-30,ATM_009,Rural,10990.212552811408
2023-09-30,ATM_010,Suburban,9331.013023178011
2023-09-30,ATM_011,Rural,8999.46956432877
2023-09-30,ATM_012,Urban,15834.98703741193
2023-09-30,ATM_013,Rural,11284.500921074115
2023-09-30,ATM_014,Suburban,8648.827893216008
2023-09-30,ATM_015,Suburban,14976.272936661811
2023-09-30,ATM_016,Rural,6927.361126436059
2023-09-30,ATM_017,Suburban,10281.40447837233
2023-09-30,ATM_018,Urban,14603.926057630284
2023-09-30,ATM_019,Urban,14425.771521312296
2023-09-30,ATM_020,Rural,6534.0756750835335
2023-10-01,ATM_001,Urban,6822.551166047231
2023-10-01,ATM_002,Rural,4471.695124352729
2023-10-01,ATM_003,Suburban,9789.22938099275
2023-10-01,ATM_004,Suburban,11328.55484254866
2023-10-01,ATM_005,Rural,8794.657517112222
2023-10-01,ATM_006,Urban,7027.064827423209
2023-10-01,ATM_007,Urban,11526.69544871232
2023-10-01,ATM_008,Rural,8711.181853791146
2023-10-01,ATM_009,Rural,6899.553595503804
2023-10-01,ATM_010,Suburban,6851.076809192153
2023-10-01,ATM_011,Rural,7964.314964182142
2023-10-01,ATM_012,Urban,9581.262056899945
2023-10-01,ATM_013,Rural,6457.553023975024
2023-10-01,ATM_014,Suburban,12353.242034373225
2023-10-01,ATM_015,Suburban,9218.398724930747
2023-10-01,ATM_016,Rural,7637.591808428183
2023-10-01,ATM_017,Suburban,10483.152629558117
2023-10-01,ATM_018,Urban,12960.56184152961
2023-10-01,ATM_019,Urban,11636.83044569306
2023-10-01,ATM_020,Rural,6790.023917914885
2023-10-02,ATM_001,Urban,8073.639689677696
2023-10-02,ATM_002,Rural,3762.5939094283494
2023-10-02,ATM_003,Suburban,6700.748897814017
2023-10-02,ATM_004,Suburban,6139.434914549963
2023-10-02,ATM_005,Rural,4667.811317160119
2023-10-02,ATM_006,Urban,8664.771059009394
2023-10-02,ATM_007,Urban,10612.18012076236
2023-10-02,ATM_008,Rural,2618.7399753041973
2023-10-02,ATM_009,Rural,5991.051113457662
2023-10-02,ATM_010,Suburban,4835.734186856162
2023-10-02,ATM_011,Rural,5992.584553817246
2023-10-02,ATM_012,Urban,9225.483340079807
2023-10-02,ATM_013,Rural,3941.434630175295
2023-10-02,ATM_014,Suburban,7607.6591877305955
2023-10-02,ATM_015,Suburban,9938.57341278602
2023-10-02,ATM_016,Rural,7172.360906021553
2023-10-02,ATM_017,Suburban,9566.099865750337
2023-10-02,ATM_018,Urban,9454.048956814459
2023-10-02,ATM_019,Urban,8803.247717845163
2023-10-02,ATM_020,Rural,7693.076824042405
2023-10-03,ATM_001,Urban,12227.482492519432
2023-10-03,ATM_002,Rural,7840.694848998174
2023-10-03,ATM_003,Suburban,7621.8938709458
2023-10-03,ATM_004,Suburban,7760.096057669583
2023-10-03,ATM_005,Rural,5995.194602983118
2023-10-03,ATM_006,Urban,8034.878297971413
2023-10-03,ATM_007,Urban,10028.248524190192
2023-10-03,ATM_008,Rural,4105.698894262003
2023-10-03,ATM_009,Rural,6008.901466513056
2023-10-03,ATM_010,Suburban,6357.6132487011155
2023-10-03,ATM_011,Rural,8239.288131946829
2023-10-03,ATM_012,Urban,10670.079561753328
2023-10-03,ATM_013,Rural,5401.871965694473
2023-10-03,ATM_014,Suburban,8178.901335906302
2023-10-03,ATM_015,Suburban,6226.315164567196
2023-10-03,ATM_016,Rural,7342.02901438231
2023-10-03,ATM_017,Suburban,8986.277755572193
2023-10-03,ATM_018,Urban,9504.075954894231
2023-10-03,ATM_019,Urban,6160.893698008263
2023-10-03,ATM_020,Rural,2941.1595754302853
2023-10-04,ATM_001,Urban,9187.998936872798
2023-10-04,ATM_002,Rural,3197.0360412818986
2023-10-04,ATM_003,Suburban,7581.531441225284
2023-10-04,ATM_004,Suburban,6165.589289403565
2023-10-04,ATM_005,Rural,5001.563209087753
2023-10-04,ATM_006,Urban,8928.790142888996
2023-10-04,ATM_007,Urban,10111.29525978032
2023-10-04,ATM_008,Rural,6004.051877747675
2023-10-04,ATM_009,Rural,3799.3422464876894
2023-10-04,ATM_010,Suburban,7237.9494012523555
2023-10-04,ATM_011,Rural,5912.56350497703
2023-10-04,ATM_012,Urban,13232.876799394138
2023-10-04,ATM_013,Rural,5558.828730522372
2023-10-04,ATM_014,Suburban,7897.014711525336
2023-10-04,ATM_015,Suburban,8047.467543492878
2023-10-04,ATM_016,Rural,5352.965584288146
2023-10-04,ATM_017,Suburban,8517.516554997243
2023-10-04,ATM_018,Urban,9195.76890358502
2023-10-04,ATM_019,Urban,11340.00365501836
2023-10-04,ATM_020,Rural,3903.310162467449
2023-10-05,ATM_001,Urban,7972.395510925662
2023-10-05,ATM_002,Rural,5939.956403856666
2023-10-05,ATM_003,Suburban,7648.439148530621
2023-10-05,ATM_004,Suburban,4145.199404464926
2023-10-05,ATM_005,Rural,7480.0564064532
2023-10-05,ATM_006,Urban,11718.188576954435
2023-10-05,ATM_007,Urban,5952.413702898378
2023-10-05,ATM_008,Rural,5482.360804370971
2023-10-05,ATM_009,Rural,5386.81610211627
2023-10-05,ATM_010,Suburban,9200.5753995029
2023-10-05,ATM_011,Rural,4386.122506594731
2023-10-05,ATM_012,Urban,6197.987724390113
2023-10-05,ATM_013,Rural,7113.080731429959
2023-10-05,ATM_014,Suburban,9872.01194404095
2023-10-05,ATM_015,Suburban,8582.726986940763
2023-10-05,ATM_016,Rural,7975.711791860318
2023-10-05,ATM_017,Suburban,7934.209991056543
2023-10-05,ATM_018,Urban,8882.417296235652
2023-10-05,ATM_019,Urban,8267.791802156516
2023-10-05,ATM_020,Rural,5430.273527613053
2023-10-06,ATM_001,Urban,10347.142882033933
2023-10-06,ATM_002,Rural,3370.5158165522294
2023-10-06,ATM_003,Suburban,5546.730423963805
2023-10-06,ATM_004,Suburban,9744.664177968129
2023-10-06,ATM_005,Rural,6732.394627345941
2023-10-06,ATM_006,Urban,7578.184029046529
2023-10-06,ATM_007,Urban,10640.946796126413
2023-10-06,ATM_008,Rural,3537.1219910879972
2023-10-06,ATM_009,Rural,5713.216374868348
2023-10-06,ATM_010,Suburban,6845.661385568616
2023-10-06,ATM_011,Rural,5790.265084231721
2023-10-06,ATM_012,Urban,7769.889831564009
2023-10-06,ATM_013,Rural,7441.9006919506555
2023-10-06,ATM_014,Suburban,7694.137320293732
2023-10-06,ATM_015,Suburban,8220.789909234927
2023-10-06,ATM_016,Rural,4569.613759607586
2023-10-06,ATM_017,Suburban,10734.21680426359
2023-10-06,ATM_018,Urban,8891.32970585877
2023-10-06,ATM_019,Urban,8001.520439711719
2023-10-06,ATM_020,Rural,6073.288554884671
2023-10-07,ATM_001,Urban,9675.12213757575
2023-10-07,ATM_002,Rural,8035.302220631233
2023-10-07,ATM_003,Suburban,8548.521050812607
2023-10-07,ATM_004,Suburban,12062.569552126752
2023-10-07,ATM_005,Rural,5514.431341024809
2023-10-07,ATM_006,Urban,12283.030974730162
2023-10-07,ATM_007,Urban,13226.167714294994
2023-10-07,ATM_008,Rural,5032.786937876433
2023-10-07,ATM_009,Rural,10262.47323476695
2023-10-07,ATM_010,Suburban,5043.743688042288
2023-10-07,ATM_011,Rural,5948.508117111116
2023-10-07,ATM_012,Urban,7305.559749954221
2023-10-07,ATM_013,Rural,9113.323536583617
2023-10-07,ATM_014,Suburban,8311.171850528477
2023-10-07,ATM_015,Suburban,9980.73344433258
2023-10-07,ATM_016,Rural,7103.357375446361
2023-10-07,ATM_017,Suburban,5976.474094695667
2023-10-07,ATM_018,Urban,12447.027849748512
2023-10-07,ATM_019,Urban,10645.67268121007
2023-10-07,ATM_020,Rural,5995.733204767489
2023-10-08,ATM_001,Urban,12754.159064970074
2023-10-08,ATM_002,Rural,7984.226346739628
2023-10-08,ATM_003,Suburban,6346.279862038778
2023-10-08,ATM_004,Suburban,9322.553973549217
2023-10-08,ATM_005,Rural,6091.676872261888
2023-10-08,ATM_006,Urban,8239.7688763845
2023-10-08,ATM_007,Urban,13622.028293951093
2023-10-08,ATM_008,Rural,6036.306779607396
2023-10-08,ATM_009,Rural,7953.3972378312965
2023-10-08,ATM_010,Suburban,8867.044085553776
2023-10-08,ATM_011,Rural,8277.528430720082
2023-10-08,ATM_012,Urban,8963.887489207642
2023-10-08,ATM_013,Rural,8929.108791877523
2023-10-08,ATM_014,Suburban,7393.204733963906
2023-10-08,ATM_015,Suburban,10025.017541819143
2023-10-08,ATM_016,Rural,6854.832309653117
2023-10-08,ATM_017,Suburban,6738.650209976838
2023-10-08,ATM_018,Urban,13299.483513172616
2023-10-08,ATM_019,Urban,11618.95152829221
2023-10-08,ATM_020,Rural,9299.566617891904
2023-10-09,ATM_001,Urban,10110.811030745255
2023-10-09,ATM_002,Rural,7793.901334611866
2023-10-09,ATM_003,Suburban,7348.461501058881
2023-10-09,ATM_004,Suburban,9510.956736399858
2023-10-09,ATM_005,Rural,6714.0302178564
2023-10-09,ATM_006,Urban,8175.775195465857
2023-10-09,ATM_007,Urban,11028.424922932936
2023-10-09,ATM_008,Rural,3271.055995963776
2023-10-09,ATM_009,Rural,5263.108314754435
2023-10-09,ATM_010,Suburban,10270.022785912064
2023-10-09,ATM_011,Rural,5666.5767422292765
2023-10-09,ATM_012,Urban,7879.519400419291
2023-10-09,ATM_013,Rural,7682.604592896548
2023-10-09,ATM_014,Suburban,7268.291603387666
2023-10-09,ATM_015,Suburban,7121.927939911094
2023-10-09,ATM_016,Rural,6211.235588251684
2023-10-09,ATM_017,Suburban,9089.65964545253
2023-10-09,ATM_018,Urban,7831.352271959627
2023-10-09,ATM_019,Urban,6463.827894301601
2023-10-09,ATM_020,Rural,6814.4933860318
2023-10-10,ATM_001,Urban,9536.794459017936
2023-10-10,ATM_002,Rural,5215.649741900939
2023-10-10,ATM_003,Suburban,6549.9965697935895
2023-10-10,ATM_004,Suburban,6707.865972250306
2023-10-10,ATM_005,Rural,4883.536492604652
2023-10-10,ATM_006,Urban,8421.867842252645
2023-10-10,ATM_007,Urban,9785.827691361257
2023-10-10,ATM_008,Rural,4258.21021384001
2023-10-10,ATM_009,Rural,6425.696067868244
2023-10-10,ATM_010,Suburban,7396.231452527212
2023-10-10,ATM_011,Rural,6853.0066851925485
2023-10-10,ATM_012,Urban,11313.382019471388
2023-10-10,ATM_013,Rural,6927.31559511961
2023-10-10,ATM_014,Suburban,9951.076249524203
2023-10-10,ATM_015,Suburban,4245.18530017625
2023-10-10,ATM_016,Rural,8267.549107447008
2023-10-10,ATM_017,Suburban,4522.242143222404
2023-10-10,ATM_018,Urban,10638.67895862032
2023-10-10,ATM_019,Urban,7273.6769128302985
2023-10-10,ATM_020,Rural,5777.359978898223
2023-10-11,ATM_001,Urban,10086.443318521393
2023-10-11,ATM_002,Rural,5683.628887929752
2023-10-11,ATM_003,Suburban,5206.463420510771
2023-10-11,ATM_004,Suburban,6397.4287420466435
2023-10-11,ATM_005,Rural,4717.322760674569
2023-10-11,ATM_006,Urban,6946.8446328293
2023-10-11,ATM_007,Urban,8097.954039452739
2023-10-11,ATM_008,Rural,6165.994395702524
2023-10-11,ATM_009,Rural,5734.545716160142
2023-10-11,ATM_010,Suburban,6151.40210441436
2023-10-11,ATM_011,Rural,6665.25355796882
2023-10-11,ATM_012,Urban,9534.69298016461
2023-10-11,ATM_013,Rural,5200.074172237832
2023-10-11,ATM_014,Suburban,3616.194683595504
2023-10-11,ATM_015,Suburban,5513.284346364014
2023-10-11,ATM_016,Rural,7022.330347282471
2023-10-11,ATM_017,Suburban,8566.533929159841
2023-10-11,ATM_018,Urban,9935.255819682745
2023-10-11,ATM_019,Urban,7672.643762901566
2023-10-11,ATM_020,Rural,3807.9265569328845
2023-10-12,ATM_001,Urban,10779.230739357836
2023-10-12,ATM_002,Rural,2860.6854691535614
2023-10-12,ATM_003,Suburban,9013.334802116264
2023-10-12,ATM_004,Suburban,7880.421213148707
2023-10-12,ATM_005,Rural,2874.922369565294
2023-10-12,ATM_006,Urban,10807.727089996719
2023-10-12,ATM_007,Urban,11040.072913739843
2023-10-12,ATM_008,Rural,2965.554862391369
2023-10-12,ATM_009,Rural,3509.384011641383
2023-10-12,ATM_010,Suburban,9642.405975984684
2023-10-12,ATM_011,Rural,6985.309440508197
2023-10-12,ATM_012,Urban,5459.016157511652
2023-10-12,ATM_013,Rural,4998.523168814368
2023-10-12,ATM_014,Suburban,8221.976925319945
2023-10-12,ATM_015,Suburban,8131.93150290741
2023-10-12,ATM_016,Rural,6854.042341877228
2023-10-12,ATM_017,Suburban,9746.76356288764
2023-10-12,ATM_018,Urban,10129.259930713257
2023-10-12,ATM_019,Urban,8217.878563220596
2023-10-12,ATM_020,Rural,4821.227048705385
2023-10-13,ATM_001,Urban,9615.065885755424
2023-10-13,ATM_002,Rural,6669.314364951549
2023-10-13,ATM_003,Suburban,7307.757696269094
2023-10-13,ATM_004,Suburban,8676.015781578466
2023-10-13,ATM_005,Rural,5846.754500778366
2023-10-13,ATM_006,Urban,10439.868536535598
2023-10-13,ATM_007,Urban,8648.651694372125
2023-10-13,ATM_008,Rural,5787.9247822113275
2023-10-13,ATM_009,Rural,5673.869573451938
2023-10-13,ATM_010,Suburban,5893.4778696741305
2023-10-13,ATM_011,Rural,4423.719183274408
2023-10-13,ATM_012,Urban,8284.570865474052
2023-10-13,ATM_013,Rural,4451.725313787149
2023-10-13,ATM_014,Suburban,7712.978572676343
2023-10-13,ATM_015,Suburban,8325.819391665107
2023-10-13,ATM_016,Rural,6195.077632970189
2023-10-13,ATM_017,Suburban,6763.485040596328
2023-10-13,ATM_018,Urban,6627.317862387636
2023-10-13,ATM_019,Urban,6606.225218733828
2023-10-13,ATM_020,Rural,6305.494866669312
2023-10-14,ATM_001,Urban,12479.959722167128
2023-10-14,ATM_002,Rural,5771.477025123728
2023-10-14,ATM_003,Suburban,12159.975726771874
2023-10-14,ATM_004,Suburban,10784.596111644152
2023-10-14,ATM_005,Rural,5247.158580180161
2023-10-14,ATM_006,Urban,8075.619109332909
2023-10-14,ATM_007,Urban,14099.55262887749
2023-10-14,ATM_008,Rural,3907.81729191982
2023-10-14,ATM_009,Rural,8776.403427717374
2023-10-14,ATM_010,Suburban,11422.647336950817
2023-10-14,ATM_011,Rural,4479.828266788002
2023-10-14,ATM_012,Urban,9943.090782852752
2023-10-14,ATM_013,Rural,4801.509545511888
2023-10-14,ATM_014,Suburban,8266.157788951052
2023-10-14,ATM_015,Suburban,6124.647553249034
2023-10-14,ATM_016,Rural,4660.7089209199285
2023-10-14,ATM_017,Suburban,8628.13074198947
2023-10-14,ATM_018,Urban,9961.960454732936
2023-10-14,ATM_019,Urban,13420.63432097712
2023-10-14,ATM_020,Rural,8071.366164273114
2023-10-15,ATM_001,Urban,9930.42180759199
2023-10-15,ATM_002,Rural,4665.133213401157
2023-10-15,ATM_003,Suburban,9707.323861123956
2023-10-15,ATM_004,Suburban,8522.324904389541
2023-10-15,ATM_005,Rural,4892.860257405948
2023-10-15,ATM_006,Urban,10937.887882020686
2023-10-15,ATM_007,Urban,8303.056961732189
2023-10-15,ATM_008,Rural,9267.567541561348
2023-10-15,ATM_009,Rural,5314.532898736129
2023-10-15,ATM_010,Suburban,4959.153597964116
2023-10-15,ATM_011,Rural,9895.273060949587
2023-10-15,ATM_012,Urban,11806.22319052487
2023-10-15,ATM_013,Rural,5573.871672418773
2023-10-15,ATM_014,Suburban,8235.655275324243
2023-10-15,ATM_015,Suburban,7851.419009411845
2023-10-15,ATM_016,Rural,9676.450320450527
2023-10-15,ATM_017,Suburban,10041.139564091653
2023-10-15,ATM_018,Urban,11671.762601818791
2023-10-15,ATM_019,Urban,8227.168448671311
2023-10-15,ATM_020,Rural,7286.5663796331255
2023-10-16,ATM_001,Urban,13233.491366170017
2023-10-16,ATM_002,Rural,4211.337310485521
2023-10-16,ATM_003,Suburban,9183.055409607421
2023-10-16,ATM_004,Suburban,7751.5259987551335
2023-10-16,ATM_005,Rural,2675.0284684878916
2023-10-16,ATM_006,Urban,7972.360097754663
2023-10-16,ATM_007,Urban,8168.528395008151
2023-10-16,ATM_008,Rural,5147.793991374082
2023-10-16,ATM_009,Rural,6078.753653846726
2023-10-16,ATM_010,Suburban,9748.327236020028
2023-10-16,ATM_011,Rural,5719.357232116259
2023-10-16,ATM_012,Urban,10507.656289453596
2023-10-16,ATM_013,Rural,5711.557380088142
2023-10-16,ATM_014,Suburban,8971.009263349013
2023-10-16,ATM_015,Suburban,5023.9863897741225
2023-10-16,ATM_016,Rural,7086.322204454128
2023-10-16,ATM_017,Suburban,6008.186810245006
2023-10-16,ATM_018,Urban,7533.969683538936
2023-10-16,ATM_019,Urban,7831.029918659516
2023-10-16,ATM_020,Rural,5837.078443774237
2023-10-17,ATM_001,Urban,6966.300044065029
2023-10-17,ATM_002,Rural,6412.531918911958
2023-10-17,ATM_003,Suburban,7619.4218638833445
2023-10-17,ATM_004,Suburban,9080.482681926016
2023-10-17,ATM_005,Rural,4205.30001686962
2023-10-17,ATM_006,Urban,9165.943340145084
2023-10-17,ATM_007,Urban,11391.924927901366
2023-10-17,ATM_008,Rural,6861.158987357789
2023-10-17,ATM_009,Rural,6120.119995861112
2023-10-17,ATM_010,Suburban,7767.1776862680745
2023-10-17,ATM_011,Rural,4479.547879972881
2023-10-17,ATM_012,Urban,5655.3721724251
2023-10-17,ATM_013,Rural,4658.052469900576
2023-10-17,ATM_014,Suburban,8767.106153007353
2023-10-17,ATM_015,Suburban,9279.699257476717
2023-10-17,ATM_016,Rural,6068.564052075877
2023-10-17,ATM_017,Suburban,6857.346809241599
2023-10-17,ATM_018,Urban,12441.779841719359
2023-10-17,ATM_019,Urban,10540.953341852874
2023-10-17,ATM_020,Rural,4330.113918212009
2023-10-18,ATM_001,Urban,8846.566587010466
2023-10-18,ATM_002,Rural,5360.867068577224
2023-10-18,ATM_003,Suburban,4797.429588564086
2023-10-18,ATM_004,Suburban,3902.855416994951
2023-10-18,ATM_005,Rural,7896.4122772569945
2023-10-18,ATM_006,Urban,11547.983832934582
2023-10-18,ATM_007,Urban,7954.306223185331
2023-10-18,ATM_008,Rural,5874.524719370087
2023-10-18,ATM_009,Rural,5303.395728951496
2023-10-18,ATM_010,Suburban,6833.527148678344
2023-10-18,ATM_011,Rural,3363.6384735751258
2023-10-18,ATM_012,Urban,12187.249283212244
2023-10-18,ATM_013,Rural,5438.251069141208
2023-10-18,ATM_014,Suburban,8678.8191274871
2023-10-18,ATM_015,Suburban,6783.162242559192
2023-10-18,ATM_016,Rural,4303.557726971796
2023-10-18,ATM_017,Suburban,5814.148813040481
2023-10-18,ATM_018,Urban,9485.59525425302
2023-10-18,ATM_019,Urban,8433.723555525625
2023-10-18,ATM_020,Rural,4829.909457149415
2023-10-19,ATM_001,Urban,9863.195254344868
2023-10-19,ATM_002,Rural,7845.668789616302
2023-10-19,ATM_003,Suburban,7067.045432281242
2023-10-19,ATM_004,Suburban,6358.103077672783
2023-10-19,ATM_005,Rural,3571.5348097046653
2023-10-19,ATM_006,Urban,10036.957130467566
2023-10-19,ATM_007,Urban,9069.087713758714
2023-10-19,ATM_008,Rural,4958.400695202435
2023-10-19,ATM_009,Rural,4638.879626484468
2023-10-19,ATM_010,Suburban,8366.9787758043
2023-10-19,ATM_011,Rural,6892.904271965643
2023-10-19,ATM_012,Urban,9583.1255014738
2023-10-19,ATM_013,Rural,4347.409887934801
2023-10-19,ATM_014,Suburban,6200.940881044839
2023-10-19,ATM_015,Suburban,8885.7327531989
2023-10-19,ATM_016,Rural,6872.712485425739
2023-10-19,ATM_017,Suburban,6613.941532422114
2023-10-19,ATM_018,Urban,7639.219867579562
2023-10-19,ATM_019,Urban,7784.162469034636
2023-10-19,ATM_020,Rural,7337.588839155693
2023-10-20,ATM_001,Urban,10615.27456773053
2023-10-20,ATM_002,Rural,4614.892402311902
2023-10-20,ATM_003,Suburban,6142.686901526695
2023-10-20,ATM_004,Suburban,6268.600786166849
2023-10-20,ATM_005,Rural,8127.317866658322
2023-10-20,ATM_006,Urban,8703.967159636053
2023-10-20,ATM_007,Urban,8292.513445591569
2023-10-20,ATM_008,Rural,5497.939246586144
2023-10-20,ATM_009,Rural,3367.7214489488274
2023-10-20,ATM_010,Suburban,7665.640626035137
2023-10-20,ATM_011,Rural,6960.458121074951
2023-10-20,ATM_012,Urban,10630.588312756627
2023-10-20,ATM_013,Rural,5125.3378037757875
2023-10-20,ATM_014,Suburban,6888.914211030133
2023-10-20,ATM_015,Suburban,9912.008653024885
2023-10-20,ATM_016,Rural,4016.5190012539542
2023-10-20,ATM_017,Suburban,5205.506374428834
2023-10-20,ATM_018,Urban,7153.511495151176
2023-10-20,ATM_019,Urban,8813.196008401954
2023-10-20,ATM_020,Rural,5140.1437989217675
2023-10-21,ATM_001,Urban,9095.70969031363
2023-10-21,ATM_002,Rural,7638.568141135438
2023-10-21,ATM_003,Suburban,10924.515675881103
2023-10-21,ATM_004,Suburban,11072.327095820416
2023-10-21,ATM_005,Rural,9262.582160487476
2023-10-21,ATM_006,Urban,12028.380445790835
2023-10-21,ATM_007,Urban,7625.4543328453465
2023-10-21,ATM_008,Rural,5447.673266276713
2023-10-21,ATM_009,Rural,6634.0121836386115
2023-10-21,ATM_010,Suburban,9180.928228058441
2023-10-21,ATM_011,Rural,5057.041982368706
2023-10-21,ATM_012,Urban,8962.252989429968
2023-10-21,ATM_013,Rural,6104.427755664179
2023-10-21,ATM_014,Suburban,6985.4668418693545
2023-10-21,ATM_015,Suburban,7795.267149867986
2023-10-21,ATM_016,Rural,6267.908967881035
2023-10-21,ATM_017,Suburban,8151.858856926991
2023-10-21,ATM_018,Urban,12820.916585333089
2023-10-21,ATM_019,Urban,9473.043251012465
2023-10-21,ATM_020,Rural,5824.831939718719
2023-10-22,ATM_001,Urban,12957.749068717902
2023-10-22,ATM_002,Rural,4919.948339575991
2023-10-22,ATM_003,Suburban,9580.707335479652
2023-10-22,ATM_004,Suburban,7837.122237539236
2023-10-22,ATM_005,Rural,8900.514055995456
2023-10-22,ATM_006,Urban,13238.621424074605
2023-10-22,ATM_007,Urban,8379.407175285327
2023-10-22,ATM_008,Rural,3791.248784331602
2023-10-22,ATM_009,Rural,5343.423541802539
2023-10-22,ATM_010,Suburban,9393.531709100107
2023-10-22,ATM_011,Rural,6236.886780316234
2023-10-22,ATM_012,Urban,12288.173270489284
2023-10-22,ATM_013,Rural,5264.790716447136
2023-10-22,ATM_014,Suburban,9181.408389522305
2023-10-22,ATM_015,Suburban,8572.615588662406
2023-10-22,ATM_016,Rural,8405.18142044148
2023-10-22,ATM_017,Suburban,7777.683140001056
2023-10-22,ATM_018,Urban,10382.206940177777
2023-10-22,ATM_019,Urban,10666.017075819687
2023-10-22,ATM_020,Rural,6513.676396332674
2023-10-23,ATM_001,Urban,9687.907115412701
2023-10-23,ATM_002,Rural,7165.558554326814
2023-10-23,ATM_003,Suburban,6154.691505646754
2023-10-23,ATM_004,Suburban,6149.483296994956
2023-10-23,ATM_005,Rural,4482.9970863423105
2023-10-23,ATM_006,Urban,7582.8155742228155
2023-10-23,ATM_007,Urban,7699.148452072729
2023-10-23,ATM_008,Rural,4864.385711014525
2023-10-23,ATM_009,Rural,8019.3036255726765
2023-10-23,ATM_010,Suburban,9658.220866714695
2023-10-23,ATM_011,Rural,6973.268451693225
2023-10-23,ATM_012,Urban,7679.365745163764
2023-10-23,ATM_013,Rural,7241.712344187639
2023-10-23,ATM_014,Suburban,5582.721474083938
2023-10-23,ATM_015,Suburban,8250.941162573814
2023-10-23,ATM_016,Rural,5198.762012426821
2023-10-23,ATM_017,Suburban,7744.480360768549
2023-10-23,ATM_018,Urban,8144.613267230074
2023-10-23,ATM_019,Urban,9762.226786813226
2023-10-23,ATM_020,Rural,8051.286915316025
2023-10-24,ATM_001,Urban,6347.6716058927295
2023-10-24,ATM_002,Rural,4012.361574431156
2023-10-24,ATM_003,Suburban,7834.204717851654
2023-10-24,ATM_004,Suburban,7245.777235035859
2023-10-24,ATM_005,Rural,5996.742036984733
2023-10-24,ATM_006,Urban,10113.058771095255
2023-10-24,ATM_007,Urban,7890.943521923987
2023-10-24,ATM_008,Rural,5929.772002111497
2023-10-24,ATM_009,Rural,6229.017404028305
2023-10-24,ATM_010,Suburban,6647.979330726002
2023-10-24,ATM_011,Rural,7787.273454750267
2023-10-24,ATM_012,Urban,7390.667507043602
2023-10-24,ATM_013,Rural,6445.973062583313
2023-10-24,ATM_014,Suburban,4659.020056520307
2023-10-24,ATM_015,Suburban,9367.030873033138
2023-10-24,ATM_016,Rural,7974.503549902917
2023-10-24,ATM_017,Suburban,8410.065446037785
2023-10-24,ATM_018,Urban,10948.96025582412
2023-10-24,ATM_019,Urban,10095.86532398273
2023-10-24,ATM_020,Rural,7083.050799820987
2023-10-25,ATM_001,Urban,10822.447033304856
2023-10-25,ATM_002,Rural,6350.510023057775
2023-10-25,ATM_003,Suburban,9112.485240017291
2023-10-25,ATM_004,Suburban,7212.41850337003
2023-10-25,ATM_005,Rural,3616.203565677327
2023-10-25,ATM_006,Urban,7065.4235941149545
2023-10-25,ATM_007,Urban,10933.44487033833
2023-10-25,ATM_008,Rural,6546.13559269984
2023-10-25,ATM_009,Rural,5908.03392485744
2023-10-25,ATM_010,Suburban,5379.477524619621
2023-10-25,ATM_011,Rural,5657.986226077155
2023-10-25,ATM_012,Urban,7345.409056963738
2023-10-25,ATM_013,Rural,7233.353068526569
2023-10-25,ATM_014,Suburban,10616.140852759705
2023-10-25,ATM_015,Suburban,7621.500344535404
2023-10-25,ATM_016,Rural,6684.132412468046
2023-10-25,ATM_017,Suburban,6751.499072526936
2023-10-25,ATM_018,Urban,9695.250795812563
2023-10-25,ATM_019,Urban,8194.919371916048
2023-10-25,ATM_020,Rural,5426.98751657226
2023-10-26,ATM_001,Urban,8484.560368549148
2023-10-26,ATM_002,Rural,6739.981884516882
2023-10-26,ATM_003,Suburban,4038.89166437575
2023-10-26,ATM_004,Suburban,7247.392894971862
2023-10-26,ATM_005,Rural,7987.815739274731
2023-10-26,ATM_006,Urban,10563.158851634429
2023-10-26,ATM_007,Urban,7174.826019294564
2023-10-26,ATM_008,Rural,6459.517394662069
2023-10-26,ATM_009,Rural,3965.953348771861
2023-10-26,ATM_010,Suburban,9636.756725720652
2023-10-26,ATM_011,Rural,7500.187066822133
2023-10-26,ATM_012,Urban,6766.035822030195
2023-10-26,ATM_013,Rural,5760.168878964656
2023-10-26,ATM_014,Suburban,6145.6842285287075
2023-10-26,ATM_015,Suburban,7241.481870861952
2023-10-26,ATM_016,Rural,5122.554181299024
2023-10-26,ATM_017,Suburban,7882.932740578007
2023-10-26,ATM_018,Urban,7605.207284957056
2023-10-26,ATM_019,Urban,10172.239643684603
2023-10-26,ATM_020,Rural,8086.108582548213
2023-10-27,ATM_001,Urban,9906.247296469572
2023-10-27,ATM_002,Rural,4026.401574467796
2023-10-27,ATM_003,Suburban,6319.6665836428865
2023-10-27,ATM_004,Suburban,6889.132466856524
2023-10-27,ATM_005,Rural,4413.846500469258
2023-10-27,ATM_006,Urban,10449.07482308969
2023-10-27,ATM_007,Urban,9520.353690603839
2023-10-27,ATM_008,Rural,4627.474595695381
2023-10-27,ATM_009,Rural,7212.6635913357695
2023-10-27,ATM_010,Suburban,8108.71163800938
2023-10-27,ATM_011,Rural,3592.430580469218
2023-10-27,ATM_012,Urban,10931.096247686184
2023-10-27,ATM_013,Rural,3079.9860022880566
2023-10-27,ATM_014,Suburban,7290.107504771464
2023-10-27,ATM_015,Suburban,6766.340740125229
2023-10-27,ATM_016,Rural,4904.954893436691
2023-10-27,ATM_017,Suburban,5581.23711542
2023-10-27,ATM_018,Urban,8270.832089089767
2023-10-27,ATM_019,Urban,7175.427099061947
2023-10-27,ATM_020,Rural,3727.5657473858173
2023-10-28,ATM_001,Urban,8241.628603840529
2023-10-28,ATM_002,Rural,9939.320673017895
2023-10-28,ATM_003,Suburban,6424.508179957399
2023-10-28,ATM_004,Suburban,6310.459205765903
2023-10-28,ATM_005,Rural,8576.720503446044
2023-10-28,ATM_006,Urban,11805.139847332604
2023-10-28,ATM_007,Urban,11672.166173748019
2023-10-28,ATM_008,Rural,8591.23573444849
2023-10-28,ATM_009,Rural,5411.838543915569
2023-10-28,ATM_010,Suburban,9875.889848011971
2023-10-28,ATM_011,Rural,10136.0124036686
2023-10-28,ATM_012,Urban,12106.585877628577
2023-10-28,ATM_013,Rural,9209.405516533085
2023-10-28,ATM_014,Suburban,10748.968393978132
2023-10-28,ATM_015,Suburban,9168.631461858617
2023-10-28,ATM_016,Rural,5784.588984163416
2023-10-28,ATM_017,Suburban,6345.919752141945
2023-10-28,ATM_018,Urban,6761.621073976922
2023-10-28,ATM_019,Urban,9104.120002881564
2023-10-28,ATM_020,Rural,8124.975026159745
2023-10-29,ATM_001,Urban,9015.792137200086
2023-10-29,ATM_002,Rural,6828.72139306182
2023-10-29,ATM_003,Suburban,9434.776700860933
2023-10-29,ATM_004,Suburban,8522.413568771102
2023-10-29,ATM_005,Rural,4031.5509905532344
2023-10-29,ATM_006,Urban,7794.639544910344
2023-10-29,ATM_007,Urban,13076.951880502194
2023-10-29,ATM_008,Rural,7812.555320344458
2023-10-29,ATM_009,Rural,4090.6236139288485
2023-10-29,ATM_010,Suburban,9794.525709201884
2023-10-29,ATM_011,Rural,7877.4163310047825
2023-10-29,ATM_012,Urban,10335.053908562026
2023-10-29,ATM_013,Rural,6911.888035898546
2023-10-29,ATM_014,Suburban,8386.64799388
2023-10-29,ATM_015,Suburban,6365.315984059425
2023-10-29,ATM_016,Rural,7238.871905269652
2023-10-29,ATM_017,Suburban,8305.247745063016
2023-10-29,ATM_018,Urban,11260.263832602408
2023-10-29,ATM_019,Urban,15065.28837119836
2023-10-29,ATM_020,Rural,6064.073360059294
2023-10-30,ATM_001,Urban,11742.812103994707
2023-10-30,ATM_002,Rural,7442.5719713510525
2023-10-30,ATM_003,Suburban,9193.08828093675
2023-10-30,ATM_004,Suburban,6490.452094174772
2023-10-30,ATM_005,Rural,4910.110395012204
2023-10-30,ATM_006,Urban,10326.879452800033
2023-10-30,ATM_007,Urban,5677.69755783216
2023-10-30,ATM_008,Rural,4334.91913482942
2023-10-30,ATM_009,Rural,6495.536384542943
2023-10-30,ATM_010,Suburban,4954.5355610504075
2023-10-30,ATM_011,Rural,5167.782190263555
2023-10-30,ATM_012,Urban,7712.599721111396
2023-10-30,ATM_013,Rural,7603.945153906676
2023-10-30,ATM_014,Suburban,6372.691262360833
2023-10-30,ATM_015,Suburban,7382.630211659203
2023-10-30,ATM_016,Rural,7233.563483957948
2023-10-30,ATM_017,Suburban,9975.3928942437
2023-10-30,ATM_018,Urban,6596.905691801217
2023-10-30,ATM_019,Urban,10004.844409289659
2023-10-30,ATM_020,Rural,4272.734375546152
2023-10-31,ATM_001,Urban,12931.013672939249
2023-10-31,ATM_002,Rural,5760.632186911061
2023-10-31,ATM_003,Suburban,11296.80308374196
2023-10-31,ATM_004,Suburban,13601.069733244787
2023-10-31,ATM_005,Rural,7611.9850621975465
2023-10-31,ATM_006,Urban,14878.446431443683
2023-10-31,ATM_007,Urban,12142.310190532915
2023-10-31,ATM_008,Rural,9000.934741650488
2023-10-31,ATM_009,Rural,6225.741131162577
2023-10-31,ATM_010,Suburban,11724.406536026494
2023-10-31,ATM_011,Rural,9758.076275345016
2023-10-31,ATM_012,Urban,15507.733335818806
2023-10-31,ATM_013,Rural,4625.722925020415
2023-10-31,ATM_014,Suburban,12247.885075633545
2023-10-31,ATM_015,Suburban,6437.141319409588
2023-10-31,ATM_016,Rural,8080.903807237748
2023-10-31,ATM_017,Suburban,7629.40436554993
2023-10-31,ATM_018,Urban,11356.946025464247
2023-10-31,ATM_019,Urban,11283.075911225174
2023-10-31,ATM_020,Rural,5285.435465119964
2023-11-01,ATM_001,Urban,10870.708994160846
2023-11-01,ATM_002,Rural,3847.3177216935637
2023-11-01,ATM_003,Suburban,5328.5203541352175
2023-11-01,ATM_004,Suburban,7624.514528840719
2023-11-01,ATM_005,Rural,5137.330579443653
2023-11-01,ATM_006,Urban,9665.10676415905
2023-11-01,ATM_007,Urban,10407.613113010708
2023-11-01,ATM_008,Rural,6793.720680259828
2023-11-01,ATM_009,Rural,2610.1243828210613
2023-11-01,ATM_010,Suburban,8046.515152645335
2023-11-01,ATM_011,Rural,8522.894340857807
2023-11-01,ATM_012,Urban,11139.425109259895
2023-11-01,ATM_013,Rural,6441.0832376611625
2023-11-01,ATM_014,Suburban,10817.854472322837
2023-11-01,ATM_015,Suburban,5741.627223241804
2023-11-01,ATM_016,Rural,7044.275449327045
2023-11-01,ATM_017,Suburban,7933.124496043425
2023-11-01,ATM_018,Urban,7694.156412479408
2023-11-01,ATM_019,Urban,9435.467440764714
2023-11-01,ATM_020,Rural,5391.085683719047
2023-11-02,ATM_001,Urban,8459.710045688958
2023-11-02,ATM_002,Rural,5483.78861665682
2023-11-02,ATM_003,Suburban,7097.937925436504
2023-11-02,ATM_004,Suburban,9624.630679924987
2023-11-02,ATM_005,Rural,7352.585267779946
2023-11-02,ATM_006,Urban,7425.4482358952655
2023-11-02,ATM_007,Urban,5735.323998930519
2023-11-02,ATM_008,Rural,3441.295751833118
2023-11-02,ATM_009,Rural,3249.2158208598307
2023-11-02,ATM_010,Suburban,5942.605093050338
2023-11-02,ATM_011,Rural,7331.828340335858
2023-11-02,ATM_012,Urban,6851.106241170855
2023-11-02,ATM_013,Rural,3134.343193148181
2023-11-02,ATM_014,Suburban,7540.321225536581
2023-11-02,ATM_015,Suburban,7980.891647693151
2023-11-02,ATM_016,Rural,4268.766325271294
2023-11-02,ATM_017,Suburban,10430.480473349895
2023-11-02,ATM_018,Urban,9802.756072684759
2023-11-02,ATM_019,Urban,8810.596603886499
2023-11-02,ATM_020,Rural,4855.116875690134
2023-11-03,ATM_001,Urban,9255.970787527935
2023-11-03,ATM_002,Rural,3044.1562684399933
2023-11-03,ATM_003,Suburban,6473.540761909871
2023-11-03,ATM_004,Suburban,6739.568606690891
2023-11-03,ATM_005,Rural,5719.643669472006
2023-11-03,ATM_006,Urban,10656.670905510606
2023-11-03,ATM_007,Urban,8220.838849090864
2023-11-03,ATM_008,Rural,5991.480450429197
2023-11-03,ATM_009,Rural,3337.349904062198
2023-11-03,ATM_010,Suburban,9516.429531521391
2023-11-03,ATM_011,Rural,3874.5619307583215
2023-11-03,ATM_012,Urban,6221.850978139713
2023-11-03,ATM_013,Rural,6325.027671571356
2023-11-03,ATM_014,Suburban,6562.417382376481
2023-11-03,ATM_015,Suburban,11028.087554755926
2023-11-03,ATM_016,Rural,6249.828076946688
2023-11-03,ATM_017,Suburban,7740.843155035149
2023-11-03,ATM_018,Urban,7990.62537223381
2023-11-03,ATM_019,Urban,10167.615807387765
2023-11-03,ATM_020,Rural,5662.062310177389
2023-11-04,ATM_001,Urban,11727.180466054375
2023-11-04,ATM_002,Rural,6611.064021777653
2023-11-04,ATM_003,Suburban,6643.2569132395865
2023-11-04,ATM_004,Suburban,7490.373674342847
2023-11-04,ATM_005,Rural,4966.428682857501
2023-11-04,ATM_006,Urban,15162.89106032241
2023-11-04,ATM_007,Urban,13944.858958571314
2023-11-04,ATM_008,Rural,8263.54035149068
2023-11-04,ATM_009,Rural,6528.717712396557
2023-11-04,ATM_010,Suburban,7038.708664319769
2023-11-04,ATM_011,Rural,4513.570270291562
2023-11-04,ATM_012,Urban,12808.650870250067
2023-11-04,ATM_013,Rural,4260.299709060749
2023-11-04,ATM_014,Suburban,5575.6795106604295
2023-11-04,ATM_015,Suburban,9717.865705956392
2023-11-04,ATM_016,Rural,4689.700767950268
2023-11-04,ATM_017,Suburban,7257.913687968558
2023-11-04,ATM_018,Urban,8538.406117052082
2023-11-04,ATM_019,Urban,9913.134359417101
2023-11-04,ATM_020,Rural,8809.355156511643
2023-11-05,ATM_001,Urban,8227.835311569033
2023-11-05,ATM_002,Rural,5544.44986888372
2023-11-05,ATM_003,Suburban,9599.360897984865
2023-11-05,ATM_004,Suburban,10882.568453565284
2023-11-05,ATM_005,Rural,5348.998741492812
2023-11-05,ATM_006,Urban,12462.931468247625
2023-11-05,ATM_007,Urban,11297.487766406806
2023-11-05,ATM_008,Rural,7589.846808021098
2023-11-05,ATM_009,Rural,10305.960715337547
2023-11-05,ATM_010,Suburban,7862.3449541084265
2023-11-05,ATM_011,Rural,4161.003788414682
2023-11-05,ATM_012,Urban,13429.757738792874
2023-11-05,ATM_013,Rural,7104.072184946628
2023-11-05,ATM_014,Suburban,7667.295248372545
2023-11-05,ATM_015,Suburban,12621.424195825204
2023-11-05,ATM_016,Rural,8368.03712188268
2023-11-05,ATM_017,Suburban,7881.710120404035
2023-11-05,ATM_018,Urban,9192.333426771585
2023-11-05,ATM_019,Urban,10099.355223294497
2023-11-05,ATM_020,Rural,6740.203672164947
2023-11-06,ATM_001,Urban,7135.662780544648
2023-11-06,ATM_002,Rural,7974.624698681014
2023-11-06,ATM_003,Suburban,7088.99562031291
2023-11-06,ATM_004,Suburban,6401.608168070472
2023-11-06,ATM_005,Rural,5776.971928956352
2023-11-06,ATM_006,Urban,8906.454556707262
2023-11-06,ATM_007,Urban,9344.016458185011
2023-11-06,ATM_008,Rural,7184.576412992554
2023-11-06,ATM_009,Rural,4382.917574771642
2023-11-06,ATM_010,Suburban,9356.968347783913
2023-11-06,ATM_011,Rural,6685.381659711081
2023-11-06,ATM_012,Urban,6321.088261338307
2023-11-06,ATM_013,Rural,8235.859457793907
2023-11-06,ATM_014,Suburban,4232.278023900187
2023-11-06,ATM_015,Suburban,6396.742684998413
2023-11-06,ATM_016,Rural,7406.629976368792
2023-11-06,ATM_017,Suburban,10242.766522540524
2023-11-06,ATM_018,Urban,10524.597653356657
2023-11-06,ATM_019,Urban,8154.722024617228
2023-11-06,ATM_020,Rural,3922.6185144179362
2023-11-07,ATM_001,Urban,8459.20282421176
2023-11-07,ATM_002,Rural,4781.921680610161
2023-11-07,ATM_003,Suburban,8605.662815013566
2023-11-07,ATM_004,Suburban,11601.558311060298
2023-11-07,ATM_005,Rural,7135.016386061997
2023-11-07,ATM_006,Urban,7746.351506779027
2023-11-07,ATM_007,Urban,8070.559678067562
2023-11-07,ATM_008,Rural,5961.416340010193
2023-11-07,ATM_009,Rural,5671.536399374567
2023-11-07,ATM_010,Suburban,6870.8705876235545
2023-11-07,ATM_011,Rural,5344.554522574438
2023-11-07,ATM_012,Urban,10167.882976095652
2023-11-07,ATM_013,Rural,4156.686636756496
2023-11-07,ATM_014,Suburban,9424.704517886936
2023-11-07,ATM_015,Suburban,5781.655620640007
2023-11-07,ATM_016,Rural,4757.216001838488
2023-11-07,ATM_017,Suburban,8477.503270244048
2023-11-07,ATM_018,Urban,9079.092308225358
2023-11-07,ATM_019,Urban,10197.152857133131
2023-11-07,ATM_020,Rural,8472.379886561434
2023-11-08,ATM_001,Urban,11451.892901200306
2023-11-08,ATM_002,Rural,6937.915878810248
2023-11-08,ATM_003,Suburban,7889.8206534359415
2023-11-08,ATM_004,Suburban,6395.228739505617
2023-11-08,ATM_005,Rural,4685.216908979362
2023-11-08,ATM_006,Urban,10390.004886663135
2023-11-08,ATM_007,Urban,7551.522692483163
2023-11-08,ATM_008,Rural,7264.072372186437
2023-11-08,ATM_009,Rural,7879.337660392447
2023-11-08,ATM_010,Suburban,9020.578398811882
2023-11-08,ATM_011,Rural,4516.797965319764
2023-11-08,ATM_012,Urban,8344.145176394779
2023-11-08,ATM_013,Rural,4413.606197249714
2023-11-08,ATM_014,Suburban,6867.083254200625
2023-11-08,ATM_015,Suburban,6383.5669266881205
2023-11-08,ATM_016,Rural,3594.7392053103276
2023-11-08,ATM_017,Suburban,10283.549274054243
2023-11-08,ATM_018,Urban,7145.042427490736
2023-11-08,ATM_019,Urban,10494.536019867903
2023-11-08,ATM_020,Rural,6192.455279976549
2023-11-09,ATM_001,Urban,7686.66392866617
2023-11-09,ATM_002,Rural,3175.0306214041425
2023-11-09,ATM_003,Suburban,5788.713111502942
2023-11-09,ATM_004,Suburban,6642.044354227947
2023-11-09,ATM_005,Rural,3835.0974979280863
2023-11-09,ATM_006,Urban,11233.875457109263
2023-11-09,ATM_007,Urban,6733.139753293491
2023-11-09,ATM_008,Rural,5478.129861147475
2023-11-09,ATM_009,Rural,5946.149017771821
2023-11-09,ATM_010,Suburban,6613.964660814373
2023-11-09,ATM_011,Rural,6367.510671829345
2023-11-09,ATM_012,Urban,8152.746529327142
2023-11-09,ATM_013,Rural,7580.165744854928
2023-11-09,ATM_014,Suburban,8553.392078348594
2023-11-09,ATM_015,Suburban,8360.678790700635
2023-11-09,ATM_016,Rural,7949.2871275969055
2023-11-09,ATM_017,Suburban,5425.4552089564895
2023-11-09,ATM_018,Urban,8216.3992455895
2023-11-09,ATM_019,Urban,8003.613750648721
2023-11-09,ATM_020,Rural,6351.891987666274
2023-11-10,ATM_001,Urban,11601.292217862601
2023-11-10,ATM_002,Rural,4908.648841473615
2023-11-10,ATM_003,Suburban,7143.100333404497
2023-11-10,ATM_004,Suburban,8522.375420875844
2023-11-10,ATM_005,Rural,5525.249160108546
2023-11-10,ATM_006,Urban,6245.359239208556
2023-11-10,ATM_007,Urban,9009.513480524336
2023-11-10,ATM_008,Rural,5557.551622249931
2023-11-10,ATM_009,Rural,5872.85564547827
2023-11-10,ATM_010,Suburban,5590.461188215017
2023-11-10,ATM_011,Rural,3377.4851363650378
2023-11-10,ATM_012,Urban,9322.23885530216
2023-11-10,ATM_013,Rural,6579.682842670686
2023-11-10,ATM_014,Suburban,5986.691079572331
2023-11-10,ATM_015,Suburban,6831.791973677995
2023-11-10,ATM_016,Rural,5380.0313814624515
2023-11-10,ATM_017,Suburban,6329.996837316988
2023-11-10,ATM_018,Urban,9963.207055199078
2023-11-10,ATM_019,Urban,9156.730828309754
2023-11-10,ATM_020,Rural,5467.269809784275
2023-11-11,ATM_001,Urban,9556.861594652726
2023-11-11,ATM_002,Rural,7619.882238735877
2023-11-11,ATM_003,Suburban,8473.992635099985
2023-11-11,ATM_004,Suburban,9969.190682656197
2023-11-11,ATM_005,Rural,7484.780290770908
2023-11-11,ATM_006,Urban,11018.910254688086
2023-11-11,ATM_007,Urban,11396.772178914458
2023-11-11,ATM_008,Rural,7381.808729729386
2023-11-11,ATM_009,Rural,5030.247070440788
2023-11-11,ATM_010,Suburban,10578.44163680024
2023-11-11,ATM_011,Rural,4372.058789327554
2023-11-11,ATM_012,Urban,12162.030077996475
2023-11-11,ATM_013,Rural,5942.0076007640655
2023-11-11,ATM_014,Suburban,7798.512640442339
2023-11-11,ATM_015,Suburban,9803.787852550113
2023-11-11,ATM_016,Rural,6746.572418260595
2023-11-11,ATM_017,Suburban,9539.439693806795
2023-11-11,ATM_018,Urban,9693.235121093678
2023-11-11,ATM_019,Urban,10080.40059374653
2023-11-11,ATM_020,Rural,4615.747415061946
2023-11-12,ATM_001,Urban,11134.306006017254
2023-11-12,ATM_002,Rural,5983.92451157211
2023-11-12,ATM_003,Suburban,6751.9869090313105
2023-11-12,ATM_004,Suburban,10612.565304193718
2023-11-12,ATM_005,Rural,5434.213890387431
2023-11-12,ATM_006,Urban,13799.76393371024
2023-11-12,ATM_007,Urban,8832.87519628835
2023-11-12,ATM_008,Rural,4555.843539798636
2023-11-12,ATM_009,Rural,9243.725767329823
2023-11-12,ATM_010,Suburban,6253.495772824094
2023-11-12,ATM_011,Rural,5046.3997684101505
2023-11-12,ATM_012,Urban,11208.546803614076
2023-11-12,ATM_013,Rural,8032.622840095143
2023-11-12,ATM_014,Suburban,10771.215065885293
2023-11-12,ATM_015,Suburban,7408.240521075494
2023-11-12,ATM_016,Rural,4961.923499033058
2023-11-12,ATM_017,Suburban,7736.051735816576
2023-11-12,ATM_018,Urban,13354.83802031909
2023-11-12,ATM_019,Urban,7310.234224288599
2023-11-12,ATM_020,Rural,6929.382853191411
2023-11-13,ATM_001,Urban,9088.743035206851
2023-11-13,ATM_002,Rural,6342.433237975717
2023-11-13,ATM_003,Suburban,5631.619235830316
2023-11-13,ATM_004,Suburban,5890.684043249892
2023-11-13,ATM_005,Rural,5978.718634088338
2023-11-13,ATM_006,Urban,8746.787982795433
2023-11-13,ATM_007,Urban,8665.48264682616
2023-11-13,ATM_008,Rural,4559.178064742164
2023-11-13,ATM_009,Rural,7962.87363325066
2023-11-13,ATM_010,Suburban,7536.907208705582
2023-11-13,ATM_011,Rural,2577.3715009580656
2023-11-13,ATM_012,Urban,8199.195408001711
2023-11-13,ATM_013,Rural,4375.680370997119
2023-11-13,ATM_014,Suburban,9152.149118937066
2023-11-13,ATM_015,Suburban,9040.864921778228
2023-11-13,ATM_016,Rural,7694.602590671781
2023-11-13,ATM_017,Suburban,9661.830248047456
2023-11-13,ATM_018,Urban,9369.494238948831
2023-11-13,ATM_019,Urban,6189.713456304512
2023-11-13,ATM_020,Rural,7415.966636948546
2023-11-14,ATM_001,Urban,7549.43171069912
2023-11-14,ATM_002,Rural,6968.376855508254
2023-11-14,ATM_003,Suburban,7440.446535281668
2023-11-14,ATM_004,Suburban,4898.703453048417
2023-11-14,ATM_005,Rural,6376.081774175917
2023-11-14,ATM_006,Urban,8359.713592315495
2023-11-14,ATM_007,Urban,11970.281794325068
2023-11-14,ATM_008,Rural,6213.748764193029
2023-11-14,ATM_009,Rural,4959.905668029011
2023-11-14,ATM_010,Suburban,8704.50799936501
2023-11-14,ATM_011,Rural,7750.149304557461
2023-11-14,ATM_012,Urban,7764.664607978722
2023-11-14,ATM_013,Rural,5550.327049991825
2023-11-14,ATM_014,Suburban,8706.0529431414
2023-11-14,ATM_015,Suburban,5345.893770803515
2023-11-14,ATM_016,Rural,5625.9333363238775
2023-11-14,ATM_017,Suburban,8124.861514847802
2023-11-14,ATM_018,Urban,7700.878298284475
2023-11-14,ATM_019,Urban,7319.034065114741
2023-11-14,ATM_020,Rural,5203.657740438403
2023-11-15,ATM_001,Urban,8151.388478182674
2023-11-15,ATM_002,Rural,7432.943861103047
2023-11-15,ATM_003,Suburban,6804.965514292017
2023-11-15,ATM_004,Suburban,11076.719871476234
2023-11-15,ATM_005,Rural,4856.511936454544
2023-11-15,ATM_006,Urban,10790.267532012766
2023-11-15,ATM_007,Urban,11305.370449887003
2023-11-15,ATM_008,Rural,8398.13294042915
2023-11-15,ATM_009,Rural,4021.929283670789
2023-11-15,ATM_010,Suburban,7257.976526077008
2023-11-15,ATM_011,Rural,7981.197090668992
2023-11-15,ATM_012,Urban,9508.489305972082
2023-11-15,ATM_013,Rural,4585.004092943792
2023-11-15,ATM_014,Suburban,5371.363161564777
2023-11-15,ATM_015,Suburban,5451.615935213397
2023-11-15,ATM_016,Rural,7560.621412262866
2023-11-15,ATM_017,Suburban,8810.671259098664
2023-11-15,ATM_018,Urban,12046.545167917471
2023-11-15,ATM_019,Urban,6340.842337460783
2023-11-15,ATM_020,Rural,7642.891207028551
2023-11-16,ATM_001,Urban,7632.739163273651
2023-11-16,ATM_002,Rural,7892.521201439222
2023-11-16,ATM_003,Suburban,7839.363982581738
2023-11-16,ATM_004,Suburban,7531.320779126181
2023-11-16,ATM_005,Rural,6939.787183418435
2023-11-16,ATM_006,Urban,9555.293934787363
2023-11-16,ATM_007,Urban,10608.085170914852
2023-11-16,ATM_008,Rural,6497.4991282700175
2023-11-16,ATM_009,Rural,8042.48664463481
2023-11-16,ATM_010,Suburban,7354.742396326651
2023-11-16,ATM_011,Rural,6272.249336347919
2023-11-16,ATM_012,Urban,9579.052480966697
2023-11-16,ATM_013,Rural,5436.317369758031
2023-11-16,ATM_014,Suburban,5349.422585571243
2023-11-16,ATM_015,Suburban,5160.173900057035
2023-11-16,ATM_016,Rural,7220.493099165722
2023-11-16,ATM_017,Suburban,7209.329220336336
2023-11-16,ATM_018,Urban,7579.372097508369
2023-11-16,ATM_019,Urban,12151.123138696821
2023-11-16,ATM_020,Rural,5375.448291489226
2023-11-17,ATM_001,Urban,11104.854477784069
2023-11-17,ATM_002,Rural,4608.313631769818
2023-11-17,ATM_003,Suburban,5517.848320763086
2023-11-17,ATM_004,Suburban,4822.534022509308
2023-11-17,ATM_005,Rural,3639.932342065378
2023-11-17,ATM_006,Urban,7712.225536912377
2023-11-17,ATM_007,Urban,9790.139523101168
2023-11-17,ATM_008,Rural,3909.751837149737
2023-11-17,ATM_009,Rural,3461.815883188985
2023-11-17,ATM_010,Suburban,7298.275645116307
2023-11-17,ATM_011,Rural,5950.277558390899
2023-11-17,ATM_012,Urban,9132.040030638784
2023-11-17,ATM_013,Rural,3062.6762953243115
2023-11-17,ATM_014,Suburban,10005.82747715513
2023-11-17,ATM_015,Suburban,5072.9058745519915
2023-11-17,ATM_016,Rural,6074.517787480225
2023-11-17,ATM_017,Suburban,9442.788745320955
2023-11-17,ATM_018,Urban,8838.255502223583
2023-11-17,ATM_019,Urban,9282.336379012559
2023-11-17,ATM_020,Rural,7356.72409843527
2023-11-18,ATM_001,Urban,11895.049944027365
2023-11-18,ATM_002,Rural,6502.137543046898
2023-11-18,ATM_003,Suburban,7130.255586771848
2023-11-18,ATM_004,Suburban,11912.880552841205
2023-11-18,ATM_005,Rural,9928.431038080947
2023-11-18,ATM_006,Urban,9205.165956480108
2023-11-18,ATM_007,Urban,11393.68309967918
2023-11-18,ATM_008,Rural,3967.078345046973
2023-11-18,ATM_009,Rural,4907.082558862905
2023-11-18,ATM_010,Suburban,8447.744187582994
2023-11-18,ATM_011,Rural,8687.40677136526
2023-11-18,ATM_012,Urban,14242.566934685605
2023-11-18,ATM_013,Rural,10331.416429065821
2023-11-18,ATM_014,Suburban,10611.385360686518
2023-11-18,ATM_015,Suburban,11904.763875936858
2023-11-18,ATM_016,Rural,5010.890706654337
2023-11-18,ATM_017,Suburban,10098.897917362232
2023-11-18,ATM_018,Urban,8605.613967186127
2023-11-18,ATM_019,Urban,9522.266228528482
2023-11-18,ATM_020,Rural,4509.211004216178
2023-11-19,ATM_001,Urban,10472.860870029934
2023-11-19,ATM_002,Rural,2781.122888150675
2023-11-19,ATM_003,Suburban,11290.273524282793
2023-11-19,ATM_004,Suburban,10815.021360206902
2023-11-19,ATM_005,Rural,9589.53565003717
2023-11-19,ATM_006,Urban,10328.871516635378
2023-11-19,ATM_007,Urban,12875.644158069415
2023-11-19,ATM_008,Rural,6572.104675722961
2023-11-19,ATM_009,Rural,4597.38004528274
2023-11-19,ATM_010,Suburban,8660.021662766609
2023-11-19,ATM_011,Rural,4072.0520962680635
2023-11-19,ATM_012,Urban,10687.216541712201
2023-11-19,ATM_013,Rural,4566.687905077983
2023-11-19,ATM_014,Suburban,6097.285116222548
2023-11-19,ATM_015,Suburban,11012.685274713589
2023-11-19,ATM_016,Rural,9242.964827547052
2023-11-19,ATM_017,Suburban,6692.415113037625
2023-11-19,ATM_018,Urban,13040.935130241756
2023-11-19,ATM_019,Urban,11419.690233604495
2023-11-19,ATM_020,Rural,7583.725507300667
2023-11-20,ATM_001,Urban,6090.615594039523
2023-11-20,ATM_002,Rural,8020.609095463235
2023-11-20,ATM_003,Suburban,8195.328630239279
2023-11-20,ATM_004,Suburban,11285.754750255343
2023-11-20,ATM_005,Rural,4803.1559971594015
2023-11-20,ATM_006,Urban,7891.549237917855
2023-11-20,ATM_007,Urban,9428.25897878686
2023-11-20,ATM_008,Rural,4876.500056090271
2023-11-20,ATM_009,Rural,5850.040896832736
2023-11-20,ATM_010,Suburban,10659.12722023816
2023-11-20,ATM_011,Rural,5825.488407379349
2023-11-20,ATM_012,Urban,8856.28652006512
2023-11-20,ATM_013,Rural,6894.462775338442
2023-11-20,ATM_014,Suburban,6471.301030425906
2023-11-20,ATM_015,Suburban,9435.088565210115
2023-11-20,ATM_016,Rural,6461.12354086068
2023-11-20,ATM_017,Suburban,8179.346594882267
2023-11-20,ATM_018,Urban,8658.329033076727
2023-11-20,ATM_019,Urban,8282.107714003718
2023-11-20,ATM_020,Rural,4179.6208560057
2023-11-21,ATM_001,Urban,10660.657503539005
2023-11-21,ATM_002,Rural,5098.12630848727
2023-11-21,ATM_003,Suburban,9354.456844533228
2023-11-21,ATM_004,Suburban,8753.77884939103
2023-11-21,ATM_005,Rural,3275.4463772183944
2023-11-21,ATM_006,Urban,9382.068567573613
2023-11-21,ATM_007,Urban,5444.412029172231
2023-11-21,ATM_008,Rural,6807.287919200954
2023-11-21,ATM_009,Rural,8343.359538136036
2023-11-21,ATM_010,Suburban,6071.289870487817
2023-11-21,ATM_011,Rural,8060.296504233923
2023-11-21,ATM_012,Urban,8256.054029239553
2023-11-21,ATM_013,Rural,6225.244874655937
2023-11-21,ATM_014,Suburban,6003.8100810830965
2023-11-21,ATM_015,Suburban,5755.842977282556
2023-11-21,ATM_016,Rural,4526.351383175595
2023-11-21,ATM_017,Suburban,6321.405223145507
2023-11-21,ATM_018,Urban,8450.695493442145
2023-11-21,ATM_019,Urban,7675.356318592567
2023-11-21,ATM_020,Rural,6564.229089333498
2023-11-22,ATM_001,Urban,8919.7629855404
2023-11-22,ATM_002,Rural,3648.042990542537
2023-11-22,ATM_003,Suburban,5943.733933574732
2023-11-22,ATM_004,Suburban,7948.40125409345
2023-11-22,ATM_005,Rural,3793.1144283864296
2023-11-22,ATM_006,Urban,5211.650478692859
2023-11-22,ATM_007,Urban,8605.043736025584
2023-11-22,ATM_008,Rural,5193.635490749563
2023-11-22,ATM_009,Rural,6793.8915880435625
2023-11-22,ATM_010,Suburban,8872.751444524052
2023-11-22,ATM_011,Rural,5381.33891196968
2023-11-22,ATM_012,Urban,5948.53759980982
2023-11-22,ATM_013,Rural,7835.020598082692
2023-11-22,ATM_014,Suburban,4100.470524986481
2023-11-22,ATM_015,Suburban,6471.866319398728
2023-11-22,ATM_016,Rural,4411.176666427036
2023-11-22,ATM_017,Suburban,8276.73663645779
2023-11-22,ATM_018,Urban,10045.763803365098
2023-11-22,ATM_019,Urban,11434.903749018482
2023-11-22,ATM_020,Rural,5871.186271090828
2023-11-23,ATM_001,Urban,8034.528995315552
2023-11-23,ATM_002,Rural,6702.69629281374
2023-11-23,ATM_003,Suburban,6292.155218503734
2023-11-23,ATM_004,Suburban,5667.904769479709
2023-11-23,ATM_005,Rural,3433.262772652837
2023-11-23,ATM_006,Urban,7065.27567060576
2023-11-23,ATM_007,Urban,10831.46262595578
2023-11-23,ATM_008,Rural,5604.283130524598
2023-11-23,ATM_009,Rural,5180.400152756711
2023-11-23,ATM_010,Suburban,6868.81195770754
2023-11-23,ATM_011,Rural,3357.9060615074573
2023-11-23,ATM_012,Urban,7372.681443235591
2023-11-23,ATM_013,Rural,4155.187939550618
2023-11-23,ATM_014,Suburban,9228.8152063649
2023-11-23,ATM_015,Suburban,7952.672778735434
2023-11-23,ATM_016,Rural,8054.721121356635
2023-11-23,ATM_017,Suburban,9707.88474808578
2023-11-23,ATM_018,Urban,6925.563992042957
2023-11-23,ATM_019,Urban,10247.530423975992
2023-11-23,ATM_020,Rural,5268.470572384148
2023-11-24,ATM_001,Urban,8201.674092376075
2023-11-24,ATM_002,Rural,4790.95468225028
2023-11-24,ATM_003,Suburban,5140.367405401371
2023-11-24,ATM_004,Suburban,4994.135144425454
2023-11-24,ATM_005,Rural,6608.426470021376
2023-11-24,ATM_006,Urban,7563.916654421095
2023-11-24,ATM_007,Urban,10020.017040535133
2023-11-24,ATM_008,Rural,5070.287496029019
2023-11-24,ATM_009,Rural,4635.651395892427
2023-11-24,ATM_010,Suburban,7739.442029669453
2023-11-24,ATM_011,Rural,6529.747946243668
2023-11-24,ATM_012,Urban,11799.606790571132
2023-11-24,ATM_013,Rural,6747.259751676775
2023-11-24,ATM_014,Suburban,5745.222933238332
2023-11-24,ATM_015,Suburban,8790.699992424199
2023-11-24,ATM_016,Rural,3976.0026760797145
2023-11-24,ATM_017,Suburban,6759.705898237115
2023-11-24,ATM_018,Urban,9699.829709264885
2023-11-24,ATM_019,Urban,6654.686676710923
2023-11-24,ATM_020,Rural,7719.787556857962
2023-11-25,ATM_001,Urban,12918.30559973346
2023-11-25,ATM_002,Rural,5192.4661210229815
2023-11-25,ATM_003,Suburban,11725.863845855241
2023-11-25,ATM_004,Suburban,10611.412784525655
2023-11-25,ATM_005,Rural,4926.024437856912
2023-11-25,ATM_006,Urban,9303.253144540795
2023-11-25,ATM_007,Urban,10642.506891529096
2023-11-25,ATM_008,Rural,3250.0877725215582
2023-11-25,ATM_009,Rural,4164.004133951568
2023-11-25,ATM_010,Suburban,9800.673958735128
2023-11-25,ATM_011,Rural,7189.344242337831
2023-11-25,ATM_012,Urban,12129.960463229107
2023-11-25,ATM_013,Rural,3694.602822295495
2023-11-25,ATM_014,Suburban,11981.741479690842
2023-11-25,ATM_015,Suburban,9082.289128890272
2023-11-25,ATM_016,Rural,6945.978126000298
2023-11-25,ATM_017,Suburban,8866.689740324367
2023-11-25,ATM_018,Urban,13486.886478069495
2023-11-25,ATM_019,Urban,11650.813828039149
2023-11-25,ATM_020,Rural,5657.044329183527
2023-11-26,ATM_001,Urban,13250.03989194101
2023-11-26,ATM_002,Rural,5609.184184784144
2023-11-26,ATM_003,Suburban,11762.559757590905
2023-11-26,ATM_004,Suburban,9785.129550638589
2023-11-26,ATM_005,Rural,5169.29504187274
2023-11-26,ATM_006,Urban,12179.08605440155
2023-11-26,ATM_007,Urban,11848.160261317886
2023-11-26,ATM_008,Rural,4646.150870030286
2023-11-26,ATM_009,Rural,10004.403171756328
2023-11-26,ATM_010,Suburban,12103.691188891966
2023-11-26,ATM_011,Rural,3380.1613949758944
2023-11-26,ATM_012,Urban,12626.74174911861
2023-11-26,ATM_013,Rural,3822.5432181663396
2023-11-26,ATM_014,Suburban,10800.375418986414
2023-11-26,ATM_015,Suburban,11385.812570212316
2023-11-26,ATM_016,Rural,3670.168082076538
2023-11-26,ATM_017,Suburban,8029.974031108135
2023-11-26,ATM_018,Urban,8647.822192856605
2023-11-26,ATM_019,Urban,9007.647887384555
2023-11-26,ATM_020,Rural,7613.9427463208685
2023-11-27,ATM_001,Urban,9850.207895528087
2023-11-27,ATM_002,Rural,7279.834587011643
2023-11-27,ATM_003,Suburban,7781.729049085416
2023-11-27,ATM_004,Suburban,8303.652786262997
2023-11-27,ATM_005,Rural,3322.8271610473166
2023-11-27,ATM_006,Urban,11741.761505456683
2023-11-27,ATM_007,Urban,7171.007532842676
2023-11-27,ATM_008,Rural,5329.6570394389755
2023-11-27,ATM_009,Rural,6814.187502790701
2023-11-27,ATM_010,Suburban,8918.937483275826
2023-11-27,ATM_011,Rural,6552.93448628453
2023-11-27,ATM_012,Urban,9827.468844172536
2023-11-27,ATM_013,Rural,7167.868360522051
2023-11-27,ATM_014,Suburban,7053.0138683377545
2023-11-27,ATM_015,Suburban,10043.426451905334
2023-11-27,ATM_016,Rural,2057.5283527332463
2023-11-27,ATM_017,Suburban,7659.63249394149
2023-11-27,ATM_018,Urban,6989.60782566295
2023-11-27,ATM_019,Urban,11783.49864025546
2023-11-27,ATM_020,Rural,3057.4116696407127
2023-11-28,ATM_001,Urban,10086.246096728333
2023-11-28,ATM_002,Rural,6348.178734738164
2023-11-28,ATM_003,Suburban,5801.763225211106
2023-11-28,ATM_004,Suburban,6396.682825327463
2023-11-28,ATM_005,Rural,4708.960395886057
2023-11-28,ATM_006,Urban,5963.846160254082
2023-11-28,ATM_007,Urban,6544.887086557639
2023-11-28,ATM_008,Rural,5900.960480109708
2023-11-28,ATM_009,Rural,4309.288564026379
2023-11-28,ATM_010,Suburban,7873.295832539139
2023-11-28,ATM_011,Rural,5423.7970659469975
2023-11-28,ATM_012,Urban,8662.039248634735
2023-11-28,ATM_013,Rural,6634.047199443984
2023-11-28,ATM_014,Suburban,4286.082739802012
2023-11-28,ATM_015,Suburban,8171.906380174918
2023-11-28,ATM_016,Rural,5869.141896634249
2023-11-28,ATM_017,Suburban,7539.031120473503
2023-11-28,ATM_018,Urban,8894.53710867794
2023-11-28,ATM_019,Urban,7153.58651655092
2023-11-28,ATM_020,Rural,6033.680052195978
2023-11-29,ATM_001,Urban,9295.299006861873
2023-11-29,ATM_002,Rural,9260.589470773251
2023-11-29,ATM_003,Suburban,9120.929050449724
2023-11-29,ATM_004,Suburban,9377.459852147203
2023-11-29,ATM_005,Rural,4710.906885033357
2023-11-29,ATM_006,Urban,7162.932675310424
2023-11-29,ATM_007,Urban,5714.256551077099
2023-11-29,ATM_008,Rural,4624.756067566515
2023-11-29,ATM_009,Rural,3951.358821034444
2023-11-29,ATM_010,Suburban,10180.183927902508
2023-11-29,ATM_011,Rural,7661.093714718142
2023-11-29,ATM_012,Urban,7323.7272428821025
2023-11-29,ATM_013,Rural,5584.126872403456
2023-11-29,ATM_014,Suburban,10184.251321184975
2023-11-29,ATM_015,Suburban,6552.362231408911
2023-11-29,ATM_016,Rural,2854.3568729992803
2023-11-29,ATM_017,Suburban,7138.698109789438
2023-11-29,ATM_018,Urban,9822.530581539279
2023-11-29,ATM_019,Urban,8372.205664150631
2023-11-29,ATM_020,Rural,7236.330209864732
2023-11-30,ATM_001,Urban,7358.139863578423
2023-11-30,ATM_002,Rural,9795.51284014894
2023-11-30,ATM_003,Suburban,11666.316183403305
2023-11-30,ATM_004,Suburban,10903.311067064853
2023-11-30,ATM_005,Rural,8728.354084420042
2023-11-30,ATM_006,Urban,11223.271421202668
2023-11-30,ATM_007,Urban,11848.842047774546
2023-11-30,ATM_008,Rural,9952.078480536355
2023-11-30,ATM_009,Rural,5022.880907447062
2023-11-30,ATM_010,Suburban,13898.124350893435
2023-11-30,ATM_011,Rural,10175.208269442075
2023-11-30,ATM_012,Urban,14630.738260330501
2023-11-30,ATM_013,Rural,3739.119624633678
2023-11-30,ATM_014,Suburban,12238.765666101035
2023-11-30,ATM_015,Suburban,12456.943011959755
2023-11-30,ATM_016,Rural,10671.695404560996
2023-11-30,ATM_017,Suburban,6328.973955589251
2023-11-30,ATM_018,Urban,15710.288757963655
2023-11-30,ATM_019,Urban,8665.381820357714
2023-11-30,ATM_020,Rural,5140.956918824431
2023-12-01,ATM_001,Urban,8903.222201713113
2023-12-01,ATM_002,Rural,6411.968901986709
2023-12-01,ATM_003,Suburban,8572.413388194218
2023-12-01,ATM_004,Suburban,6907.772882733738
2023-12-01,ATM_005,Rural,6675.270329449926
2023-12-01,ATM_006,Urban,7060.763250613771
2023-12-01,ATM_007,Urban,7965.985042730517
2023-12-01,ATM_008,Rural,6638.720300477431
2023-12-01,ATM_009,Rural,5192.9300326282655
2023-12-01,ATM_010,Suburban,6954.454983334399
2023-12-01,ATM_011,Rural,6124.409944338918
2023-12-01,ATM_012,Urban,11648.419921529648
2023-12-01,ATM_013,Rural,5183.652050619858
2023-12-01,ATM_014,Suburban,8267.826262889577
2023-12-01,ATM_015,Suburban,6918.305524492314
2023-12-01,ATM_016,Rural,6816.315682889733
2023-12-01,ATM_017,Suburban,6932.340616774996
2023-12-01,ATM_018,Urban,7645.3954829713875
2023-12-01,ATM_019,Urban,8505.036589243437
2023-12-01,ATM_020,Rural,4309.6207098877085
2023-12-02,ATM_001,Urban,13438.189652657651
2023-12-02,ATM_002,Rural,4892.185338048383
2023-12-02,ATM_003,Suburban,8679.811563650635
2023-12-02,ATM_004,Suburban,5808.613124462439
2023-12-02,ATM_005,Rural,5173.46142488961
2023-12-02,ATM_006,Urban,13027.254127408232
2023-12-02,ATM_007,Urban,14182.53678634359
2023-12-02,ATM_008,Rural,6764.7272579513765
2023-12-02,ATM_009,Rural,6208.210767992787
2023-12-02,ATM_010,Suburban,8064.179270443872
2023-12-02,ATM_011,Rural,8107.326127404573
2023-12-02,ATM_012,Urban,7788.161939330591
2023-12-02,ATM_013,Rural,6199.217664170388
2023-12-02,ATM_014,Suburban,7080.940180926647
2023-12-02,ATM_015,Suburban,11997.084819258174
2023-12-02,ATM_016,Rural,8968.908108709275
2023-12-02,ATM_017,Suburban,10822.41093662239
2023-12-02,ATM_018,Urban,12869.893894447234
2023-12-02,ATM_019,Urban,11881.28686280777
2023-12-02,ATM_020,Rural,3837.17960566826
2023-12-03,ATM_001,Urban,8642.860655166529
2023-12-03,ATM_002,Rural,4379.212332435344
2023-12-03,ATM_003,Suburban,7141.319321774791
2023-12-03,ATM_004,Suburban,9677.399279129613
2023-12-03,ATM_005,Rural,5804.078661316732
2023-12-03,ATM_006,Urban,10277.83836855174
2023-12-03,ATM_007,Urban,12387.80417846522
2023-12-03,ATM_008,Rural,7672.645607895989
2023-12-03,ATM_009,Rural,4785.655690985999
2023-12-03,ATM_010,Suburban,10637.445777251849
2023-12-03,ATM_011,Rural,4460.4693270295775
2023-12-03,ATM_012,Urban,9921.071237961685
2023-12-03,ATM_013,Rural,6306.303519905947
2023-12-03,ATM_014,Suburban,11210.296976933236
2023-12-03,ATM_015,Suburban,7808.142992306596
2023-12-03,ATM_016,Rural,9143.609368049301
2023-12-03,ATM_017,Suburban,7151.412080578909
2023-12-03,ATM_018,Urban,13370.003618004484
2023-12-03,ATM_019,Urban,7925.325859933221
2023-12-03,ATM_020,Rural,8322.89560041703
2023-12-04,ATM_001,Urban,7949.966626312872
2023-12-04,ATM_002,Rural,7212.119536996122
2023-12-04,ATM_003,Suburban,8913.168420221173
2023-12-04,ATM_004,Suburban,7227.77872947889
2023-12-04,ATM_005,Rural,3757.8521371022216
2023-12-04,ATM_006,Urban,7931.524153671916
2023-12-04,ATM_007,Urban,9380.82616692896
2023-12-04,ATM_008,Rural,7793.910789209177
2023-12-04,ATM_009,Rural,6613.364695199002
2023-12-04,ATM_010,Suburban,6069.308298532556
2023-12-04,ATM_011,Rural,4647.523297169045
2023-12-04,ATM_012,Urban,9421.856137208753
2023-12-04,ATM_013,Rural,5286.364184179267
2023-12-04,ATM_014,Suburban,7709.462672107677
2023-12-04,ATM_015,Suburban,5461.153431810052
2023-12-04,ATM_016,Rural,5340.422477391492
2023-12-04,ATM_017,Suburban,5665.62819597261
2023-12-04,ATM_018,Urban,5900.812435335313
2023-12-04,ATM_019,Urban,7969.660014886114
2023-12-04,ATM_020,Rural,3014.4837084508654
2023-12-05,ATM_001,Urban,8136.277965423817
2023-12-05,ATM_002,Rural,6976.659293107663
2023-12-05,ATM_003,Suburban,6278.16061293704
2023-12-05,ATM_004,Suburban,8148.59187927145
2023-12-05,ATM_005,Rural,3653.756819176483
2023-12-05,ATM_006,Urban,6906.336902979078
2023-12-05,ATM_007,Urban,7660.58004503452
2023-12-05,ATM_008,Rural,5137.11556836719
2023-12-05,ATM_009,Rural,4948.760599947244
2023-12-05,ATM_010,Suburban,7832.41455222251
2023-12-05,ATM_011,Rural,7453.245925458703
2023-12-05,ATM_012,Urban,8578.118993593089
2023-12-05,ATM_013,Rural,6227.422376308322
2023-12-05,ATM_014,Suburban,5103.523553416878
2023-12-05,ATM_015,Suburban,7530.417119472947
2023-12-05,ATM_016,Rural,2616.0122697706515
2023-12-05,ATM_017,Suburban,10051.998854368332
2023-12-05,ATM_018,Urban,7380.416757026759
2023-12-05,ATM_019,Urban,10631.94382095744
2023-12-05,ATM_020,Rural,4589.027263154641
2023-12-06,ATM_001,Urban,8234.656834935708
2023-12-06,ATM_002,Rural,5685.620745239709
2023-12-06,ATM_003,Suburban,5527.031958345388
2023-12-06,ATM_004,Suburban,7004.174343869561
2023-12-06,ATM_005,Rural,6387.993585880147
2023-12-06,ATM_006,Urban,6973.174890619281
2023-12-06,ATM_007,Urban,8601.984029957952
2023-12-06,ATM_008,Rural,7701.9135522721035
2023-12-06,ATM_009,Rural,4923.808656037165
2023-12-06,ATM_010,Suburban,4657.193006691899
2023-12-06,ATM_011,Rural,7777.58052657305
2023-12-06,ATM_012,Urban,7833.712679578627
2023-12-06,ATM_013,Rural,7357.94841060349
2023-12-06,ATM_014,Suburban,9387.10230952396
2023-12-06,ATM_015,Suburban,9722.095547068424
2023-12-06,ATM_016,Rural,2313.70581505107
2023-12-06,ATM_017,Suburban,7558.436660226844
2023-12-06,ATM_018,Urban,7868.962990220899
2023-12-06,ATM_019,Urban,7781.40656430884
2023-12-06,ATM_020,Rural,4710.035508559839
2023-12-07,ATM_001,Urban,9464.713933192324
2023-12-07,ATM_002,Rural,7517.783111591688
2023-12-07,ATM_003,Suburban,4819.672425532981
2023-12-07,ATM_004,Suburban,10232.280245052327
2023-12-07,ATM_005,Rural,6013.831918245495
2023-12-07,ATM_006,Urban,8040.518599151208
2023-12-07,ATM_007,Urban,8723.854953033973
2023-12-07,ATM_008,Rural,3244.9490262831537
2023-12-07,ATM_009,Rural,4717.099433069308
2023-12-07,ATM_010,Suburban,7273.744906942776
2023-12-07,ATM_011,Rural,3315.6684179662416
2023-12-07,ATM_012,Urban,6732.272319612529
2023-12-07,ATM_013,Rural,7581.150580850695
2023-12-07,ATM_014,Suburban,8471.712431340344
2023-12-07,ATM_015,Suburban,9141.94983457143
2023-12-07,ATM_016,Rural,3889.284148763531
2023-12-07,ATM_017,Suburban,6895.26315555797
2023-12-07,ATM_018,Urban,9402.58128107909
2023-12-07,ATM_019,Urban,8171.584486233689
2023-12-07,ATM_020,Rural,4576.961045077473
2023-12-08,ATM_001,Urban,7790.814121919513
2023-12-08,ATM_002,Rural,4324.916841290452
2023-12-08,ATM_003,Suburban,7006.273204045383
2023-12-08,ATM_004,Suburban,9129.870984223558
2023-12-08,ATM_005,Rural,6115.801508316461
2023-12-08,ATM_006,Urban,9511.362468525434
2023-12-08,ATM_007,Urban,6925.185260146921
2023-12-08,ATM_008,Rural,5954.828071731718
2023-12-08,ATM_009,Rural,2027.127524565307
2023-12-08,ATM_010,Suburban,8920.986207235843
2023-12-08,ATM_011,Rural,7789.5911037804035
2023-12-08,ATM_012,Urban,6787.184969655257
2023-12-08,ATM_013,Rural,6284.192432785156
2023-12-08,ATM_014,Suburban,4995.239189694785
2023-12-08,ATM_015,Suburban,7509.03773058621
2023-12-08,ATM_016,Rural,8116.558179594098
2023-12-08,ATM_017,Suburban,7831.850386492598
2023-12-08,ATM_018,Urban,7164.478522992398
2023-12-08,ATM_019,Urban,10941.573087787723
2023-12-08,ATM_020,Rural,4208.622051556806
2023-12-09,ATM_001,Urban,13772.561656848236
2023-12-09,ATM_002,Rural,8332.729661566347
2023-12-09,ATM_003,Suburban,6620.993124041665
2023-12-09,ATM_004,Suburban,11063.770247706849
2023-12-09,ATM_005,Rural,3489.087621823804
2023-12-09,ATM_006,Urban,11648.842946387535
2023-12-09,ATM_007,Urban,10857.2165986998
2023-12-09,ATM_008,Rural,7302.683946246988
2023-12-09,ATM_009,Rural,9113.95318702522
2023-12-09,ATM_010,Suburban,9333.565135413903
2023-12-09,ATM_011,Rural,6958.864598682027
2023-12-09,ATM_012,Urban,8735.22063541087
2023-12-09,ATM_013,Rural,6939.756671317555
2023-12-09,ATM_014,Suburban,10437.267650182132
2023-12-09,ATM_015,Suburban,7195.811885676925
2023-12-09,ATM_016,Rural,8780.04730188461
2023-12-09,ATM_017,Suburban,10909.58007048855
2023-12-09,ATM_018,Urban,11104.926066474218
2023-12-09,ATM_019,Urban,12924.010636041716
2023-12-09,ATM_020,Rural,8190.696271711525
2023-12-10,ATM_001,Urban,8286.657092532605
2023-12-10,ATM_002,Rural,3877.616337274361
2023-12-10,ATM_003,Suburban,9289.484535000389
2023-12-10,ATM_004,Suburban,7051.531735751088
2023-12-10,ATM_005,Rural,8426.421212459498
2023-12-10,ATM_006,Urban,9549.298375746755
2023-12-10,ATM_007,Urban,12032.701571193253
2023-12-10,ATM_008,Rural,6705.42362243033
2023-12-10,ATM_009,Rural,5297.605112696374
2023-12-10,ATM_010,Suburban,10668.567722143518
2023-12-10,ATM_011,Rural,5162.845821948431
2023-12-10,ATM_012,Urban,10464.29119483952
2023-12-10,ATM_013,Rural,6911.865858181573
2023-12-10,ATM_014,Suburban,10562.27131041803
2023-12-10,ATM_015,Suburban,7354.527099223181
2023-12-10,ATM_016,Rural,6636.455311802469
2023-12-10,ATM_017,Suburban,6714.661891748673
2023-12-10,ATM_018,Urban,9144.524537437126
2023-12-10,ATM_019,Urban,10470.402283012665
2023-12-10,ATM_020,Rural,7874.236751905014
2023-12-11,ATM_001,Urban,9384.838666798476
2023-12-11,ATM_002,Rural,3736.299765293139
2023-12-11,ATM_003,Suburban,7056.92854241997
2023-12-11,ATM_004,Suburban,8578.010823040213
2023-12-11,ATM_005,Rural,7789.57965099752
2023-12-11,ATM_006,Urban,9146.003211343212
2023-12-11,ATM_007,Urban,9019.158703989417
2023-12-11,ATM_008,Rural,5638.898210732081
2023-12-11,ATM_009,Rural,4902.921840590444
2023-12-11,ATM_010,Suburban,7709.44661321762
2023-12-11,ATM_011,Rural,3561.335230425845
2023-12-11,ATM_012,Urban,7232.745729285539
2023-12-11,ATM_013,Rural,5472.046932615565
2023-12-11,ATM_014,Suburban,5639.606196795142
2023-12-11,ATM_015,Suburban,6631.8932917335815
2023-12-11,ATM_016,Rural,4358.878310300446
2023-12-11,ATM_017,Suburban,7930.3842177008655
2023-12-11,ATM_018,Urban,7310.645814384599
2023-12-11,ATM_019,Urban,8706.468147083699
2023-12-11,ATM_020,Rural,3969.10475345085
2023-12-12,ATM_001,Urban,11199.315127298889
2023-12-12,ATM_002,Rural,7434.429658725523
2023-12-12,ATM_003,Suburban,4245.195199841885
2023-12-12,ATM_004,Suburban,5893.461490921744
2023-12-12,ATM_005,Rural,3717.0027729722988
2023-12-12,ATM_006,Urban,6243.420745792961
2023-12-12,ATM_007,Urban,8662.231599195242
2023-12-12,ATM_008,Rural,6706.61379392068
2023-12-12,ATM_009,Rural,6381.567807914786
2023-12-12,ATM_010,Suburban,6215.046477513107
2023-12-12,ATM_011,Rural,5042.077963857364
2023-12-12,ATM_012,Urban,10287.609036140244
2023-12-12,ATM_013,Rural,7189.237759536309
2023-12-12,ATM_014,Suburban,5388.291717363391
2023-12-12,ATM_015,Suburban,6893.132465084613
2023-12-12,ATM_016,Rural,5974.242360172576
2023-12-12,ATM_017,Suburban,10900.719866849751
2023-12-12,ATM_018,Urban,6853.691665557031
2023-12-12,ATM_019,Urban,9492.964708409072
2023-12-12,ATM_020,Rural,3493.9317206107007
2023-12-13,ATM_001,Urban,10804.434996748292
2023-12-13,ATM_002,Rural,5409.257083927272
2023-12-13,ATM_003,Suburban,4500.1479927535065
2023-12-13,ATM_004,Suburban,4968.869677661047
2023-12-13,ATM_005,Rural,3762.3341366513673
2023-12-13,ATM_006,Urban,6920.011847514426
2023-12-13,ATM_007,Urban,11454.265583734714
2023-12-13,ATM_008,Rural,7361.390759763843
2023-12-13,ATM_009,Rural,5999.265365013085
2023-12-13,ATM_010,Suburban,7895.917987049517
2023-12-13,ATM_011,Rural,6253.0587226172065
2023-12-13,ATM_012,Urban,9139.888192879076
2023-12-13,ATM_013,Rural,3631.090151110203
2023-12-13,ATM_014,Suburban,6332.504144468367
2023-12-13,ATM_015,Suburban,3708.239902394488
2023-12-13,ATM_016,Rural,4613.016834065949
2023-12-13,ATM_017,Suburban,5774.050429244661
2023-12-13,ATM_018,Urban,6706.151875816227
2023-12-13,ATM_019,Urban,7189.012582777229
2023-12-13,ATM_020,Rural,7716.36942302812
2023-12-14,ATM_001,Urban,8299.681862099205
2023-12-14,ATM_002,Rural,7405.070427609728
2023-12-14,ATM_003,Suburban,6362.922532637847
2023-12-14,ATM_004,Suburban,6278.797166953448
2023-12-14,ATM_005,Rural,6470.546558421875
2023-12-14,ATM_006,Urban,7023.088360692692
2023-12-14,ATM_007,Urban,7268.007808641901
2023-12-14,ATM_008,Rural,3020.2885974360406
2023-12-14,ATM_009,Rural,4398.19816039049
2023-12-14,ATM_010,Suburban,6802.865404231505
2023-12-14,ATM_011,Rural,5507.695067189366
2023-12-14,ATM_012,Urban,6550.340237858113
2023-12-14,ATM_013,Rural,5553.151711231695
2023-12-14,ATM_014,Suburban,8687.801553322388
2023-12-14,ATM_015,Suburban,6759.795834550734
2023-12-14,ATM_016,Rural,2900.574914200859
2023-12-14,ATM_017,Suburban,9391.40610919921
2023-12-14,ATM_018,Urban,7486.197822267168
2023-12-14,ATM_019,Urban,11371.561318962853
2023-12-14,ATM_020,Rural,6242.329215333734
2023-12-15,ATM_001,Urban,10363.420386960877
2023-12-15,ATM_002,Rural,4494.896940815795
2023-12-15,ATM_003,Suburban,7823.313006498664
2023-12-15,ATM_004,Suburban,4863.81854384066
2023-12-15,ATM_005,Rural,5958.929478066789
2023-12-15,ATM_006,Urban,7835.8081184942885
2023-12-15,ATM_007,Urban,12648.128625612517
2023-12-15,ATM_008,Rural,6986.463599728319
2023-12-15,ATM_009,Rural,7005.712597191734
2023-12-15,ATM_010,Suburban,7155.7397123456185
2023-12-15,ATM_011,Rural,6782.010315616866
2023-12-15,ATM_012,Urban,7887.80324923173
2023-12-15,ATM_013,Rural,3772.7809738049127
2023-12-15,ATM_014,Suburban,5823.455058102757
2023-12-15,ATM_015,Suburban,7751.121371981983
2023-12-15,ATM_016,Rural,4367.534195273153
2023-12-15,ATM_017,Suburban,7002.579157112121
2023-12-15,ATM_018,Urban,11338.88331894206
2023-12-15,ATM_019,Urban,8807.469457135372
2023-12-15,ATM_020,Rural,4653.161155013992
2023-12-16,ATM_001,Urban,13336.13228127163
2023-12-16,ATM_002,Rural,8303.991611203492
2023-12-16,ATM_003,Suburban,11239.370492280264
2023-12-16,ATM_004,Suburban,10913.001970958763
2023-12-16,ATM_005,Rural,4004.6459181277987
2023-12-16,ATM_006,Urban,8416.46937432059
2023-12-16,ATM_007,Urban,7890.826191122509
2023-12-16,ATM_008,Rural,8051.0397777660255
2023-12-16,ATM_009,Rural,4638.137927794396
2023-12-16,ATM_010,Suburban,8073.142672330321
2023-12-16,ATM_011,Rural,5562.549007300094
2023-12-16,ATM_012,Urban,8121.287671075807
2023-12-16,ATM_013,Rural,7312.403422975288
2023-12-16,ATM_014,Suburban,12333.915697786291
2023-12-16,ATM_015,Suburban,9958.700050901833
2023-12-16,ATM_016,Rural,8925.788717714748
2023-12-16,ATM_017,Suburban,7367.296007736104
2023-12-16,ATM_018,Urban,11087.27349106792
2023-12-16,ATM_019,Urban,12833.691757136829
2023-12-16,ATM_020,Rural,6827.095737721939
2023-12-17,ATM_001,Urban,13129.614125577315
2023-12-17,ATM_002,Rural,5107.197740806827
2023-12-17,ATM_003,Suburban,7353.303372302416
2023-12-17,ATM_004,Suburban,9419.559391388235
2023-12-17,ATM_005,Rural,7133.1476048025415
2023-12-17,ATM_006,Urban,7422.472703497891
2023-12-17,ATM_007,Urban,12556.185078625194
2023-12-17,ATM_008,Rural,5415.015325405735
2023-12-17,ATM_009,Rural,9549.968142392929
2023-12-17,ATM_010,Suburban,7460.637713234745
2023-12-17,ATM_011,Rural,4430.397055766069
2023-12-17,ATM_012,Urban,10286.26212141292
2023-12-17,ATM_013,Rural,6262.884599250219
2023-12-17,ATM_014,Suburban,11419.06113816808
2023-12-17,ATM_015,Suburban,9615.845970382386
2023-12-17,ATM_016,Rural,5030.3964295419655
2023-12-17,ATM_017,Suburban,7407.6559372270285
2023-12-17,ATM_018,Urban,9131.074528657788
2023-12-17,ATM_019,Urban,13456.223116401165
2023-12-17,ATM_020,Rural,4327.751198094307
2023-12-18,ATM_001,Urban,13062.383349406004
2023-12-18,ATM_002,Rural,5810.78564954671
2023-12-18,ATM_003,Suburban,5516.935883646901
2023-12-18,ATM_004,Suburban,9127.779715842811
2023-12-18,ATM_005,Rural,5853.241357664072
2023-12-18,ATM_006,Urban,7271.360111504413
2023-12-18,ATM_007,Urban,8565.786909801738
2023-12-18,ATM_008,Rural,5746.270390742965
2023-12-18,ATM_009,Rural,5711.434635764059
2023-12-18,ATM_010,Suburban,6300.848609057133
2023-12-18,ATM_011,Rural,6965.252973540046
2023-12-18,ATM_012,Urban,6928.2682738475505
2023-12-18,ATM_013,Rural,4832.571971815144
2023-12-18,ATM_014,Suburban,6640.309687487792
2023-12-18,ATM_015,Suburban,8705.80108516421
2023-12-18,ATM_016,Rural,2789.4903434962544
2023-12-18,ATM_017,Suburban,3256.5530769081315
2023-12-18,ATM_018,Urban,5744.95305027395
2023-12-18,ATM_019,Urban,6534.842929189486
2023-12-18,ATM_020,Rural,6389.781385353078
2023-12-19,ATM_001,Urban,7963.8715960120435
2023-12-19,ATM_002,Rural,8181.041168402751
2023-12-19,ATM_003,Suburban,8884.248359325376
2023-12-19,ATM_004,Suburban,9337.944671942096
2023-12-19,ATM_005,Rural,6313.175886679973
2023-12-19,ATM_006,Urban,10506.36416870816
2023-12-19,ATM_007,Urban,8399.550734319224
2023-12-19,ATM_008,Rural,3415.4940524366416
2023-12-19,ATM_009,Rural,7488.524946387991
2023-12-19,ATM_010,Suburban,7706.145475631015
2023-12-19,ATM_011,Rural,6040.814081653036
2023-12-19,ATM_012,Urban,7149.590250812365
2023-12-19,ATM_013,Rural,7055.427251364715
2023-12-19,ATM_014,Suburban,4921.890405795501
2023-12-19,ATM_015,Suburban,5292.689156271909
2023-12-19,ATM_016,Rural,6953.7423084253705
2023-12-19,ATM_017,Suburban,7488.821529909235
2023-12-19,ATM_018,Urban,8172.10113436191
2023-12-19,ATM_019,Urban,8176.993492106391
2023-12-19,ATM_020,Rural,7411.931414201853
2023-12-20,ATM_001,Urban,9693.310235360372
2023-12-20,ATM_002,Rural,2897.8044966949624
2023-12-20,ATM_003,Suburban,5103.312434705702
2023-12-20,ATM_004,Suburban,6894.067969227652
2023-12-20,ATM_005,Rural,5798.684918079345
2023-12-20,ATM_006,Urban,9981.09273074
2023-12-20,ATM_007,Urban,9483.126029349107
2023-12-20,ATM_008,Rural,6589.555692566051
2023-12-20,ATM_009,Rural,5545.215090059639
2023-12-20,ATM_010,Suburban,5711.41926698265
2023-12-20,ATM_011,Rural,6981.112227475376
2023-12-20,ATM_012,Urban,9123.653133304108
2023-12-20,ATM_013,Rural,3093.2181471737613
2023-12-20,ATM_014,Suburban,8723.493661477984
2023-12-20,ATM_015,Suburban,10027.444620838865
2023-12-20,ATM_016,Rural,7139.078600853282
2023-12-20,ATM_017,Suburban,9074.879922103597
2023-12-20,ATM_018,Urban,6731.13722654272
2023-12-20,ATM_019,Urban,7942.8534636452705
2023-12-20,ATM_020,Rural,7661.414400702044
2023-12-21,ATM_001,Urban,6739.098753615149
2023-12-21,ATM_002,Rural,7103.990995150631
2023-12-21,ATM_003,Suburban,7988.744090474343
2023-12-21,ATM_004,Suburban,7174.402168213325
2023-12-21,ATM_005,Rural,4744.301155210809
2023-12-21,ATM_006,Urban,9900.697471735926
2023-12-21,ATM_007,Urban,7021.421783006159
2023-12-21,ATM_008,Rural,3445.990937831183
2023-12-21,ATM_009,Rural,6889.127793039432
2023-12-21,ATM_010,Suburban,7184.076035332974
2023-12-21,ATM_011,Rural,2651.2562512530376
2023-12-21,ATM_012,Urban,10387.99053383227
2023-12-21,ATM_013,Rural,5860.102683652483
2023-12-21,ATM_014,Suburban,7055.451077509483
2023-12-21,ATM_015,Suburban,4971.233988469236
2023-12-21,ATM_016,Rural,4607.327198449933
2023-12-21,ATM_017,Suburban,8609.529162420238
2023-12-21,ATM_018,Urban,9396.716823774908
2023-12-21,ATM_019,Urban,7622.2800640344585
2023-12-21,ATM_020,Rural,6803.899080443991
2023-12-22,ATM_001,Urban,11924.77164140027
2023-12-22,ATM_002,Rural,6586.807691126519
2023-12-22,ATM_003,Suburban,4791.022675409192
2023-12-22,ATM_004,Suburban,4821.750828232438
2023-12-22,ATM_005,Rural,4269.993224539712
2023-12-22,ATM_006,Urban,6156.221627406168
2023-12-22,ATM_007,Urban,11829.9796498412
2023-12-22,ATM_008,Rural,5873.521574634547
2023-12-22,ATM_009,Rural,7709.133661105868
2023-12-22,ATM_010,Suburban,9865.613124511076
2023-12-22,ATM_011,Rural,4563.998369991268
2023-12-22,ATM_012,Urban,11494.354536669105
2023-12-22,ATM_013,Rural,6740.781571370576
2023-12-22,ATM_014,Suburban,7364.493187835257
2023-12-22,ATM_015,Suburban,5427.363665203003
2023-12-22,ATM_016,Rural,5491.286090565941
2023-12-22,ATM_017,Suburban,5587.858546596843
2023-12-22,ATM_018,Urban,7434.085958023175
2023-12-22,ATM_019,Urban,6326.675453814969
2023-12-22,ATM_020,Rural,8717.666546024027
2023-12-23,ATM_001,Urban,9033.177330477269
2023-12-23,ATM_002,Rural,9284.939932913525
2023-12-23,ATM_003,Suburban,8447.10467153133
2023-12-23,ATM_004,Suburban,12267.197109447672
2023-12-23,ATM_005,Rural,6876.940206661213
2023-12-23,ATM_006,Urban,12273.015000039057
2023-12-23,ATM_007,Urban,7643.768801350588
2023-12-23,ATM_008,Rural,6293.682857885885
2023-12-23,ATM_009,Rural,4218.7995243434325
2023-12-23,ATM_010,Suburban,9348.786429322108
2023-12-23,ATM_011,Rural,9007.39118942212
2023-12-23,ATM_012,Urban,8355.043657724935
2023-12-23,ATM_013,Rural,7660.060618958148
2023-12-23,ATM_014,Suburban,10618.121102411702
2023-12-23,ATM_015,Suburban,11378.50088639324
2023-12-23,ATM_016,Rural,7619.098254051136
2023-12-23,ATM_017,Suburban,7816.6103087015745
2023-12-23,ATM_018,Urban,14657.430373424319
2023-12-23,ATM_019,Urban,11828.014279844463
2023-12-23,ATM_020,Rural,8832.411111840158
2023-12-24,ATM_001,Urban,12904.644773528295
2023-12-24,ATM_002,Rural,5110.838175252454
2023-12-24,ATM_003,Suburban,8015.627260152226
2023-12-24,ATM_004,Suburban,7833.002459025452
2023-12-24,ATM_005,Rural,9627.729171816562
2023-12-24,ATM_006,Urban,8835.833209008117
2023-12-24,ATM_007,Urban,8403.649078746037
2023-12-24,ATM_008,Rural,8044.903794358683
2023-12-24,ATM_009,Rural,3628.5528254730493
2023-12-24,ATM_010,Suburban,7180.915423140969
2023-12-24,ATM_011,Rural,9884.923993502633
2023-12-24,ATM_012,Urban,10830.847232961702
2023-12-24,ATM_013,Rural,6173.52832571716
2023-12-24,ATM_014,Suburban,8302.243771851174
2023-12-24,ATM_015,Suburban,11284.974928307862
2023-12-24,ATM_016,Rural,5315.754936953762
2023-12-24,ATM_017,Suburban,10268.23109253317
2023-12-24,ATM_018,Urban,9733.36322018257
2023-12-24,ATM_019,Urban,10341.797957362067
2023-12-24,ATM_020,Rural,7535.489839528923
2023-12-25,ATM_001,Urban,8294.024290137459
2023-12-25,ATM_002,Rural,3169.555210720938
2023-12-25,ATM_003,Suburban,5037.63931604623
2023-12-25,ATM_004,Suburban,9224.031365317362
2023-12-25,ATM_005,Rural,2942.1880538571677
2023-12-25,ATM_006,Urban,10754.101167125016
2023-12-25,ATM_007,Urban,8906.888555716505
2023-12-25,ATM_008,Rural,6744.679251143342
2023-12-25,ATM_009,Rural,5288.079949462029
2023-12-25,ATM_010,Suburban,5855.651094288683
2023-12-25,ATM_011,Rural,5682.276123059419
2023-12-25,ATM_012,Urban,10730.194921988055
2023-12-25,ATM_013,Rural,4527.8455637745365
2023-12-25,ATM_014,Suburban,8197.035952676819
2023-12-25,ATM_015,Suburban,7639.356710059253
2023-12-25,ATM_016,Rural,6568.7728533678555
2023-12-25,ATM_017,Suburban,5612.58597895822
2023-12-25,ATM_018,Urban,8199.757320520199
2023-12-25,ATM_019,Urban,8086.184421737485
2023-12-25,ATM_020,Rural,8152.958021961662
2023-12-26,ATM_001,Urban,11483.402269002112
2023-12-26,ATM_002,Rural,5157.188382265874
2023-12-26,ATM_003,Suburban,7869.7030555989995
2023-12-26,ATM_004,Suburban,6407.7509673363
2023-12-26,ATM_005,Rural,6347.57254031984
2023-12-26,ATM_006,Urban,7006.9295347853395
2023-12-26,ATM_007,Urban,12596.405412421505
2023-12-26,ATM_008,Rural,7089.1714508498435
2023-12-26,ATM_009,Rural,5088.255009877011
2023-12-26,ATM_010,Suburban,11120.384753182709
2023-12-26,ATM_011,Rural,4778.612121142037
2023-12-26,ATM_012,Urban,6329.300089100499
2023-12-26,ATM_013,Rural,6404.730071434476
2023-12-26,ATM_014,Suburban,7128.7594002292135
2023-12-26,ATM_015,Suburban,9449.53932667832
2023-12-26,ATM_016,Rural,6885.7920977815065
2023-12-26,ATM_017,Suburban,9957.111742604213
2023-12-26,ATM_018,Urban,5962.586102048526
2023-12-26,ATM_019,Urban,6743.960330766504
2023-12-26,ATM_020,Rural,5699.252629034015
2023-12-27,ATM_001,Urban,8589.965135985654
2023-12-27,ATM_002,Rural,4105.718148993867
2023-12-27,ATM_003,Suburban,7664.263555875092
2023-12-27,ATM_004,Suburban,9195.76228285459
2023-12-27,ATM_005,Rural,8486.494582563293
2023-12-27,ATM_006,Urban,5679.550268581317
2023-12-27,ATM_007,Urban,9186.411687025451
2023-12-27,ATM_008,Rural,3953.3909210533575
2023-12-27,ATM_009,Rural,6795.981854615575
2023-12-27,ATM_010,Suburban,8232.987962835008
2023-12-27,ATM_011,Rural,6681.95084093885
2023-12-27,ATM_012,Urban,9318.635385349653
2023-12-27,ATM_013,Rural,6513.317879931537
2023-12-27,ATM_014,Suburban,4409.868351554873
2023-12-27,ATM_015,Suburban,7115.103019732652
2023-12-27,ATM_016,Rural,6329.651473034995
2023-12-27,ATM_017,Suburban,9016.702626579943
2023-12-27,ATM_018,Urban,7617.140989345072
2023-12-27,ATM_019,Urban,6698.529388269896
2023-12-27,ATM_020,Rural,5204.289483463484
2023-12-28,ATM_001,Urban,8333.462212679147
2023-12-28,ATM_002,Rural,4553.623520681203
2023-12-28,ATM_003,Suburban,7523.870561158374
2023-12-28,ATM_004,Suburban,6814.284856908875
2023-12-28,ATM_005,Rural,6603.706720651822
2023-12-28,ATM_006,Urban,9292.327797194837
2023-12-28,ATM_007,Urban,7466.614337720012
2023-12-28,ATM_008,Rural,4275.696625066142
2023-12-28,ATM_009,Rural,2955.3255047838134
2023-12-28,ATM_010,Suburban,7746.647155385705
2023-12-28,ATM_011,Rural,4092.0303697064965
2023-12-28,ATM_012,Urban,12218.991447956641
2023-12-28,ATM_013,Rural,5968.05670588392
2023-12-28,ATM_014,Suburban,6722.512490961034
2023-12-28,ATM_015,Suburban,6361.769424694991
2023-12-28,ATM_016,Rural,4128.120927755083
2023-12-28,ATM_017,Suburban,8481.292156727766
2023-12-28,ATM_018,Urban,7807.839549090064
2023-12-28,ATM_019,Urban,9157.623030754772
2023-12-28,ATM_020,Rural,7637.867122586048
2023-12-29,ATM_001,Urban,9940.9180593379
2023-12-29,ATM_002,Rural,6356.535346679538
2023-12-29,ATM_003,Suburban,8157.72047513905
2023-12-29,ATM_004,Suburban,4902.451494834951
2023-12-29,ATM_005,Rural,5555.244391993715
2023-12-29,ATM_006,Urban,8892.85511804783
2023-12-29,ATM_007,Urban,8688.566964237523
2023-12-29,ATM_008,Rural,4436.741612265469
2023-12-29,ATM_009,Rural,6091.11758679125
2023-12-29,ATM_010,Suburban,6929.463803579523
2023-12-29,ATM_011,Rural,5772.278679726259
2023-12-29,ATM_012,Urban,9687.196068654399
2023-12-29,ATM_013,Rural,5710.583441686587
2023-12-29,ATM_014,Suburban,7215.691000394143
2023-12-29,ATM_015,Suburban,8359.971849621263
2023-12-29,ATM_016,Rural,4604.551373370715
2023-12-29,ATM_017,Suburban,5600.786372577022
2023-12-29,ATM_018,Urban,8127.840542686492
2023-12-29,ATM_019,Urban,6798.23353499942
2023-12-29,ATM_020,Rural,3172.7216716652038
2023-12-30,ATM_001,Urban,11372.14648601267
2023-12-30,ATM_002,Rural,7656.541387414175
2023-12-30,ATM_003,Suburban,10961.76034999146
2023-12-30,ATM_004,Suburban,10305.921666220484
2023-12-30,ATM_005,Rural,8304.139370109695
2023-12-30,ATM_006,Urban,11587.345282543447
2023-12-30,ATM_007,Urban,11063.341775577186
2023-12-30,ATM_008,Rural,5018.880235767518
2023-12-30,ATM_009,Rural,5519.069412906727
2023-12-30,ATM_010,Suburban,5903.88210931321
2023-12-30,ATM_011,Rural,6744.463308784491
2023-12-30,ATM_012,Urban,6939.430354515436
2023-12-30,ATM_013,Rural,5515.888076789844
2023-12-30,ATM_014,Suburban,10790.127436332361
2023-12-30,ATM_015,Suburban,5784.047357439666
2023-12-30,ATM_016,Rural,6436.479702111542
2023-12-30,ATM_017,Suburban,6643.582683500618
2023-12-30,ATM_018,Urban,10063.284750676015
2023-12-30,ATM_019,Urban,11860.981256750276
2023-12-30,ATM_020,Rural,9174.58845283937
2023-12-31,ATM_001,Urban,15891.994660752658
2023-12-31,ATM_002,Rural,11969.169307857634
2023-12-31,ATM_003,Suburban,8403.129946037077
2023-12-31,ATM_004,Suburban,10264.138741021985
2023-12-31,ATM_005,Rural,7629.49831572359
2023-12-31,ATM_006,Urban,9510.701016896382
2023-12-31,ATM_007,Urban,12848.584387406845
2023-12-31,ATM_008,Rural,7859.698944057178
2023-12-31,ATM_009,Rural,10765.243557992813
2023-12-31,ATM_010,Suburban,8080.426217896809
2023-12-31,ATM_011,Rural,11027.21072415572
2023-12-31,ATM_012,Urban,12843.75116840724
2023-12-31,ATM_013,Rural,9447.649099181555
2023-12-31,ATM_014,Suburban,8010.735545948317
2023-12-31,ATM_015,Suburban,7368.551320896033
2023-12-31,ATM_016,Rural,5122.9119059936265
2023-12-31,ATM_017,Suburban,14043.408064384057
2023-12-31,ATM_018,Urban,16391.953275866286
2023-12-31,ATM_019,Urban,13405.149392343175
2023-12-31,ATM_020,Rural,6728.120032662181
2024-01-01,ATM_001,Urban,11352.923424396142
2024-01-01,ATM_002,Rural,4103.475938380465
2024-01-01,ATM_003,Suburban,9723.480142542283
2024-01-01,ATM_004,Suburban,8815.784033689497
2024-01-01,ATM_005,Rural,7349.589898400447
2024-01-01,ATM_006,Urban,8474.309248976442
2024-01-01,ATM_007,Urban,8099.264764698897
2024-01-01,ATM_008,Rural,3426.522006367478
2024-01-01,ATM_009,Rural,4979.58966785422
2024-01-01,ATM_010,Suburban,4462.699361453703
2024-01-01,ATM_011,Rural,3515.8684349917417
2024-01-01,ATM_012,Urban,9877.160207479366
2024-01-01,ATM_013,Rural,5130.996589060615
2024-01-01,ATM_014,Suburban,4701.553283281385
2024-01-01,ATM_015,Suburban,9060.14005355311
2024-01-01,ATM_016,Rural,3492.6415589563726
2024-01-01,ATM_017,Suburban,5960.37032133842
2024-01-01,ATM_018,Urban,10401.083560224528
2024-01-01,ATM_019,Urban,8650.290989514637
2024-01-01,ATM_020,Rural,6342.044926047011
2024-01-02,ATM_001,Urban,8903.11743436155
2024-01-02,ATM_002,Rural,6845.8312244314075
2024-01-02,ATM_003,Suburban,7855.739882462341
2024-01-02,ATM_004,Suburban,8211.305840218394
2024-01-02,ATM_005,Rural,7562.34955378357
2024-01-02,ATM_006,Urban,9415.788189568866
2024-01-02,ATM_007,Urban,9872.222992093946
2024-01-02,ATM_008,Rural,7745.511197180665
2024-01-02,ATM_009,Rural,4991.853920429223
2024-01-02,ATM_010,Suburban,5725.313047440583
2024-01-02,ATM_011,Rural,3713.6716584850374
2024-01-02,ATM_012,Urban,12448.687430504337
2024-01-02,ATM_013,Rural,8619.529201082514
2024-01-02,ATM_014,Suburban,8267.889928749702
2024-01-02,ATM_015,Suburban,7645.546707187698
2024-01-02,ATM_016,Rural,5158.4333663994685
2024-01-02,ATM_017,Suburban,8453.811024967114
2024-01-02,ATM_018,Urban,9217.655285428742
2024-01-02,ATM_019,Urban,12177.739423007763
2024-01-02,ATM_020,Rural,7303.038724344976
2024-01-03,ATM_001,Urban,9477.856404097043
2024-01-03,ATM_002,Rural,5186.684707017592
2024-01-03,ATM_003,Suburban,9717.961924963021
2024-01-03,ATM_004,Suburban,10088.37976504996
2024-01-03,ATM_005,Rural,7716.994113933986
2024-01-03,ATM_006,Urban,8376.477179373182
2024-01-03,ATM_007,Urban,8544.709199598123
2024-01-03,ATM_008,Rural,2241.479698963873
2024-01-03,ATM_009,Rural,3549.304519964724
2024-01-03,ATM_010,Suburban,9135.805795059565
2024-01-03,ATM_011,Rural,3979.445776147386
2024-01-03,ATM_012,Urban,8174.900751738318
2024-01-03,ATM_013,Rural,4148.938308970354
2024-01-03,ATM_014,Suburban,5115.574322635113
2024-01-03,ATM_015,Suburban,8592.056235054468
2024-01-03,ATM_016,Rural,7345.445293489375
2024-01-03,ATM_017,Suburban,8307.854493862638
2024-01-03,ATM_018,Urban,9023.61717192017
2024-01-03,ATM_019,Urban,10467.271774663805
2024-01-03,ATM_020,Rural,3760.857257499896
2024-01-04,ATM_001,Urban,9130.316988674404
2024-01-04,ATM_002,Rural,3204.9150179827184
2024-01-04,ATM_003,Suburban,5579.246999362922
2024-01-04,ATM_004,Suburban,5467.679548507692
2024-01-04,ATM_005,Rural,6703.363598404946
2024-01-04,ATM_006,Urban,7211.434075155268
2024-01-04,ATM_007,Urban,9280.576687440709
2024-01-04,ATM_008,Rural,4555.042695800845
2024-01-04,ATM_009,Rural,7844.330078806712
2024-01-04,ATM_010,Suburban,7754.050053789035
2024-01-04,ATM_011,Rural,7338.714803944764
2024-01-04,ATM_012,Urban,8859.88208438235
2024-01-04,ATM_013,Rural,6314.265705316017
2024-01-04,ATM_014,Suburban,6912.547099702761
2024-01-04,ATM_015,Suburban,4143.189344074308
2024-01-04,ATM_016,Rural,7860.27098938601
2024-01-04,ATM_017,Suburban,9310.988881864394
2024-01-04,ATM_018,Urban,8763.833095831818
2024-01-04,ATM_019,Urban,10395.127024797153
2024-01-04,ATM_020,Rural,3727.818541366429
2024-01-05,ATM_001,Urban,7137.841044259839
2024-01-05,ATM_002,Rural,6983.144873592851
2024-01-05,ATM_003,Suburban,8141.823271112752
2024-01-05,ATM_004,Suburban,5209.788095957865
2024-01-05,ATM_005,Rural,4340.300855587441
2024-01-05,ATM_006,Urban,9243.63085488876
2024-01-05,ATM_007,Urban,9318.467211944668
2024-01-05,ATM_008,Rural,3383.50490532422
2024-01-05,ATM_009,Rural,5121.223296611731
2024-01-05,ATM_010,Suburban,8194.179301315617
2024-01-05,ATM_011,Rural,6200.34064182974
2024-01-05,ATM_012,Urban,7633.150687172719
2024-01-05,ATM_013,Rural,3798.8821961091953
2024-01-05,ATM_014,Suburban,7842.704551430091
2024-01-05,ATM_015,Suburban,5604.723521955591
2024-01-05,ATM_016,Rural,4995.0502330966065
2024-01-05,ATM_017,Suburban,9349.037173710094
2024-01-05,ATM_018,Urban,10479.730952184225
2024-01-05,ATM_019,Urban,8984.140218399352
2024-01-05,ATM_020,Rural,6058.552504232408
2024-01-06,ATM_001,Urban,10290.696059068221
2024-01-06,ATM_002,Rural,3861.1935305217494
2024-01-06,ATM_003,Suburban,5805.086314446337
2024-01-06,ATM_004,Suburban,6806.677486210636
2024-01-06,ATM_005,Rural,5719.46975213367
2024-01-06,ATM_006,Urban,10643.99382592114
2024-01-06,ATM_007,Urban,11836.743809512222
2024-01-06,ATM_008,Rural,8752.4755383456
2024-01-06,ATM_009,Rural,8674.248003599556
2024-01-06,ATM_010,Suburban,10903.951447999496
2024-01-06,ATM_011,Rural,5627.79796078307
2024-01-06,ATM_012,Urban,11575.632730946014
2024-01-06,ATM_013,Rural,6095.808184105288
2024-01-06,ATM_014,Suburban,7441.4892013806
2024-01-06,ATM_015,Suburban,11009.719951698788
2024-01-06,ATM_016,Rural,8722.323457081973
2024-01-06,ATM_017,Suburban,7981.926329909387
2024-01-06,ATM_018,Urban,10311.108206411765
2024-01-06,ATM_019,Urban,9387.993630276067
2024-01-06,ATM_020,Rural,7786.818468062136
2024-01-07,ATM_001,Urban,10934.451588083211
2024-01-07,ATM_002,Rural,7379.0055990474
2024-01-07,ATM_003,Suburban,12194.739912738756
2024-01-07,ATM_004,Suburban,7609.999664712063
2024-01-07,ATM_005,Rural,6394.129362335553
2024-01-07,ATM_006,Urban,14969.123006987242
2024-01-07,ATM_007,Urban,10394.589983390058
2024-01-07,ATM_008,Rural,4048.0550523842403
2024-01-07,ATM_009,Rural,8946.989782778195
2024-01-07,ATM_010,Suburban,6714.880322279157
2024-01-07,ATM_011,Rural,3039.3102598142714
2024-01-07,ATM_012,Urban,8465.213233784205
2024-01-07,ATM_013,Rural,9548.608767881971
2024-01-07,ATM_014,Suburban,9611.562522427472
2024-01-07,ATM_015,Suburban,11911.914165230744
2024-01-07,ATM_016,Rural,5961.890925450643
2024-01-07,ATM_017,Suburban,10637.643502298748
2024-01-07,ATM_018,Urban,11487.850236570324
2024-01-07,ATM_019,Urban,9853.950640497233
2024-01-07,ATM_020,Rural,7712.27125194085
2024-01-08,ATM_001,Urban,7252.4979825148075
2024-01-08,ATM_002,Rural,6627.862855816486
2024-01-08,ATM_003,Suburban,9544.063665984191
2024-01-08,ATM_004,Suburban,7933.955838601834
2024-01-08,ATM_005,Rural,4595.5359456875785
2024-01-08,ATM_006,Urban,7771.476150927844
2024-01-08,ATM_007,Urban,11653.287044744975
2024-01-08,ATM_008,Rural,4894.832298605573
2024-01-08,ATM_009,Rural,6006.391059336103
2024-01-08,ATM_010,Suburban,10287.621419653316
2024-01-08,ATM_011,Rural,3449.0803331109573
2024-01-08,ATM_012,Urban,9092.390572434391
2024-01-08,ATM_013,Rural,3638.8056663727552
2024-01-08,ATM_014,Suburban,7499.912152606425
2024-01-08,ATM_015,Suburban,8692.67907101748
2024-01-08,ATM_016,Rural,5333.617696471994
2024-01-08,ATM_017,Suburban,4632.623884576878
2024-01-08,ATM_018,Urban,6935.435086066145
2024-01-08,ATM_019,Urban,6930.964432356886
2024-01-08,ATM_020,Rural,5991.668081973056
2024-01-09,ATM_001,Urban,7582.704991879897
2024-01-09,ATM_002,Rural,8328.636769005585
2024-01-09,ATM_003,Suburban,7891.30950590975
2024-01-09,ATM_004,Suburban,7737.66949817717
2024-01-09,ATM_005,Rural,4948.550696075726
2024-01-09,ATM_006,Urban,10701.069906511711
2024-01-09,ATM_007,Urban,11381.675396362007
2024-01-09,ATM_008,Rural,7304.850609588988
2024-01-09,ATM_009,Rural,3641.5706078584208
2024-01-09,ATM_010,Suburban,4651.306269043697
2024-01-09,ATM_011,Rural,8076.931468842981
2024-01-09,ATM_012,Urban,9572.540733559994
2024-01-09,ATM_013,Rural,3750.1496736410754
2024-01-09,ATM_014,Suburban,7030.7454838246695
2024-01-09,ATM_015,Suburban,6265.295097352013
2024-01-09,ATM_016,Rural,5566.318362596675
2024-01-09,ATM_017,Suburban,7865.0570953367005
2024-01-09,ATM_018,Urban,13072.941389114423
2024-01-09,ATM_019,Urban,7181.761652444756
2024-01-09,ATM_020,Rural,7712.244052992541
2024-01-10,ATM_001,Urban,8818.686788486337
2024-01-10,ATM_002,Rural,6315.061440191821
2024-01-10,ATM_003,Suburban,8338.271126185566
2024-01-10,ATM_004,Suburban,10018.806757473249
2024-01-10,ATM_005,Rural,6649.095375249631
2024-01-10,ATM_006,Urban,9279.39913807989
2024-01-10,ATM_007,Urban,8070.700796640966
2024-01-10,ATM_008,Rural,6380.202185338232
2024-01-10,ATM_009,Rural,8001.664024556149
2024-01-10,ATM_010,Suburban,10502.789929617884
2024-01-10,ATM_011,Rural,2771.5025284680505
2024-01-10,ATM_012,Urban,10340.296401975302
2024-01-10,ATM_013,Rural,3593.740743157595
2024-01-10,ATM_014,Suburban,8079.604129711461
2024-01-10,ATM_015,Suburban,8651.060678064392
2024-01-10,ATM_016,Rural,7295.6699073801165
2024-01-10,ATM_017,Suburban,7705.137801325658
2024-01-10,ATM_018,Urban,11147.197826888303
2024-01-10,ATM_019,Urban,7499.379485316545
2024-01-10,ATM_020,Rural,6645.3646334729765
2024-01-11,ATM_001,Urban,11050.449699169858
2024-01-11,ATM_002,Rural,4338.223416393464
2024-01-11,ATM_003,Suburban,8155.95560972672
2024-01-11,ATM_004,Suburban,4893.452242795628
2024-01-11,ATM_005,Rural,6950.824759843953
2024-01-11,ATM_006,Urban,8563.654784930746
2024-01-11,ATM_007,Urban,8412.840314789373
2024-01-11,ATM_008,Rural,6479.417870554309
2024-01-11,ATM_009,Rural,6238.241118023855
2024-01-11,ATM_010,Suburban,6369.47594512904
2024-01-11,ATM_011,Rural,6941.832733155249
2024-01-11,ATM_012,Urban,9311.869029309368
2024-01-11,ATM_013,Rural,4636.754478025258
2024-01-11,ATM_014,Suburban,8682.334326155487
2024-01-11,ATM_015,Suburban,6410.947078417189
2024-01-11,ATM_016,Rural,5477.742988829244
2024-01-11,ATM_017,Suburban,5693.166027918593
2024-01-11,ATM_018,Urban,10280.241608372899
2024-01-11,ATM_019,Urban,9324.354227761512
2024-01-11,ATM_020,Rural,6779.759956541083
2024-01-12,ATM_001,Urban,9121.983384760384
2024-01-12,ATM_002,Rural,6886.906465293515
2024-01-12,ATM_003,Suburban,7238.513355564559
2024-01-12,ATM_004,Suburban,5212.653213923851
2024-01-12,ATM_005,Rural,5584.203060197225
2024-01-12,ATM_006,Urban,11401.280567709873
2024-01-12,ATM_007,Urban,7352.118194929437
2024-01-12,ATM_008,Rural,3957.81168783145
2024-01-12,ATM_009,Rural,4322.490260657403
2024-01-12,ATM_010,Suburban,6229.978706342902
2024-01-12,ATM_011,Rural,3330.603411545221
2024-01-12,ATM_012,Urban,9592.334729260821
2024-01-12,ATM_013,Rural,6191.996485313679
2024-01-12,ATM_014,Suburban,5645.409005541354
2024-01-12,ATM_015,Suburban,9908.8179068272
2024-01-12,ATM_016,Rural,2536.9321768595128
2024-01-12,ATM_017,Suburban,7579.3883680347435
2024-01-12,ATM_018,Urban,10286.331422664858
2024-01-12,ATM_019,Urban,7042.906839538841
2024-01-12,ATM_020,Rural,4805.418735908431
2024-01-13,ATM_001,Urban,12844.961386048422
2024-01-13,ATM_002,Rural,4039.0157288111745
2024-01-13,ATM_003,Suburban,10379.33115306039
2024-01-13,ATM_004,Suburban,5234.6862524888265
2024-01-13,ATM_005,Rural,8917.878571460005
2024-01-13,ATM_006,Urban,9438.23029585548
2024-01-13,ATM_007,Urban,12824.315032098155
2024-01-13,ATM_008,Rural,5148.814011101827
2024-01-13,ATM_009,Rural,7509.273984357002
2024-01-13,ATM_010,Suburban,8158.141581328506
2024-01-13,ATM_011,Rural,4896.49465927446
2024-01-13,ATM_012,Urban,8920.690306709044
2024-01-13,ATM_013,Rural,4982.835845588469
2024-01-13,ATM_014,Suburban,10188.933818088306
2024-01-13,ATM_015,Suburban,7343.0016963833405
2024-01-13,ATM_016,Rural,7352.751211550678
2024-01-13,ATM_017,Suburban,8954.57547341129
2024-01-13,ATM_018,Urban,12697.98254121922
2024-01-13,ATM_019,Urban,11105.883466543126
2024-01-13,ATM_020,Rural,6993.334229537112
2024-01-14,ATM_001,Urban,11349.329828773321
2024-01-14,ATM_002,Rural,6635.1978282012715
2024-01-14,ATM_003,Suburban,12103.065303480285
2024-01-14,ATM_004,Suburban,11643.411670440326
2024-01-14,ATM_005,Rural,8185.598199513687
2024-01-14,ATM_006,Urban,14396.405894863407
2024-01-14,ATM_007,Urban,7702.597612107173
2024-01-14,ATM_008,Rural,7385.628631400661
2024-01-14,ATM_009,Rural,3898.2906549786408
2024-01-14,ATM_010,Suburban,5359.63428205015
2024-01-14,ATM_011,Rural,6215.829507967523
2024-01-14,ATM_012,Urban,13692.222674252671
2024-01-14,ATM_013,Rural,6394.669647730846
2024-01-14,ATM_014,Suburban,6247.977071247672
2024-01-14,ATM_015,Suburban,11286.400223105451
2024-01-14,ATM_016,Rural,6151.308794359031
2024-01-14,ATM_017,Suburban,8340.83743976179
2024-01-14,ATM_018,Urban,8411.25309586563
2024-01-14,ATM_019,Urban,11835.639656969646
2024-01-14,ATM_020,Rural,5739.028000295507
2024-01-15,ATM_001,Urban,9873.03861571525
2024-01-15,ATM_002,Rural,6795.685891679499
2024-01-15,ATM_003,Suburban,6766.52677593488
2024-01-15,ATM_004,Suburban,9644.434678605263
2024-01-15,ATM_005,Rural,7722.523790359998
2024-01-15,ATM_006,Urban,5844.30061855802
2024-01-15,ATM_007,Urban,9600.221312749884
2024-01-15,ATM_008,Rural,6621.478802228941
2024-01-15,ATM_009,Rural,3317.6088421606455
2024-01-15,ATM_010,Suburban,7563.773085581496
2024-01-15,ATM_011,Rural,5994.544871160988
2024-01-15,ATM_012,Urban,8521.006390152072
2024-01-15,ATM_013,Rural,3479.9992097607415
2024-01-15,ATM_014,Suburban,8030.6881845619555
2024-01-15,ATM_015,Suburban,6422.998364598503
2024-01-15,ATM_016,Rural,6369.64531688852
2024-01-15,ATM_017,Suburban,7742.454996878507
2024-01-15,ATM_018,Urban,11642.53369534611
2024-01-15,ATM_019,Urban,9923.660266584015
2024-01-15,ATM_020,Rural,7263.9772953140255
2024-01-16,ATM_001,Urban,6736.064006259193
2024-01-16,ATM_002,Rural,2665.722635913741
2024-01-16,ATM_003,Suburban,7767.63843940406
2024-01-16,ATM_004,Suburban,5911.214834435881
2024-01-16,ATM_005,Rural,7006.007723893365
2024-01-16,ATM_006,Urban,10768.592919265233
2024-01-16,ATM_007,Urban,7185.259732151358
2024-01-16,ATM_008,Rural,7924.223553420845
2024-01-16,ATM_009,Rural,7887.156918707912
2024-01-16,ATM_010,Suburban,4854.788979780145
2024-01-16,ATM_011,Rural,4444.771815095345
2024-01-16,ATM_012,Urban,8974.680043807799
2024-01-16,ATM_013,Rural,7545.963166313602
2024-01-16,ATM_014,Suburban,5324.633693285956
2024-01-16,ATM_015,Suburban,9019.470929608648
2024-01-16,ATM_016,Rural,3082.854862671189
2024-01-16,ATM_017,Suburban,4975.657955380877
2024-01-16,ATM_018,Urban,11276.414336988482
2024-01-16,ATM_019,Urban,8327.400564413638
2024-01-16,ATM_020,Rural,6789.000437261593
2024-01-17,ATM_001,Urban,10308.7385361782
2024-01-17,ATM_002,Rural,6576.062100899242
2024-01-17,ATM_003,Suburban,7618.885378430076
2024-01-17,ATM_004,Suburban,6159.008714851288
2024-01-17,ATM_005,Rural,4877.307070588268
2024-01-17,ATM_006,Urban,8529.813935076698
2024-01-17,ATM_007,Urban,7060.275539445441
2024-01-17,ATM_008,Rural,4463.0891418454485
2024-01-17,ATM_009,Rural,6147.851329521223
2024-01-17,ATM_010,Suburban,8821.082689813056
2024-01-17,ATM_011,Rural,3612.294115206146
2024-01-17,ATM_012,Urban,8760.422177216416
2024-01-17,ATM_013,Rural,5064.039683329521
2024-01-17,ATM_014,Suburban,7766.834103926699
2024-01-17,ATM_015,Suburban,8743.284287859318
2024-01-17,ATM_016,Rural,7687.588513445405
2024-01-17,ATM_017,Suburban,7124.888509410335
2024-01-17,ATM_018,Urban,6905.752215877548
2024-01-17,ATM_019,Urban,9857.136508050853
2024-01-17,ATM_020,Rural,6105.810511389379
2024-01-18,ATM_001,Urban,11794.15229132718
2024-01-18,ATM_002,Rural,3244.7329377390743
2024-01-18,ATM_003,Suburban,6389.119011770439
2024-01-18,ATM_004,Suburban,6929.614739729313
2024-01-18,ATM_005,Rural,4339.626674021253
2024-01-18,ATM_006,Urban,7365.180822341094
2024-01-18,ATM_007,Urban,12327.788261900587
2024-01-18,ATM_008,Rural,2932.160397289385
2024-01-18,ATM_009,Rural,4134.016937309032
2024-01-18,ATM_010,Suburban,8124.935472060763
2024-01-18,ATM_011,Rural,4071.8842468778003
2024-01-18,ATM_012,Urban,12253.422618915376
2024-01-18,ATM_013,Rural,2696.4494882374183
2024-01-18,ATM_014,Suburban,9412.59413247232
2024-01-18,ATM_015,Suburban,10857.302325343035
2024-01-18,ATM_016,Rural,7457.84870511846
2024-01-18,ATM_017,Suburban,9149.842375117567
2024-01-18,ATM_018,Urban,6937.982480275264
2024-01-18,ATM_019,Urban,5282.963171834249
2024-01-18,ATM_020,Rural,6991.124478580904
2024-01-19,ATM_001,Urban,7387.7178289730655
2024-01-19,ATM_002,Rural,6717.22266291069
2024-01-19,ATM_003,Suburban,7840.1342857545005
2024-01-19,ATM_004,Suburban,7725.208685425969
2024-01-19,ATM_005,Rural,2732.0489992005155
2024-01-19,ATM_006,Urban,7868.606285191604
2024-01-19,ATM_007,Urban,6161.874553541969
2024-01-19,ATM_008,Rural,3647.708327042292
2024-01-19,ATM_009,Rural,6743.416594982211
2024-01-19,ATM_010,Suburban,8681.748265397538
2024-01-19,ATM_011,Rural,4967.350237187974
2024-01-19,ATM_012,Urban,8885.125209926262
2024-01-19,ATM_013,Rural,5261.869618315844
2024-01-19,ATM_014,Suburban,8301.4044184297
2024-01-19,ATM_015,Suburban,8159.499307331427
2024-01-19,ATM_016,Rural,8249.301759530192
2024-01-19,ATM_017,Suburban,9411.84195215933
2024-01-19,ATM_018,Urban,10118.495406411
2024-01-19,ATM_019,Urban,6280.011986434856
2024-01-19,ATM_020,Rural,3062.5328951135893
2024-01-20,ATM_001,Urban,9112.505998061362
2024-01-20,ATM_002,Rural,4371.012500952481
2024-01-20,ATM_003,Suburban,8380.846187000405
2024-01-20,ATM_004,Suburban,6975.461717256564
2024-01-20,ATM_005,Rural,4580.723633363245
2024-01-20,ATM_006,Urban,12306.608892227072
2024-01-20,ATM_007,Urban,12729.642173576589
2024-01-20,ATM_008,Rural,4005.48456357624
2024-01-20,ATM_009,Rural,6629.094497124801
2024-01-20,ATM_010,Suburban,8974.671665324942
2024-01-20,ATM_011,Rural,9122.692205475514
2024-01-20,ATM_012,Urban,14812.342468080042
2024-01-20,ATM_013,Rural,9236.448875640046
2024-01-20,ATM_014,Suburban,11738.36342597336
2024-01-20,ATM_015,Suburban,7838.015502078234
2024-01-20,ATM_016,Rural,6010.752426099845
2024-01-20,ATM_017,Suburban,8712.686572150706
2024-01-20,ATM_018,Urban,13867.741446102478
2024-01-20,ATM_019,Urban,6328.929432994451
2024-01-20,ATM_020,Rural,4878.858764182168
2024-01-21,ATM_001,Urban,8537.11388011098
2024-01-21,ATM_002,Rural,4790.287755375312
2024-01-21,ATM_003,Suburban,8007.789643737331
2024-01-21,ATM_004,Suburban,10439.06022390073
2024-01-21,ATM_005,Rural,4404.549575531291
2024-01-21,ATM_006,Urban,11954.633495602604
2024-01-21,ATM_007,Urban,9910.358754180721
2024-01-21,ATM_008,Rural,6561.091264642299
2024-01-21,ATM_009,Rural,5002.465371637189
2024-01-21,ATM_010,Suburban,7528.610303773918
2024-01-21,ATM_011,Rural,5117.523578390864
2024-01-21,ATM_012,Urban,8459.566445538396
2024-01-21,ATM_013,Rural,9634.14748951879
2024-01-21,ATM_014,Suburban,8561.285211679455
2024-01-21,ATM_015,Suburban,9315.924796264597
2024-01-21,ATM_016,Rural,7435.614515329844
2024-01-21,ATM_017,Suburban,8257.173405813202
2024-01-21,ATM_018,Urban,12832.863627079776
2024-01-21,ATM_019,Urban,12013.421902874548
2024-01-21,ATM_020,Rural,8264.315595088548
2024-01-22,ATM_001,Urban,10919.591358155858
2024-01-22,ATM_002,Rural,4092.997973934119
2024-01-22,ATM_003,Suburban,5459.374360826555
2024-01-22,ATM_004,Suburban,6284.286475684817
2024-01-22,ATM_005,Rural,3195.4170934881495
2024-01-22,ATM_006,Urban,9930.26490815131
2024-01-22,ATM_007,Urban,9506.00131808651
2024-01-22,ATM_008,Rural,5219.26123142758
2024-01-22,ATM_009,Rural,5472.588298322166
2024-01-22,ATM_010,Suburban,8030.762087569472
2024-01-22,ATM_011,Rural,4039.1799533885137
2024-01-22,ATM_012,Urban,9479.440368142883
2024-01-22,ATM_013,Rural,3893.9748819101724
2024-01-22,ATM_014,Suburban,6958.195587723123
2024-01-22,ATM_015,Suburban,7821.099662695578
2024-01-22,ATM_016,Rural,4400.9514389179585
2024-01-22,ATM_017,Suburban,11426.549187298173
2024-01-22,ATM_018,Urban,9904.675137497516
2024-01-22,ATM_019,Urban,10118.983435781754
2024-01-22,ATM_020,Rural,7158.291923618902
2024-01-23,ATM_001,Urban,10015.754012760173
2024-01-23,ATM_002,Rural,5655.549485980631
2024-01-23,ATM_003,Suburban,8277.847983003016
2024-01-23,ATM_004,Suburban,5472.897173884518
2024-01-23,ATM_005,Rural,6302.238812776426
2024-01-23,ATM_006,Urban,10724.274253523814
2024-01-23,ATM_007,Urban,10228.98053697769
2024-01-23,ATM_008,Rural,7155.276431096919
2024-01-23,ATM_009,Rural,7464.432776100046
2024-01-23,ATM_010,Suburban,6419.565522973588
2024-01-23,ATM_011,Rural,4537.165310674489
2024-01-23,ATM_012,Urban,9760.777771627454
2024-01-23,ATM_013,Rural,6819.985026666011
2024-01-23,ATM_014,Suburban,7553.669899260133
2024-01-23,ATM_015,Suburban,9628.00707319865
2024-01-23,ATM_016,Rural,3835.637316065724
2024-01-23,ATM_017,Suburban,6029.481632364609
2024-01-23,ATM_018,Urban,6843.753873141458
2024-01-23,ATM_019,Urban,11836.960731670102
2024-01-23,ATM_020,Rural,6439.250923387534
2024-01-24,ATM_001,Urban,8639.713431037728
2024-01-24,ATM_002,Rural,4239.414238495979
2024-01-24,ATM_003,Suburban,8432.46097528562
2024-01-24,ATM_004,Suburban,6389.454258388075
2024-01-24,ATM_005,Rural,3723.150814519499
2024-01-24,ATM_006,Urban,9519.757630299428
2024-01-24,ATM_007,Urban,10820.887205760868
2024-01-24,ATM_008,Rural,2859.700411040139
2024-01-24,ATM_009,Rural,6973.665687789756
2024-01-24,ATM_010,Suburban,5384.703345593614
2024-01-24,ATM_011,Rural,6214.064094833561
2024-01-24,ATM_012,Urban,9423.219362082904
2024-01-24,ATM_013,Rural,4553.3710891266055
2024-01-24,ATM_014,Suburban,8810.971850967571
2024-01-24,ATM_015,Suburban,6925.697138458864
2024-01-24,ATM_016,Rural,3997.2321803471505
2024-01-24,ATM_017,Suburban,5214.216139917364
2024-01-24,ATM_018,Urban,6041.2551279136815
2024-01-24,ATM_019,Urban,8148.616547062769
2024-01-24,ATM_020,Rural,7453.713114766673
2024-01-25,ATM_001,Urban,10336.467562246085
2024-01-25,ATM_002,Rural,3409.7086437179696
2024-01-25,ATM_003,Suburban,6113.359057692397
2024-01-25,ATM_004,Suburban,8857.340104502025
2024-01-25,ATM_005,Rural,4120.282442690987
2024-01-25,ATM_006,Urban,12191.865858248624
2024-01-25,ATM_007,Urban,8509.644150648053
2024-01-25,ATM_008,Rural,6805.180153132391
2024-01-25,ATM_009,Rural,5789.804951508678
2024-01-25,ATM_010,Suburban,8890.848441389726
2024-01-25,ATM_011,Rural,3537.753775961631
2024-01-25,ATM_012,Urban,8879.578206788508
2024-01-25,ATM_013,Rural,2807.675914748472
2024-01-25,ATM_014,Suburban,7385.770028715678
2024-01-25,ATM_015,Suburban,9155.482286001032
2024-01-25,ATM_016,Rural,4144.05267395153
2024-01-25,ATM_017,Suburban,7959.913325524568
2024-01-25,ATM_018,Urban,9684.602374641356
2024-01-25,ATM_019,Urban,8250.256784012894
2024-01-25,ATM_020,Rural,6692.099196075879
2024-01-26,ATM_001,Urban,9483.014338743478
2024-01-26,ATM_002,Rural,4917.142090573581
2024-01-26,ATM_003,Suburban,6259.94652618924
2024-01-26,ATM_004,Suburban,5410.743492934958
2024-01-26,ATM_005,Rural,5398.788716648329
2024-01-26,ATM_006,Urban,5793.89493782186
2024-01-26,ATM_007,Urban,6616.526731404785
2024-01-26,ATM_008,Rural,4191.609812810807
2024-01-26,ATM_009,Rural,5212.1703354605415
2024-01-26,ATM_010,Suburban,6959.639571438586
2024-01-26,ATM_011,Rural,6947.396756027798
2024-01-26,ATM_012,Urban,8271.529578166494
2024-01-26,ATM_013,Rural,3732.126445199761
2024-01-26,ATM_014,Suburban,6856.737711273746
2024-01-26,ATM_015,Suburban,8518.71664465926
2024-01-26,ATM_016,Rural,5123.707684413665
2024-01-26,ATM_017,Suburban,8128.2365135506025
2024-01-26,ATM_018,Urban,8713.143878913397
2024-01-26,ATM_019,Urban,10556.107435372607
2024-01-26,ATM_020,Rural,7855.0917545269085
2024-01-27,ATM_001,Urban,9767.64544569717
2024-01-27,ATM_002,Rural,7222.881189828801
2024-01-27,ATM_003,Suburban,8701.262530756363
2024-01-27,ATM_004,Suburban,12212.075451594226
2024-01-27,ATM_005,Rural,8403.271309690515
2024-01-27,ATM_006,Urban,12875.969044692538
2024-01-27,ATM_007,Urban,9732.204599703819
2024-01-27,ATM_008,Rural,6804.349485264929
2024-01-27,ATM_009,Rural,4496.477545959742
2024-01-27,ATM_010,Suburban,7041.968846890216
2024-01-27,ATM_011,Rural,9387.98493327426
2024-01-27,ATM_012,Urban,10048.40977162318
2024-01-27,ATM_013,Rural,5692.819691405949
2024-01-27,ATM_014,Suburban,6786.333122927994
2024-01-27,ATM_015,Suburban,11151.945909709699
2024-01-27,ATM_016,Rural,7720.766984028708
2024-01-27,ATM_017,Suburban,8804.13383978801
2024-01-27,ATM_018,Urban,14104.252187816006
2024-01-27,ATM_019,Urban,8401.995369016277
2024-01-27,ATM_020,Rural,9273.558478703144
2024-01-28,ATM_001,Urban,13071.460842184984
2024-01-28,ATM_002,Rural,8404.346218499368
2024-01-28,ATM_003,Suburban,11275.294382378323
2024-01-28,ATM_004,Suburban,10688.56513368645
2024-01-28,ATM_005,Rural,3261.4874720154876
2024-01-28,ATM_006,Urban,10590.930801950024
2024-01-28,ATM_007,Urban,11856.222992995135
2024-01-28,ATM_008,Rural,8752.170266676285
2024-01-28,ATM_009,Rural,6875.915083982949
2024-01-28,ATM_010,Suburban,8795.198841504643
2024-01-28,ATM_011,Rural,10312.784349647596
2024-01-28,ATM_012,Urban,15703.106030195326
2024-01-28,ATM_013,Rural,3880.4736850317463
2024-01-28,ATM_014,Suburban,9724.605435847214
2024-01-28,ATM_015,Suburban,5975.541823554886
2024-01-28,ATM_016,Rural,7661.633400244785
2024-01-28,ATM_017,Suburban,7380.566129971247
2024-01-28,ATM_018,Urban,10613.548245838052
2024-01-28,ATM_019,Urban,12700.546016352957
2024-01-28,ATM_020,Rural,7169.495989656306
2024-01-29,ATM_001,Urban,9242.733822506405
2024-01-29,ATM_002,Rural,7066.198810833045
2024-01-29,ATM_003,Suburban,8724.960568822615
2024-01-29,ATM_004,Suburban,8793.147393946536
2024-01-29,ATM_005,Rural,6483.764608667689
2024-01-29,ATM_006,Urban,9620.112863223685
2024-01-29,ATM_007,Urban,9535.632551317183
2024-01-29,ATM_008,Rural,3932.6103796936263
2024-01-29,ATM_009,Rural,7362.9314621906315
2024-01-29,ATM_010,Suburban,6074.611247584306
2024-01-29,ATM_011,Rural,7080.531717869231
2024-01-29,ATM_012,Urban,7421.450495966233
2024-01-29,ATM_013,Rural,6851.928186144005
2024-01-29,ATM_014,Suburban,6736.569720547771
2024-01-29,ATM_015,Suburban,9898.870915910713
2024-01-29,ATM_016,Rural,5464.450118343073
2024-01-29,ATM_017,Suburban,6366.938129574304
2024-01-29,ATM_018,Urban,8640.050967923251
2024-01-29,ATM_019,Urban,9050.191741938423
2024-01-29,ATM_020,Rural,5180.147206743759
2024-01-30,ATM_001,Urban,10118.107980329409
2024-01-30,ATM_002,Rural,8226.55470824951
2024-01-30,ATM_003,Suburban,6430.0238736651445
2024-01-30,ATM_004,Suburban,9395.428709663911
2024-01-30,ATM_005,Rural,5896.297490192658
2024-01-30,ATM_006,Urban,4733.864142210914
2024-01-30,ATM_007,Urban,8563.004245513179
2024-01-30,ATM_008,Rural,7853.638608311797
2024-01-30,ATM_009,Rural,5420.640585904529
2024-01-30,ATM_010,Suburban,8414.816177226494
2024-01-30,ATM_011,Rural,6445.983861857157
2024-01-30,ATM_012,Urban,9596.805690665098
2024-01-30,ATM_013,Rural,4592.4869236950135
2024-01-30,ATM_014,Suburban,6966.323203125697
2024-01-30,ATM_015,Suburban,8443.440247848795
2024-01-30,ATM_016,Rural,8210.298364907245
2024-01-30,ATM_017,Suburban,7742.758244033936
2024-01-30,ATM_018,Urban,8168.959649741771
2024-01-30,ATM_019,Urban,9873.242181978616
2024-01-30,ATM_020,Rural,4411.78751486745
2024-01-31,ATM_001,Urban,16147.126924836923
2024-01-31,ATM_002,Rural,9034.883772581403
2024-01-31,ATM_003,Suburban,10607.454411276849
2024-01-31,ATM_004,Suburban,8447.097831876747
2024-01-31,ATM_005,Rural,6334.17785606148
2024-01-31,ATM_006,Urban,14082.161533505416
2024-01-31,ATM_007,Urban,13907.018441861674
2024-01-31,ATM_008,Rural,6611.518759959919
2024-01-31,ATM_009,Rural,5250.38552850382
2024-01-31,ATM_010,Suburban,11754.527952455146
2024-01-31,ATM_011,Rural,9203.031061182199
2024-01-31,ATM_012,Urban,13112.612970437272
2024-01-31,ATM_013,Rural,7150.083282169374
2024-01-31,ATM_014,Suburban,7719.128848908822
2024-01-31,ATM_015,Suburban,10900.000928251657
2024-01-31,ATM_016,Rural,5795.985025062878
2024-01-31,ATM_017,Suburban,9939.383598960512
2024-01-31,ATM_018,Urban,11143.52571333453
2024-01-31,ATM_019,Urban,10361.305267087264
2024-01-31,ATM_020,Rural,7382.790787854607
2024-02-01,ATM_001,Urban,8829.89481544824
2024-02-01,ATM_002,Rural,4753.128395610362
2024-02-01,ATM_003,Suburban,5001.940984390359
2024-02-01,ATM_004,Suburban,8816.44272754873
2024-02-01,ATM_005,Rural,7539.61784850098
2024-02-01,ATM_006,Urban,7027.707428437321
2024-02-01,ATM_007,Urban,9126.227134362733
2024-02-01,ATM_008,Rural,6504.578390188863
2024-02-01,ATM_009,Rural,8370.165427276168
2024-02-01,ATM_010,Suburban,7818.020786127698
2024-02-01,ATM_011,Rural,3707.7796902330365
2024-02-01,ATM_012,Urban,11904.193015290995
2024-02-01,ATM_013,Rural,7314.906132220406
2024-02-01,ATM_014,Suburban,6846.498839789666
2024-02-01,ATM_015,Suburban,5648.912723195507
2024-02-01,ATM_016,Rural,8509.435459506001
2024-02-01,ATM_017,Suburban,4805.785336957628
2024-02-01,ATM_018,Urban,5994.864626880987
2024-02-01,ATM_019,Urban,10319.974754207642
2024-02-01,ATM_020,Rural,5927.635852981925
2024-02-02,ATM_001,Urban,7611.90469064079
2024-02-02,ATM_002,Rural,7633.4618848755545
2024-02-02,ATM_003,Suburban,9489.376194167695
2024-02-02,ATM_004,Suburban,9101.311994871161
2024-02-02,ATM_005,Rural,3397.8424462606613
2024-02-02,ATM_006,Urban,5935.073107333108
2024-02-02,ATM_007,Urban,6367.874597752231
2024-02-02,ATM_008,Rural,6012.544458852176
2024-02-02,ATM_009,Rural,4195.7482632082665
2024-02-02,ATM_010,Suburban,8376.708294486943
2024-02-02,ATM_011,Rural,3678.257709109473
2024-02-02,ATM_012,Urban,6678.423755001763
2024-02-02,ATM_013,Rural,3298.006306810878
2024-02-02,ATM_014,Suburban,9156.747766150027
2024-02-02,ATM_015,Suburban,6305.9299076393945
2024-02-02,ATM_016,Rural,7543.867769507243
2024-02-02,ATM_017,Suburban,9782.858022771326
2024-02-02,ATM_018,Urban,7908.635246914789
2024-02-02,ATM_019,Urban,8626.630827628613
2024-02-02,ATM_020,Rural,5117.488033095885
2024-02-03,ATM_001,Urban,12538.930517919654
2024-02-03,ATM_002,Rural,6858.709869295945
2024-02-03,ATM_003,Suburban,8134.026080460398
2024-02-03,ATM_004,Suburban,10564.880642430098
2024-02-03,ATM_005,Rural,9305.044070525328
2024-02-03,ATM_006,Urban,9739.927975294508
2024-02-03,ATM_007,Urban,10220.790646028023
2024-02-03,ATM_008,Rural,3588.2891779126912
2024-02-03,ATM_009,Rural,6652.998609359169
2024-02-03,ATM_010,Suburban,7889.959824597347
2024-02-03,ATM_011,Rural,9458.177399598697
2024-02-03,ATM_012,Urban,7174.968860062636
2024-02-03,ATM_013,Rural,7038.870253295675
2024-02-03,ATM_014,Suburban,8190.635619233482
2024-02-03,ATM_015,Suburban,11429.78628801709
2024-02-03,ATM_016,Rural,8088.791649882096
2024-02-03,ATM_017,Suburban,9451.106233105584
2024-02-03,ATM_018,Urban,15222.859208944421
2024-02-03,ATM_019,Urban,5916.741994670029
2024-02-03,ATM_020,Rural,7626.681305849976
2024-02-04,ATM_001,Urban,9365.81462062302
2024-02-04,ATM_002,Rural,5803.59243716323
2024-02-04,ATM_003,Suburban,10672.249590705283
2024-02-04,ATM_004,Suburban,6304.775819553889
2024-02-04,ATM_005,Rural,6291.784359792778
2024-02-04,ATM_006,Urban,9335.740786281629
2024-02-04,ATM_007,Urban,13529.024296690093
2024-02-04,ATM_008,Rural,6894.886594301538
2024-02-04,ATM_009,Rural,4088.613007152132
2024-02-04,ATM_010,Suburban,8477.103339505806
2024-02-04,ATM_011,Rural,8725.066086800323
2024-02-04,ATM_012,Urban,9376.48390912921
2024-02-04,ATM_013,Rural,8731.266090291258
2024-02-04,ATM_014,Suburban,10339.471463321705
2024-02-04,ATM_015,Suburban,9967.997113027708
2024-02-04,ATM_016,Rural,8749.025923464213
2024-02-04,ATM_017,Suburban,7621.053380118146
2024-02-04,ATM_018,Urban,14573.955359297035
2024-02-04,ATM_019,Urban,11854.870309993179
2024-02-04,ATM_020,Rural,6229.308842602849
2024-02-05,ATM_001,Urban,7718.4034857681545
2024-02-05,ATM_002,Rural,7144.750818626945
2024-02-05,ATM_003,Suburban,7957.410041333359
2024-02-05,ATM_004,Suburban,8070.109608615865
2024-02-05,ATM_005,Rural,6010.513697162588
2024-02-05,ATM_006,Urban,7212.1533078181665
2024-02-05,ATM_007,Urban,8085.897072140305
2024-02-05,ATM_008,Rural,4299.480252458418
2024-02-05,ATM_009,Rural,4487.599740495183
2024-02-05,ATM_010,Suburban,6604.585575592958
2024-02-05,ATM_011,Rural,7584.374908084592
2024-02-05,ATM_012,Urban,7539.402852773001
2024-02-05,ATM_013,Rural,6803.758359767467
2024-02-05,ATM_014,Suburban,3998.727706270586
2024-02-05,ATM_015,Suburban,7373.967132631595
2024-02-05,ATM_016,Rural,7932.499311350493
2024-02-05,ATM_017,Suburban,4130.231348711797
2024-02-05,ATM_018,Urban,8749.906809563026
2024-02-05,ATM_019,Urban,6945.718044961569
2024-02-05,ATM_020,Rural,4183.166347112539
2024-02-06,ATM_001,Urban,9267.283357639466
2024-02-06,ATM_002,Rural,5681.218292857773
2024-02-06,ATM_003,Suburban,5704.529489943316
2024-02-06,ATM_004,Suburban,10592.838237332096
2024-02-06,ATM_005,Rural,5131.783291731543
2024-02-06,ATM_006,Urban,9793.151778155112
2024-02-06,ATM_007,Urban,8241.782501535004
2024-02-06,ATM_008,Rural,3215.949524147962
2024-02-06,ATM_009,Rural,6514.464413352733
2024-02-06,ATM_010,Suburban,5907.433902411061
2024-02-06,ATM_011,Rural,6855.550670576377
2024-02-06,ATM_012,Urban,10270.148765457676
2024-02-06,ATM_013,Rural,6357.501468372755
2024-02-06,ATM_014,Suburban,7927.203448224117
2024-02-06,ATM_015,Suburban,10236.753160097935
2024-02-06,ATM_016,Rural,4486.126771407923
2024-02-06,ATM_017,Suburban,5155.252792034389
2024-02-06,ATM_018,Urban,9714.249831317484
2024-02-06,ATM_019,Urban,11517.308386767883
2024-02-06,ATM_020,Rural,5380.52284291365
2024-02-07,ATM_001,Urban,11335.79344399482
2024-02-07,ATM_002,Rural,7142.994516268257
2024-02-07,ATM_003,Suburban,8462.670965345227
2024-02-07,ATM_004,Suburban,6187.131035559641
2024-02-07,ATM_005,Rural,4597.542159301487
2024-02-07,ATM_006,Urban,9661.008369403455
2024-02-07,ATM_007,Urban,11430.29139916207
2024-02-07,ATM_008,Rural,6280.464823574407
2024-02-07,ATM_009,Rural,5932.015041475284
2024-02-07,ATM_010,Suburban,7252.657587921174
2024-02-07,ATM_011,Rural,7828.618392887069
2024-02-07,ATM_012,Urban,7660.675641203208
2024-02-07,ATM_013,Rural,6566.185962670982
2024-02-07,ATM_014,Suburban,7116.121681136501
2024-02-07,ATM_015,Suburban,7843.126651788543
2024-02-07,ATM_016,Rural,2931.5602031965113
2024-02-07,ATM_017,Suburban,9016.902266634681
2024-02-07,ATM_018,Urban,5456.322630682959
2024-02-07,ATM_019,Urban,4930.932891448094
2024-02-07,ATM_020,Rural,7392.341820084929
2024-02-08,ATM_001,Urban,7187.95854562677
2024-02-08,ATM_002,Rural,4386.23580297105
2024-02-08,ATM_003,Suburban,6522.461876783604
2024-02-08,ATM_004,Suburban,6966.502233547562
2024-02-08,ATM_005,Rural,7567.132643801897
2024-02-08,ATM_006,Urban,6593.01697612282
2024-02-08,ATM_007,Urban,7591.410807956736
2024-02-08,ATM_008,Rural,4305.3110607403805
2024-02-08,ATM_009,Rural,7114.525259050747
2024-02-08,ATM_010,Suburban,10474.306973816627
2024-02-08,ATM_011,Rural,7008.851968277895
2024-02-08,ATM_012,Urban,8846.28801495159
2024-02-08,ATM_013,Rural,2224.548323286439
2024-02-08,ATM_014,Suburban,3450.7956482568193
2024-02-08,ATM_015,Suburban,9124.566746165847
2024-02-08,ATM_016,Rural,3797.9186528801392
2024-02-08,ATM_017,Suburban,6730.428897921387
2024-02-08,ATM_018,Urban,9138.04805609035
2024-02-08,ATM_019,Urban,9691.1179862606
2024-02-08,ATM_020,Rural,5274.0692675574655
2024-02-09,ATM_001,Urban,10995.266070206197
2024-02-09,ATM_002,Rural,7685.306890025822
2024-02-09,ATM_003,Suburban,8022.59911741297
2024-02-09,ATM_004,Suburban,6873.886839328148
2024-02-09,ATM_005,Rural,3554.213126336111
2024-02-09,ATM_006,Urban,6823.162712272939
2024-02-09,ATM_007,Urban,10635.191861504465
2024-02-09,ATM_008,Rural,7780.152275942681
2024-02-09,ATM_009,Rural,5496.996386269722
2024-02-09,ATM_010,Suburban,7255.825148165143
2024-02-09,ATM_011,Rural,5046.861849174692
2024-02-09,ATM_012,Urban,9328.4910923603
2024-02-09,ATM_013,Rural,4313.935809212832
2024-02-09,ATM_014,Suburban,8294.162959503034
2024-02-09,ATM_015,Suburban,5814.872234044391
2024-02-09,ATM_016,Rural,4446.249196207039
2024-02-09,ATM_017,Suburban,8710.957063495569
2024-02-09,ATM_018,Urban,9202.83746178712
2024-02-09,ATM_019,Urban,7838.450320548611
2024-02-09,ATM_020,Rural,7626.3040625381545
2024-02-10,ATM_001,Urban,11561.415844404572
2024-02-10,ATM_002,Rural,8809.986735447745
2024-02-10,ATM_003,Suburban,11354.290132879289
2024-02-10,ATM_004,Suburban,5539.2301138561215
2024-02-10,ATM_005,Rural,6052.416325512522
2024-02-10,ATM_006,Urban,7652.208690766218
2024-02-10,ATM_007,Urban,13814.546026098053
2024-02-10,ATM_008,Rural,8662.884222875182
2024-02-10,ATM_009,Rural,5954.093520848833
2024-02-10,ATM_010,Suburban,8349.788967034328
2024-02-10,ATM_011,Rural,4378.535563544592
2024-02-10,ATM_012,Urban,11075.457901498441
2024-02-10,ATM_013,Rural,4840.643436090281
2024-02-10,ATM_014,Suburban,5291.997687095158
2024-02-10,ATM_015,Suburban,8528.752853307473
2024-02-10,ATM_016,Rural,7208.875073661071
2024-02-10,ATM_017,Suburban,10793.209911041957
2024-02-10,ATM_018,Urban,10275.901548599988
2024-02-10,ATM_019,Urban,12709.620033183715
2024-02-10,ATM_020,Rural,6322.176044586968
2024-02-11,ATM_001,Urban,9519.119050354146
2024-02-11,ATM_002,Rural,6545.426569183953
2024-02-11,ATM_003,Suburban,7011.559989632728
2024-02-11,ATM_004,Suburban,5156.108335594481
2024-02-11,ATM_005,Rural,5235.879894591406
2024-02-11,ATM_006,Urban,11632.385345333796
2024-02-11,ATM_007,Urban,9053.670269230079
2024-02-11,ATM_008,Rural,5954.514721054413
2024-02-11,ATM_009,Rural,6738.34369267117
2024-02-11,ATM_010,Suburban,11421.864333353946
2024-02-11,ATM_011,Rural,8021.005054366651
2024-02-11,ATM_012,Urban,15196.800935736834
2024-02-11,ATM_013,Rural,4743.204129324153
2024-02-11,ATM_014,Suburban,11050.280655684232
2024-02-11,ATM_015,Suburban,10366.885421539098
2024-02-11,ATM_016,Rural,3444.205764663859
2024-02-11,ATM_017,Suburban,7375.409871799755
2024-02-11,ATM_018,Urban,12803.496828192508
2024-02-11,ATM_019,Urban,11728.61995525219
2024-02-11,ATM_020,Rural,6096.769183929235
2024-02-12,ATM_001,Urban,10476.708896508406
2024-02-12,ATM_002,Rural,4438.446764479231
2024-02-12,ATM_003,Suburban,8025.420113117443
2024-02-12,ATM_004,Suburban,8859.479327852157
2024-02-12,ATM_005,Rural,6290.720975465895
2024-02-12,ATM_006,Urban,9936.545128260288
2024-02-12,ATM_007,Urban,11170.535786952058
2024-02-12,ATM_008,Rural,5296.872191733829
2024-02-12,ATM_009,Rural,8013.812486403577
2024-02-12,ATM_010,Suburban,4174.561428343534
2024-02-12,ATM_011,Rural,6023.724720973566
2024-02-12,ATM_012,Urban,11009.6471606625
2024-02-12,ATM_013,Rural,3608.479264450085
2024-02-12,ATM_014,Suburban,5755.2971993424835
2024-02-12,ATM_015,Suburban,5503.01203826166
2024-02-12,ATM_016,Rural,5471.534844907012
2024-02-12,ATM_017,Suburban,4667.813222150799
2024-02-12,ATM_018,Urban,8995.864648851606
2024-02-12,ATM_019,Urban,9948.324684899631
2024-02-12,ATM_020,Rural,5175.40669899733
2024-02-13,ATM_001,Urban,6451.616896537025
2024-02-13,ATM_002,Rural,4436.036995462489
2024-02-13,ATM_003,Suburban,6438.191725457927
2024-02-13,ATM_004,Suburban,9095.750943074305
2024-02-13,ATM_005,Rural,3291.959486172503
2024-02-13,ATM_006,Urban,8262.781928695158
2024-02-13,ATM_007,Urban,9645.962926928582
2024-02-13,ATM_008,Rural,3738.201248493811
2024-02-13,ATM_009,Rural,4473.496530782247
2024-02-13,ATM_010,Suburban,7258.668680825466
2024-02-13,ATM_011,Rural,7671.409182534409
2024-02-13,ATM_012,Urban,6500.691296568451
2024-02-13,ATM_013,Rural,7755.320240527568
2024-02-13,ATM_014,Suburban,5701.33649002437
2024-02-13,ATM_015,Suburban,4498.978147401153
2024-02-13,ATM_016,Rural,7083.046381477922
2024-02-13,ATM_017,Suburban,5143.831783209096
2024-02-13,ATM_018,Urban,6538.778602157656
2024-02-13,ATM_019,Urban,5775.8304335363555
2024-02-13,ATM_020,Rural,7421.106162479075
2024-02-14,ATM_001,Urban,7472.833166285367
2024-02-14,ATM_002,Rural,6358.576425629857
2024-02-14,ATM_003,Suburban,5523.015172878157
2024-02-14,ATM_004,Suburban,9163.140143759203
2024-02-14,ATM_005,Rural,3684.089342668917
2024-02-14,ATM_006,Urban,9037.107519731113
2024-02-14,ATM_007,Urban,11033.68222384226
2024-02-14,ATM_008,Rural,6724.333837483069
2024-02-14,ATM_009,Rural,6498.796126017419
2024-02-14,ATM_010,Suburban,7734.617288417378
2024-02-14,ATM_011,Rural,5021.901230547718
2024-02-14,ATM_012,Urban,7952.055607399241
2024-02-14,ATM_013,Rural,5516.310155058628
2024-02-14,ATM_014,Suburban,8980.100479096278
2024-02-14,ATM_015,Suburban,7267.301287331773
2024-02-14,ATM_016,Rural,6971.663929045726
2024-02-14,ATM_017,Suburban,5601.407658174303
2024-02-14,ATM_018,Urban,9234.036065515305
2024-02-14,ATM_019,Urban,5531.521230778184
2024-02-14,ATM_020,Rural,3196.094748139058
2024-02-15,ATM_001,Urban,5523.110657213786
2024-02-15,ATM_002,Rural,6367.169588627942
2024-02-15,ATM_003,Suburban,7703.73080501282
2024-02-15,ATM_004,Suburban,9521.85308718682
2024-02-15,ATM_005,Rural,7407.049098179134
2024-02-15,ATM_006,Urban,8413.994164600828
2024-02-15,ATM_007,Urban,6144.39121283724
2024-02-15,ATM_008,Rural,5711.385388872431
2024-02-15,ATM_009,Rural,7581.445849191591
2024-02-15,ATM_010,Suburban,5293.447598776385
2024-02-15,ATM_011,Rural,3737.211826839456
2024-02-15,ATM_012,Urban,7279.108587679895
2024-02-15,ATM_013,Rural,4235.680342694372
2024-02-15,ATM_014,Suburban,8129.851817999598
2024-02-15,ATM_015,Suburban,7078.002048172935
2024-02-15,ATM_016,Rural,7899.369336822763
2024-02-15,ATM_017,Suburban,5593.269737899261
2024-02-15,ATM_018,Urban,8811.922368970443
2024-02-15,ATM_019,Urban,6518.320540548004
2024-02-15,ATM_020,Rural,5600.225142454881
2024-02-16,ATM_001,Urban,9575.559972478692
2024-02-16,ATM_002,Rural,5590.473653371812
2024-02-16,ATM_003,Suburban,9102.90118274198
2024-02-16,ATM_004,Suburban,6065.250383741347
2024-02-16,ATM_005,Rural,4580.6589843839265
2024-02-16,ATM_006,Urban,7520.9330567652705
2024-02-16,ATM_007,Urban,7739.526384742596
2024-02-16,ATM_008,Rural,5893.7567131971355
2024-02-16,ATM_009,Rural,4489.207660526903
2024-02-16,ATM_010,Suburban,6646.167335353706
2024-02-16,ATM_011,Rural,5025.922009569301
2024-02-16,ATM_012,Urban,9734.680685987316
2024-02-16,ATM_013,Rural,4177.099470446465
2024-02-16,ATM_014,Suburban,8272.712743040924
2024-02-16,ATM_015,Suburban,10190.099389411878
2024-02-16,ATM_016,Rural,5241.661659409927
2024-02-16,ATM_017,Suburban,7848.005624358314
2024-02-16,ATM_018,Urban,6440.563725127268
2024-02-16,ATM_019,Urban,8253.343124772011
2024-02-16,ATM_020,Rural,5343.878508932394
2024-02-17,ATM_001,Urban,11380.544783957232
2024-02-17,ATM_002,Rural,8013.701374649124
2024-02-17,ATM_003,Suburban,9314.871011360412
2024-02-17,ATM_004,Suburban,10711.786383488934
2024-02-17,ATM_005,Rural,5542.965595142392
2024-02-17,ATM_006,Urban,9994.994407939826
2024-02-17,ATM_007,Urban,12619.223831065687
2024-02-17,ATM_008,Rural,7257.737575877845
2024-02-17,ATM_009,Rural,6083.688893732498
2024-02-17,ATM_010,Suburban,10380.977077139387
2024-02-17,ATM_011,Rural,4402.0661977554755
2024-02-17,ATM_012,Urban,13503.477543896763
2024-02-17,ATM_013,Rural,7928.192588022292
2024-02-17,ATM_014,Suburban,10631.484938220206
2024-02-17,ATM_015,Suburban,8028.75431793031
2024-02-17,ATM_016,Rural,4459.458761117759
2024-02-17,ATM_017,Suburban,9976.533758042046
2024-02-17,ATM_018,Urban,8476.408004671754
2024-02-17,ATM_019,Urban,11728.742704623624
2024-02-17,ATM_020,Rural,6665.571104494791
2024-02-18,ATM_001,Urban,10704.714149135376
2024-02-18,ATM_002,Rural,4649.076382304226
2024-02-18,ATM_003,Suburban,10377.952317058534
2024-02-18,ATM_004,Suburban,9027.747739688575
2024-02-18,ATM_005,Rural,4967.662964832023
2024-02-18,ATM_006,Urban,13364.439223838253
2024-02-18,ATM_007,Urban,7361.092305823845
2024-02-18,ATM_008,Rural,5356.149295504143
2024-02-18,ATM_009,Rural,9533.01130748845
2024-02-18,ATM_010,Suburban,7237.843196635115
2024-02-18,ATM_011,Rural,8005.636155558574
2024-02-18,ATM_012,Urban,8579.077318995922
2024-02-18,ATM_013,Rural,8297.723277123216
2024-02-18,ATM_014,Suburban,10502.917150570309
2024-02-18,ATM_015,Suburban,6996.060197468305
2024-02-18,ATM_016,Rural,7965.532311077663
2024-02-18,ATM_017,Suburban,10445.237714429715
2024-02-18,ATM_018,Urban,7434.346433118909
2024-02-18,ATM_019,Urban,9419.672586340665
2024-02-18,ATM_020,Rural,5138.177229393414
2024-02-19,ATM_001,Urban,8647.61243330078
2024-02-19,ATM_002,Rural,7761.392425029828
2024-02-19,ATM_003,Suburban,10224.972769673092
2024-02-19,ATM_004,Suburban,5495.507752580221
2024-02-19,ATM_005,Rural,6677.942840163002
2024-02-19,ATM_006,Urban,7305.553253043091
2024-02-19,ATM_007,Urban,8840.69274515089
2024-02-19,ATM_008,Rural,5722.09184140496
2024-02-19,ATM_009,Rural,6119.095535256072
2024-02-19,ATM_010,Suburban,4527.206100515837
2024-02-19,ATM_011,Rural,8136.771272348698
2024-02-19,ATM_012,Urban,11681.727580662231
2024-02-19,ATM_013,Rural,3228.1715544287854
2024-02-19,ATM_014,Suburban,8757.240696979137
2024-02-19,ATM_015,Suburban,7529.150851294574
2024-02-19,ATM_016,Rural,3181.5416531220894
2024-02-19,ATM_017,Suburban,8324.486736516099
2024-02-19,ATM_018,Urban,10277.759366068241
2024-02-19,ATM_019,Urban,7160.868980194875
2024-02-19,ATM_020,Rural,5776.525377824061
2024-02-20,ATM_001,Urban,5725.171568883293
2024-02-20,ATM_002,Rural,6685.631314743078
2024-02-20,ATM_003,Suburban,4669.211796840363
2024-02-20,ATM_004,Suburban,7096.315243366583
2024-02-20,ATM_005,Rural,5007.02138322463
2024-02-20,ATM_006,Urban,8935.296611183598
2024-02-20,ATM_007,Urban,9300.904928809265
2024-02-20,ATM_008,Rural,5503.999091598979
2024-02-20,ATM_009,Rural,2795.0750983768203
2024-02-20,ATM_010,Suburban,4651.69445527308
2024-02-20,ATM_011,Rural,8201.91710858211
2024-02-20,ATM_012,Urban,10694.446543710106
2024-02-20,ATM_013,Rural,6683.971298177473
2024-02-20,ATM_014,Suburban,5293.471342774402
2024-02-20,ATM_015,Suburban,8329.970632610864
2024-02-20,ATM_016,Rural,3893.450381782696
2024-02-20,ATM_017,Suburban,8230.707554981569
2024-02-20,ATM_018,Urban,7105.847764932869
2024-02-20,ATM_019,Urban,9639.395381770884
2024-02-20,ATM_020,Rural,3897.6307310225957
2024-02-21,ATM_001,Urban,9668.98276829097
2024-02-21,ATM_002,Rural,4984.8328339028085
2024-02-21,ATM_003,Suburban,5988.736536369367
2024-02-21,ATM_004,Suburban,8217.563123552047
2024-02-21,ATM_005,Rural,4661.519763822344
2024-02-21,ATM_006,Urban,8829.412266872838
2024-02-21,ATM_007,Urban,12102.526317841108
2024-02-21,ATM_008,Rural,4839.445490405737
2024-02-21,ATM_009,Rural,6138.852470245831
2024-02-21,ATM_010,Suburban,6157.112465246565
2024-02-21,ATM_011,Rural,6926.1373534438135
2024-02-21,ATM_012,Urban,8517.038135708688
2024-02-21,ATM_013,Rural,8583.176514481655
2024-02-21,ATM_014,Suburban,7065.820264784499
2024-02-21,ATM_015,Suburban,7832.893901969391
2024-02-21,ATM_016,Rural,6894.666515100212
2024-02-21,ATM_017,Suburban,10336.50395788656
2024-02-21,ATM_018,Urban,8362.977906736254
2024-02-21,ATM_019,Urban,6033.692347858954
2024-02-21,ATM_020,Rural,4088.247094276878
2024-02-22,ATM_001,Urban,8712.946413448182
2024-02-22,ATM_002,Rural,5162.197323848241
2024-02-22,ATM_003,Suburban,4957.605053342797
2024-02-22,ATM_004,Suburban,6715.4360148912065
2024-02-22,ATM_005,Rural,7520.02180103721
2024-02-22,ATM_006,Urban,7027.18769760834
2024-02-22,ATM_007,Urban,8771.582058317936
2024-02-22,ATM_008,Rural,6119.666570608452
2024-02-22,ATM_009,Rural,3946.2861586511635
2024-02-22,ATM_010,Suburban,7929.06331697251
2024-02-22,ATM_011,Rural,7505.214220904712
2024-02-22,ATM_012,Urban,5918.6533391997
2024-02-22,ATM_013,Rural,4827.855469464909
2024-02-22,ATM_014,Suburban,6272.976271533675
2024-02-22,ATM_015,Suburban,9294.851118135313
2024-02-22,ATM_016,Rural,5026.458241987766
2024-02-22,ATM_017,Suburban,5501.587221908927
2024-02-22,ATM_018,Urban,6679.199809261453
2024-02-22,ATM_019,Urban,9176.355413643274
2024-02-22,ATM_020,Rural,6297.427221703863
2024-02-23,ATM_001,Urban,7392.161828108041
2024-02-23,ATM_002,Rural,4321.847692048008
2024-02-23,ATM_003,Suburban,8883.68155893243
2024-02-23,ATM_004,Suburban,8946.892732874163
2024-02-23,ATM_005,Rural,6991.101812553875
2024-02-23,ATM_006,Urban,7941.268789265293
2024-02-23,ATM_007,Urban,7887.78399740373
2024-02-23,ATM_008,Rural,5786.614102339369
2024-02-23,ATM_009,Rural,7361.397205577571
2024-02-23,ATM_010,Suburban,5161.8375425727745
2024-02-23,ATM_011,Rural,4308.7677102726675
2024-02-23,ATM_012,Urban,7935.083192917942
2024-02-23,ATM_013,Rural,3739.7043490976425
2024-02-23,ATM_014,Suburban,4918.5986213351625
2024-02-23,ATM_015,Suburban,7524.630854249344
2024-02-23,ATM_016,Rural,4783.826827112641
2024-02-23,ATM_017,Suburban,9707.988875197736
2024-02-23,ATM_018,Urban,9575.146170036287
2024-02-23,ATM_019,Urban,7801.7293030347855
2024-02-23,ATM_020,Rural,5701.541398463895
2024-02-24,ATM_001,Urban,14581.967125347082
2024-02-24,ATM_002,Rural,7663.747566320914
2024-02-24,ATM_003,Suburban,12055.337775781018
2024-02-24,ATM_004,Suburban,8752.31058268796
2024-02-24,ATM_005,Rural,8739.63461748463
2024-02-24,ATM_006,Urban,9863.617640617078
2024-02-24,ATM_007,Urban,8137.072242936043
2024-02-24,ATM_008,Rural,8853.602752845376
2024-02-24,ATM_009,Rural,7203.63759192713
2024-02-24,ATM_010,Suburban,8221.735902076129
2024-02-24,ATM_011,Rural,5313.067884532378
2024-02-24,ATM_012,Urban,12012.81615834097
2024-02-24,ATM_013,Rural,7008.355635162661
2024-02-24,ATM_014,Suburban,7493.204917535016
2024-02-24,ATM_015,Suburban,8981.204257430543
2024-02-24,ATM_016,Rural,9425.443674097536
2024-02-24,ATM_017,Suburban,5312.144933772956
2024-02-24,ATM_018,Urban,12264.667144829677
2024-02-24,ATM_019,Urban,14370.770279637185
2024-02-24,ATM_020,Rural,5966.757622444285
2024-02-25,ATM_001,Urban,8417.634686443833
2024-02-25,ATM_002,Rural,4180.426025720309
2024-02-25,ATM_003,Suburban,11795.943733396532
2024-02-25,ATM_004,Suburban,5625.292580745992
2024-02-25,ATM_005,Rural,9298.211299576102
2024-02-25,ATM_006,Urban,13157.543212044462
2024-02-25,ATM_007,Urban,12009.86930253495
2024-02-25,ATM_008,Rural,8805.2667275393
2024-02-25,ATM_009,Rural,9048.060411308252
2024-02-25,ATM_010,Suburban,6705.6519376116885
2024-02-25,ATM_011,Rural,5196.491214612002
2024-02-25,ATM_012,Urban,7658.199600049005
2024-02-25,ATM_013,Rural,6801.393246288601
2024-02-25,ATM_014,Suburban,11844.56402497036
2024-02-25,ATM_015,Suburban,6240.35786121877
2024-02-25,ATM_016,Rural,6450.886775767262
2024-02-25,ATM_017,Suburban,6365.302028587841
2024-02-25,ATM_018,Urban,9585.678118192334
2024-02-25,ATM_019,Urban,9975.187780129609
2024-02-25,ATM_020,Rural,7203.248456516969
2024-02-26,ATM_001,Urban,7072.670699768856
2024-02-26,ATM_002,Rural,5845.429471947176
2024-02-26,ATM_003,Suburban,9325.34728696228
2024-02-26,ATM_004,Suburban,6192.422331551641
2024-02-26,ATM_005,Rural,7068.474374888303
2024-02-26,ATM_006,Urban,9769.90098951747
2024-02-26,ATM_007,Urban,9466.007656886
2024-02-26,ATM_008,Rural,3136.483102932877
2024-02-26,ATM_009,Rural,5483.967280184867
2024-02-26,ATM_010,Suburban,7986.163377361563
2024-02-26,ATM_011,Rural,3102.4887094583296
2024-02-26,ATM_012,Urban,10928.369508707847
2024-02-26,ATM_013,Rural,7350.331045251203
2024-02-26,ATM_014,Suburban,9259.866961771013
2024-02-26,ATM_015,Suburban,8435.252661387638
2024-02-26,ATM_016,Rural,4416.322011827678
2024-02-26,ATM_017,Suburban,4987.348672970355
2024-02-26,ATM_018,Urban,7747.776405388275
2024-02-26,ATM_019,Urban,8963.390551592722
2024-02-26,ATM_020,Rural,5999.412444278581
2024-02-27,ATM_001,Urban,11710.742166565056
2024-02-27,ATM_002,Rural,6032.5220482574205
2024-02-27,ATM_003,Suburban,7214.425452249072
2024-02-27,ATM_004,Suburban,7669.210080650626
2024-02-27,ATM_005,Rural,1270.1332222291512
2024-02-27,ATM_006,Urban,8033.342464227767
2024-02-27,ATM_007,Urban,10831.295919894656
2024-02-27,ATM_008,Rural,6161.085749880377
2024-02-27,ATM_009,Rural,3267.041596199334
2024-02-27,ATM_010,Suburban,5090.9383504229845
2024-02-27,ATM_011,Rural,5570.052231379473
2024-02-27,ATM_012,Urban,7835.135275245293
2024-02-27,ATM_013,Rural,6758.60115846266
2024-02-27,ATM_014,Suburban,8531.8263789791
2024-02-27,ATM_015,Suburban,8326.033386857696
2024-02-27,ATM_016,Rural,3017.6177172711305
2024-02-27,ATM_017,Suburban,4567.054808929758
2024-02-27,ATM_018,Urban,9162.151740412042
2024-02-27,ATM_019,Urban,9772.339620495717
2024-02-27,ATM_020,Rural,7604.434432873671
2024-02-28,ATM_001,Urban,7928.08698525652
2024-02-28,ATM_002,Rural,8603.596287836759
2024-02-28,ATM_003,Suburban,7872.697115473767
2024-02-28,ATM_004,Suburban,10710.735459444755
2024-02-28,ATM_005,Rural,4214.120741469579
2024-02-28,ATM_006,Urban,5276.433015911787
2024-02-28,ATM_007,Urban,7560.42669109229
2024-02-28,ATM_008,Rural,2856.865828039592
2024-02-28,ATM_009,Rural,5582.650133581294
2024-02-28,ATM_010,Suburban,5681.389572193162
2024-02-28,ATM_011,Rural,6697.67533911574
2024-02-28,ATM_012,Urban,10051.367613047509
2024-02-28,ATM_013,Rural,6408.160317619716
2024-02-28,ATM_014,Suburban,4937.407026107354
2024-02-28,ATM_015,Suburban,10003.575678988345
2024-02-28,ATM_016,Rural,5127.604163035846
2024-02-28,ATM_017,Suburban,5752.092556924353
2024-02-28,ATM_018,Urban,9926.66982953874
2024-02-28,ATM_019,Urban,9364.358190339946
2024-02-28,ATM_020,Rural,7245.4500467401585
2024-02-29,ATM_001,Urban,11688.213246204263
2024-02-29,ATM_002,Rural,10467.623100291057
2024-02-29,ATM_003,Suburban,11421.141285685797
2024-02-29,ATM_004,Suburban,8377.262938909447
2024-02-29,ATM_005,Rural,6080.136620705934
2024-02-29,ATM_006,Urban,12676.395141990455
2024-02-29,ATM_007,Urban,7719.988238840393
2024-02-29,ATM_008,Rural,6468.301336522121
2024-02-29,ATM_009,Rural,6323.722688155936
2024-02-29,ATM_010,Suburban,6823.477832953992
2024-02-29,ATM_011,Rural,9722.436812376296
2024-02-29,ATM_012,Urban,12409.439508900668
2024-02-29,ATM_013,Rural,10881.849112468253
2024-02-29,ATM_014,Suburban,11771.985417216933
2024-02-29,ATM_015,Suburban,12664.919879041643
2024-02-29,ATM_016,Rural,7904.733891889366
2024-02-29,ATM_017,Suburban,9560.450019603744
2024-02-29,ATM_018,Urban,9442.617845435452
2024-02-29,ATM_019,Urban,14137.925258663336
2024-02-29,ATM_020,Rural,4793.31391551046
2024-03-01,ATM_001,Urban,8941.873954531382
2024-03-01,ATM_002,Rural,7767.033032882436
2024-03-01,ATM_003,Suburban,7998.354807488096
2024-03-01,ATM_004,Suburban,8178.141192368906
2024-03-01,ATM_005,Rural,2625.921783686241
2024-03-01,ATM_006,Urban,7935.577685478638
2024-03-01,ATM_007,Urban,8923.366052700287
2024-03-01,ATM_008,Rural,6141.996717458198
2024-03-01,ATM_009,Rural,2617.2700696071215
2024-03-01,ATM_010,Suburban,6655.159370854475
2024-03-01,ATM_011,Rural,5216.31247985791
2024-03-01,ATM_012,Urban,8161.914223198484
2024-03-01,ATM_013,Rural,4802.807361778766
2024-03-01,ATM_014,Suburban,5377.759383561475
2024-03-01,ATM_015,Suburban,6697.680047709551
2024-03-01,ATM_016,Rural,5041.9084989624935
2024-03-01,ATM_017,Suburban,8008.957499365686
2024-03-01,ATM_018,Urban,7294.677118739351
2024-03-01,ATM_019,Urban,9333.234887755236
2024-03-01,ATM_020,Rural,5929.911655917767
2024-03-02,ATM_001,Urban,8675.470918439087
2024-03-02,ATM_002,Rural,6060.426515171488
2024-03-02,ATM_003,Suburban,8018.648649010307
2024-03-02,ATM_004,Suburban,5436.151167677792
2024-03-02,ATM_005,Rural,8705.057779829278
2024-03-02,ATM_006,Urban,10974.255902357421
2024-03-02,ATM_007,Urban,9748.613735695766
2024-03-02,ATM_008,Rural,6728.414994970485
2024-03-02,ATM_009,Rural,6623.617708619422
2024-03-02,ATM_010,Suburban,6375.218693815465
2024-03-02,ATM_011,Rural,3490.2793793654987
2024-03-02,ATM_012,Urban,10619.474940758158
2024-03-02,ATM_013,Rural,9425.108733805746
2024-03-02,ATM_014,Suburban,10445.961506030018
2024-03-02,ATM_015,Suburban,12255.757779611587
2024-03-02,ATM_016,Rural,3925.085239515549
2024-03-02,ATM_017,Suburban,11598.963922797504
2024-03-02,ATM_018,Urban,9933.292394849232
2024-03-02,ATM_019,Urban,7573.772526002332
2024-03-02,ATM_020,Rural,4747.198928357511
2024-03-03,ATM_001,Urban,13183.187795621017
2024-03-03,ATM_002,Rural,5724.801179425106
2024-03-03,ATM_003,Suburban,10175.267863512916
2024-03-03,ATM_004,Suburban,8580.975594029534
2024-03-03,ATM_005,Rural,5292.0377311357315
2024-03-03,ATM_006,Urban,12982.898768190762
2024-03-03,ATM_007,Urban,12589.53680384484
2024-03-03,ATM_008,Rural,6365.372996008777
2024-03-03,ATM_009,Rural,4749.053634313326
2024-03-03,ATM_010,Suburban,10255.612123065404
2024-03-03,ATM_011,Rural,7042.760634861511
2024-03-03,ATM_012,Urban,10606.824641415467
2024-03-03,ATM_013,Rural,6678.79002150588
2024-03-03,ATM_014,Suburban,7450.211239545721
2024-03-03,ATM_015,Suburban,10102.130709758345
2024-03-03,ATM_016,Rural,8187.0429769219345
2024-03-03,ATM_017,Suburban,7393.686482524746
2024-03-03,ATM_018,Urban,9763.906134815996
2024-03-03,ATM_019,Urban,9229.059028011427
2024-03-03,ATM_020,Rural,4579.442706018886
2024-03-04,ATM_001,Urban,12455.750141386983
2024-03-04,ATM_002,Rural,5730.656450353645
2024-03-04,ATM_003,Suburban,6969.354344485511
2024-03-04,ATM_004,Suburban,4830.7551503029135
2024-03-04,ATM_005,Rural,3054.8636209294255
2024-03-04,ATM_006,Urban,6150.5858287086885
2024-03-04,ATM_007,Urban,7210.098840745333
2024-03-04,ATM_008,Rural,4632.3911022855
2024-03-04,ATM_009,Rural,5308.650418659085
2024-03-04,ATM_010,Suburban,3949.7673032409944
2024-03-04,ATM_011,Rural,3929.0740483753116
2024-03-04,ATM_012,Urban,9880.611547069115
2024-03-04,ATM_013,Rural,7509.866425915152
2024-03-04,ATM_014,Suburban,10157.360091658855
2024-03-04,ATM_015,Suburban,6238.055465337998
2024-03-04,ATM_016,Rural,4385.8475440612365
2024-03-04,ATM_017,Suburban,8996.502680623918
2024-03-04,ATM_018,Urban,10090.192036145167
2024-03-04,ATM_019,Urban,8038.374385440316
2024-03-04,ATM_020,Rural,3767.6479155627694
2024-03-05,ATM_001,Urban,10030.52760169758
2024-03-05,ATM_002,Rural,5414.307865606798
2024-03-05,ATM_003,Suburban,8023.89833367114
2024-03-05,ATM_004,Suburban,7575.660007792671
2024-03-05,ATM_005,Rural,4290.9304724570975
2024-03-05,ATM_006,Urban,8944.045030186233
2024-03-05,ATM_007,Urban,8948.348077263447
2024-03-05,ATM_008,Rural,4747.702240992154
2024-03-05,ATM_009,Rural,4528.963283473273
2024-03-05,ATM_010,Suburban,9945.88444837399
2024-03-05,ATM_011,Rural,3111.990929356196
2024-03-05,ATM_012,Urban,9991.032623542744
2024-03-05,ATM_013,Rural,3383.940080850034
2024-03-05,ATM_014,Suburban,8834.14860947831
2024-03-05,ATM_015,Suburban,7584.0693912283905
2024-03-05,ATM_016,Rural,7551.711707555214
2024-03-05,ATM_017,Suburban,8633.311547738242
2024-03-05,ATM_018,Urban,9543.33939720031
2024-03-05,ATM_019,Urban,6919.824834721897
2024-03-05,ATM_020,Rural,4389.647600591818
2024-03-06,ATM_001,Urban,8286.548049784536
2024-03-06,ATM_002,Rural,6102.204249703959
2024-03-06,ATM_003,Suburban,6698.631679591116
2024-03-06,ATM_004,Suburban,6321.686335757708
2024-03-06,ATM_005,Rural,5808.880634282749
2024-03-06,ATM_006,Urban,9882.761935749748
2024-03-06,ATM_007,Urban,9026.579654054
2024-03-06,ATM_008,Rural,5237.82014936144
2024-03-06,ATM_009,Rural,4313.900601010906
2024-03-06,ATM_010,Suburban,9263.099046703715
2024-03-06,ATM_011,Rural,5649.909147841528
2024-03-06,ATM_012,Urban,6078.214565354863
2024-03-06,ATM_013,Rural,6453.141709392724
2024-03-06,ATM_014,Suburban,3593.6698855442596
2024-03-06,ATM_015,Suburban,6723.429651883646
2024-03-06,ATM_016,Rural,3721.169891386798
2024-03-06,ATM_017,Suburban,10773.746084922948
2024-03-06,ATM_018,Urban,10636.169105225285
2024-03-06,ATM_019,Urban,10867.058343044211
2024-03-06,ATM_020,Rural,6127.117727244134
2024-03-07,ATM_001,Urban,8864.698974944085
2024-03-07,ATM_002,Rural,5906.397538848427
2024-03-07,ATM_003,Suburban,8188.280010227092
2024-03-07,ATM_004,Suburban,8842.974888795916
2024-03-07,ATM_005,Rural,6289.793654180274
2024-03-07,ATM_006,Urban,10605.431413861828
2024-03-07,ATM_007,Urban,8952.284944678533
2024-03-07,ATM_008,Rural,8361.112888477352
2024-03-07,ATM_009,Rural,5244.999383793541
2024-03-07,ATM_010,Suburban,7906.802423577185
2024-03-07,ATM_011,Rural,4491.360908936369
2024-03-07,ATM_012,Urban,8549.461132160079
2024-03-07,ATM_013,Rural,4757.64523603798
2024-03-07,ATM_014,Suburban,8266.590788202091
2024-03-07,ATM_015,Suburban,9942.128333056147
2024-03-07,ATM_016,Rural,5490.119414256141
2024-03-07,ATM_017,Suburban,6956.225798538253
2024-03-07,ATM_018,Urban,6392.248370623428
2024-03-07,ATM_019,Urban,11360.048549235142
2024-03-07,ATM_020,Rural,6727.45503540021
2024-03-08,ATM_001,Urban,9178.065723658416
2024-03-08,ATM_002,Rural,4670.576046981326
2024-03-08,ATM_003,Suburban,5793.033213994722
2024-03-08,ATM_004,Suburban,10456.223596713113
2024-03-08,ATM_005,Rural,5733.407600700449
2024-03-08,ATM_006,Urban,11039.26087532936
2024-03-08,ATM_007,Urban,10150.765727101514
2024-03-08,ATM_008,Rural,4401.907584165802
2024-03-08,ATM_009,Rural,5138.859000647314
2024-03-08,ATM_010,Suburban,6980.351483502465
2024-03-08,ATM_011,Rural,3875.900532886757
2024-03-08,ATM_012,Urban,6271.291327718389
2024-03-08,ATM_013,Rural,6724.3704950077945
2024-03-08,ATM_014,Suburban,5413.163913901609
2024-03-08,ATM_015,Suburban,7956.228103416657
2024-03-08,ATM_016,Rural,3077.053508254946
2024-03-08,ATM_017,Suburban,8878.357554220584
2024-03-08,ATM_018,Urban,10768.46062901923
2024-03-08,ATM_019,Urban,8364.299452884532
2024-03-08,ATM_020,Rural,3934.8825956881815
2024-03-09,ATM_001,Urban,11050.180740942935
2024-03-09,ATM_002,Rural,3415.9012256219366
2024-03-09,ATM_003,Suburban,10492.017004755131
2024-03-09,ATM_004,Suburban,8643.868195975
2024-03-09,ATM_005,Rural,7357.738926099692
2024-03-09,ATM_006,Urban,14357.648802998381
2024-03-09,ATM_007,Urban,10705.730857461775
2024-03-09,ATM_008,Rural,6126.437299268815
2024-03-09,ATM_009,Rural,6656.465980105067
2024-03-09,ATM_010,Suburban,8278.317235728951
2024-03-09,ATM_011,Rural,7091.97259139594
2024-03-09,ATM_012,Urban,8412.462435461646
2024-03-09,ATM_013,Rural,8576.501584266356
2024-03-09,ATM_014,Suburban,11154.424208733648
2024-03-09,ATM_015,Suburban,7832.731950197003
2024-03-09,ATM_016,Rural,7556.032912986764
2024-03-09,ATM_017,Suburban,10448.171052076837
2024-03-09,ATM_018,Urban,11396.318672635356
2024-03-09,ATM_019,Urban,11621.785468344035
2024-03-09,ATM_020,Rural,5951.44657478639
2024-03-10,ATM_001,Urban,10023.56252926033
2024-03-10,ATM_002,Rural,7413.3390579524075
2024-03-10,ATM_003,Suburban,10710.432623061788
2024-03-10,ATM_004,Suburban,7808.391085685071
2024-03-10,ATM_005,Rural,7506.909951498781
2024-03-10,ATM_006,Urban,10620.046350638044
2024-03-10,ATM_007,Urban,12887.229910544816
2024-03-10,ATM_008,Rural,6984.895537647467
2024-03-10,ATM_009,Rural,9302.905470914515
2024-03-10,ATM_010,Suburban,6843.313246818233
2024-03-10,ATM_011,Rural,4927.131529411903
2024-03-10,ATM_012,Urban,12173.53160256124
2024-03-10,ATM_013,Rural,6768.595398032046
2024-03-10,ATM_014,Suburban,8348.761589922058
2024-03-10,ATM_015,Suburban,5493.582879282905
2024-03-10,ATM_016,Rural,7212.659612866418
2024-03-10,ATM_017,Suburban,7349.97973387308
2024-03-10,ATM_018,Urban,9810.317861369747
2024-03-10,ATM_019,Urban,13867.219969350248
2024-03-10,ATM_020,Rural,3897.239848236879
2024-03-11,ATM_001,Urban,8889.736473650393
2024-03-11,ATM_002,Rural,2986.376124025032
2024-03-11,ATM_003,Suburban,7542.880325542967
2024-03-11,ATM_004,Suburban,5972.733317809614
2024-03-11,ATM_005,Rural,7184.601496851576
2024-03-11,ATM_006,Urban,7429.080789438347
2024-03-11,ATM_007,Urban,7915.877937094655
2024-03-11,ATM_008,Rural,5209.554760730848
2024-03-11,ATM_009,Rural,3412.883515070133
2024-03-11,ATM_010,Suburban,8425.315203081556
2024-03-11,ATM_011,Rural,4499.284309448802
2024-03-11,ATM_012,Urban,7535.05076017291
2024-03-11,ATM_013,Rural,7306.6453381581905
2024-03-11,ATM_014,Suburban,9730.237763400737
2024-03-11,ATM_015,Suburban,5390.883290591806
2024-03-11,ATM_016,Rural,4032.239238965025
2024-03-11,ATM_017,Suburban,8085.259246977526
2024-03-11,ATM_018,Urban,10471.1957638847
2024-03-11,ATM_019,Urban,9433.003991705438
2024-03-11,ATM_020,Rural,4854.488028322028
2024-03-12,ATM_001,Urban,10830.540455367662
2024-03-12,ATM_002,Rural,4547.62283979219
2024-03-12,ATM_003,Suburban,6235.534978903737
2024-03-12,ATM_004,Suburban,7979.624243487775
2024-03-12,ATM_005,Rural,7094.27571940681
2024-03-12,ATM_006,Urban,8348.765806990661
2024-03-12,ATM_007,Urban,7109.521805464863
2024-03-12,ATM_008,Rural,3237.3982593986075
2024-03-12,ATM_009,Rural,7285.502896298996
2024-03-12,ATM_010,Suburban,7069.796461805622
2024-03-12,ATM_011,Rural,4245.478648030807
2024-03-12,ATM_012,Urban,11583.165638796645
2024-03-12,ATM_013,Rural,7597.38595188335
2024-03-12,ATM_014,Suburban,4768.059146875813
2024-03-12,ATM_015,Suburban,5685.656503748746
2024-03-12,ATM_016,Rural,8342.575936712989
2024-03-12,ATM_017,Suburban,9862.389151993397
2024-03-12,ATM_018,Urban,12179.30629075846
2024-03-12,ATM_019,Urban,11861.738481130902
2024-03-12,ATM_020,Rural,6987.649406186573
2024-03-13,ATM_001,Urban,8657.729514734032
2024-03-13,ATM_002,Rural,5497.133578186077
2024-03-13,ATM_003,Suburban,5699.1695010303265
2024-03-13,ATM_004,Suburban,7137.3950351362555
2024-03-13,ATM_005,Rural,4563.6472030106415
2024-03-13,ATM_006,Urban,8190.670276643222
2024-03-13,ATM_007,Urban,9722.299122253291
2024-03-13,ATM_008,Rural,7125.373322541906
2024-03-13,ATM_009,Rural,4648.517133909663
2024-03-13,ATM_010,Suburban,8837.24241873911
2024-03-13,ATM_011,Rural,3998.397761586085
2024-03-13,ATM_012,Urban,8814.547764069172
2024-03-13,ATM_013,Rural,7271.588423427544
2024-03-13,ATM_014,Suburban,5081.889462405498
2024-03-13,ATM_015,Suburban,10444.032659013106
2024-03-13,ATM_016,Rural,6914.592115816969
2024-03-13,ATM_017,Suburban,7253.120942731159
2024-03-13,ATM_018,Urban,6336.266692826328
2024-03-13,ATM_019,Urban,7051.937416878265
2024-03-13,ATM_020,Rural,5152.815339948233
2024-03-14,ATM_001,Urban,10851.890882064894
2024-03-14,ATM_002,Rural,4472.54202564266
2024-03-14,ATM_003,Suburban,8925.218440322722
2024-03-14,ATM_004,Suburban,8968.991686465637
2024-03-14,ATM_005,Rural,7501.337593106834
2024-03-14,ATM_006,Urban,8186.866366839623
2024-03-14,ATM_007,Urban,10474.360685731257
2024-03-14,ATM_008,Rural,5449.373885862558
2024-03-14,ATM_009,Rural,5068.240485228331
2024-03-14,ATM_010,Suburban,8371.937494684336
2024-03-14,ATM_011,Rural,3989.1533210717407
2024-03-14,ATM_012,Urban,11795.23110390121
2024-03-14,ATM_013,Rural,4408.544719948702
2024-03-14,ATM_014,Suburban,10169.46094369243
2024-03-14,ATM_015,Suburban,6993.959171066132
2024-03-14,ATM_016,Rural,5773.8411396524825
2024-03-14,ATM_017,Suburban,10336.24919253226
2024-03-14,ATM_018,Urban,9162.770314721043
2024-03-14,ATM_019,Urban,8038.412298432552
2024-03-14,ATM_020,Rural,6280.2730284043955
2024-03-15,ATM_001,Urban,10157.392077211709
2024-03-15,ATM_002,Rural,4905.819031852095
2024-03-15,ATM_003,Suburban,5903.611912627145
2024-03-15,ATM_004,Suburban,8254.895537608458
2024-03-15,ATM_005,Rural,6786.371993868251
2024-03-15,ATM_006,Urban,9490.57154472192
2024-03-15,ATM_007,Urban,6758.141447571729
2024-03-15,ATM_008,Rural,4056.8759852322146
2024-03-15,ATM_009,Rural,6883.571333942608
2024-03-15,ATM_010,Suburban,4810.1698535035885
2024-03-15,ATM_011,Rural,5857.717003709557
2024-03-15,ATM_012,Urban,6437.75463465387
2024-03-15,ATM_013,Rural,4488.969546171962
2024-03-15,ATM_014,Suburban,9527.635327667394
2024-03-15,ATM_015,Suburban,7365.194246258952
2024-03-15,ATM_016,Rural,8385.00923055086
2024-03-15,ATM_017,Suburban,8889.897770831149
2024-03-15,ATM_018,Urban,10834.053709468413
2024-03-15,ATM_019,Urban,9678.15160781334
2024-03-15,ATM_020,Rural,2203.136785361523
2024-03-16,ATM_001,Urban,10156.862991915243
2024-03-16,ATM_002,Rural,7920.410377638391
2024-03-16,ATM_003,Suburban,10165.385098846067
2024-03-16,ATM_004,Suburban,7451.420140134557
2024-03-16,ATM_005,Rural,6575.806711932257
2024-03-16,ATM_006,Urban,10972.759848475305
2024-03-16,ATM_007,Urban,8147.066012870279
2024-03-16,ATM_008,Rural,5716.387799792874
2024-03-16,ATM_009,Rural,7738.3298421944355
2024-03-16,ATM_010,Suburban,6428.139327324877
2024-03-16,ATM_011,Rural,4515.466922324519
2024-03-16,ATM_012,Urban,13870.59895928739
2024-03-16,ATM_013,Rural,5621.287248626514
2024-03-16,ATM_014,Suburban,11711.128926212063
2024-03-16,ATM_015,Suburban,10119.394749025709
2024-03-16,ATM_016,Rural,8817.164380167887
2024-03-16,ATM_017,Suburban,7921.95213052322
2024-03-16,ATM_018,Urban,8278.59401786118
2024-03-16,ATM_019,Urban,7325.023131419608
2024-03-16,ATM_020,Rural,5093.714752203025
2024-03-17,ATM_001,Urban,11017.45606901961
2024-03-17,ATM_002,Rural,6225.151681464403
2024-03-17,ATM_003,Suburban,8747.156443343763
2024-03-17,ATM_004,Suburban,6569.936666637529
2024-03-17,ATM_005,Rural,8792.814319826128
2024-03-17,ATM_006,Urban,14057.527422523423
2024-03-17,ATM_007,Urban,9179.559636890772
2024-03-17,ATM_008,Rural,4046.057105496666
2024-03-17,ATM_009,Rural,5525.569733700968
2024-03-17,ATM_010,Suburban,11288.510426071241
2024-03-17,ATM_011,Rural,8585.795777177611
2024-03-17,ATM_012,Urban,12051.153426156847
2024-03-17,ATM_013,Rural,8532.819182587002
2024-03-17,ATM_014,Suburban,8653.969501336682
2024-03-17,ATM_015,Suburban,6946.586642737259
2024-03-17,ATM_016,Rural,7234.8823686092155
2024-03-17,ATM_017,Suburban,6611.5376078128465
2024-03-17,ATM_018,Urban,13073.196361296114
2024-03-17,ATM_019,Urban,7929.394625013518
2024-03-17,ATM_020,Rural,4682.744894108532
2024-03-18,ATM_001,Urban,8885.096008189257
2024-03-18,ATM_002,Rural,5054.032199902813
2024-03-18,ATM_003,Suburban,7199.259313232464
2024-03-18,ATM_004,Suburban,9518.198827503255
2024-03-18,ATM_005,Rural,5574.2210279701685
2024-03-18,ATM_006,Urban,7784.028009436785
2024-03-18,ATM_007,Urban,9031.453273295638
2024-03-18,ATM_008,Rural,4890.41217460712
2024-03-18,ATM_009,Rural,4096.646396118991
2024-03-18,ATM_010,Suburban,6795.386049660795
2024-03-18,ATM_011,Rural,7308.591635168172
2024-03-18,ATM_012,Urban,11272.978706390148
2024-03-18,ATM_013,Rural,5848.1942651464815
2024-03-18,ATM_014,Suburban,8681.30353970402
2024-03-18,ATM_015,Suburban,7079.267060683815
2024-03-18,ATM_016,Rural,3264.808269168141
2024-03-18,ATM_017,Suburban,5190.017394207865
2024-03-18,ATM_018,Urban,7847.175386072848
2024-03-18,ATM_019,Urban,9603.728002229513
2024-03-18,ATM_020,Rural,4816.659230468716
2024-03-19,ATM_001,Urban,10927.285315889718
2024-03-19,ATM_002,Rural,8197.895086089538
2024-03-19,ATM_003,Suburban,7950.196075698619
2024-03-19,ATM_004,Suburban,5545.489338239167
2024-03-19,ATM_005,Rural,3712.00947380426
2024-03-19,ATM_006,Urban,9200.890495887234
2024-03-19,ATM_007,Urban,8349.555975150179
2024-03-19,ATM_008,Rural,6507.234876556046
2024-03-19,ATM_009,Rural,3197.454307784459
2024-03-19,ATM_010,Suburban,6817.073668839609
2024-03-19,ATM_011,Rural,5148.003194935105
2024-03-19,ATM_012,Urban,11442.2932685416
2024-03-19,ATM_013,Rural,7612.379070917338
2024-03-19,ATM_014,Suburban,8736.432959622338
2024-03-19,ATM_015,Suburban,9247.10189894987
2024-03-19,ATM_016,Rural,3614.6121676495645
2024-03-19,ATM_017,Suburban,7999.919901307112
2024-03-19,ATM_018,Urban,7772.14126266667
2024-03-19,ATM_019,Urban,9779.465280257586
2024-03-19,ATM_020,Rural,7646.142412862724
2024-03-20,ATM_001,Urban,6536.87670334367
2024-03-20,ATM_002,Rural,3274.208709878625
2024-03-20,ATM_003,Suburban,6524.12399657595
2024-03-20,ATM_004,Suburban,8062.938579315699
2024-03-20,ATM_005,Rural,2601.591944314194
2024-03-20,ATM_006,Urban,8778.46761319363
2024-03-20,ATM_007,Urban,10271.58134876302
2024-03-20,ATM_008,Rural,6967.546447109158
2024-03-20,ATM_009,Rural,5751.231829276785
2024-03-20,ATM_010,Suburban,6124.5792997576655
2024-03-20,ATM_011,Rural,7469.3465843306985
2024-03-20,ATM_012,Urban,9865.003838304941
2024-03-20,ATM_013,Rural,7492.774187865059
2024-03-20,ATM_014,Suburban,7051.04748267142
2024-03-20,ATM_015,Suburban,7555.781734823834
2024-03-20,ATM_016,Rural,6290.858176458414
2024-03-20,ATM_017,Suburban,6588.123220156631
2024-03-20,ATM_018,Urban,8089.047207789092
2024-03-20,ATM_019,Urban,9042.270209497427
2024-03-20,ATM_020,Rural,5654.657919359935
2024-03-21,ATM_001,Urban,10956.473655524587
2024-03-21,ATM_002,Rural,6109.288779137598
2024-03-21,ATM_003,Suburban,7983.842312240638
2024-03-21,ATM_004,Suburban,7787.08457180148
2024-03-21,ATM_005,Rural,8176.791818695205
2024-03-21,ATM_006,Urban,10588.662662039076
2024-03-21,ATM_007,Urban,11912.990538618702
2024-03-21,ATM_008,Rural,6889.791319990853
2024-03-21,ATM_009,Rural,6870.427769771874
2024-03-21,ATM_010,Suburban,5519.196531878123
2024-03-21,ATM_011,Rural,4096.233968660003
2024-03-21,ATM_012,Urban,10150.30441428644
2024-03-21,ATM_013,Rural,6865.863377301721
2024-03-21,ATM_014,Suburban,7461.650195816423
2024-03-21,ATM_015,Suburban,5998.21052106667
2024-03-21,ATM_016,Rural,6773.069249099005
2024-03-21,ATM_017,Suburban,6128.434592376242
2024-03-21,ATM_018,Urban,11139.066619311869
2024-03-21,ATM_019,Urban,10262.55136750117
2024-03-21,ATM_020,Rural,6203.705840583863
2024-03-22,ATM_001,Urban,8158.246431089559
2024-03-22,ATM_002,Rural,3448.5974909261217
2024-03-22,ATM_003,Suburban,10132.092351464213
2024-03-22,ATM_004,Suburban,5742.5107591968645
2024-03-22,ATM_005,Rural,6652.575051660776
2024-03-22,ATM_006,Urban,10992.029729302958
2024-03-22,ATM_007,Urban,8104.748458660275
2024-03-22,ATM_008,Rural,4683.618560291377
2024-03-22,ATM_009,Rural,6189.931900340336
2024-03-22,ATM_010,Suburban,9690.18156146144
2024-03-22,ATM_011,Rural,5595.780204152153
2024-03-22,ATM_012,Urban,9619.17673511192
2024-03-22,ATM_013,Rural,3749.4764673949426
2024-03-22,ATM_014,Suburban,8035.674481630142
2024-03-22,ATM_015,Suburban,6042.404440700491
2024-03-22,ATM_016,Rural,6374.123860538442
2024-03-22,ATM_017,Suburban,5120.011583514294
2024-03-22,ATM_018,Urban,8818.387482479613
2024-03-22,ATM_019,Urban,13049.725824892124
2024-03-22,ATM_020,Rural,2560.126580268705
2024-03-23,ATM_001,Urban,7412.263038841953
2024-03-23,ATM_002,Rural,7448.683858879684
2024-03-23,ATM_003,Suburban,9764.628619087907
2024-03-23,ATM_004,Suburban,8935.888416550866
2024-03-23,ATM_005,Rural,8160.611535063852
2024-03-23,ATM_006,Urban,10063.604807153059
2024-03-23,ATM_007,Urban,8067.616187928415
2024-03-23,ATM_008,Rural,5926.787646262203
2024-03-23,ATM_009,Rural,6718.05413507969
2024-03-23,ATM_010,Suburban,7561.719321031724
2024-03-23,ATM_011,Rural,8508.785279862024
2024-03-23,ATM_012,Urban,11650.851040827512
2024-03-23,ATM_013,Rural,5764.39945620763
2024-03-23,ATM_014,Suburban,7455.665140765918
2024-03-23,ATM_015,Suburban,10357.383152270746
2024-03-23,ATM_016,Rural,5030.699608827623
2024-03-23,ATM_017,Suburban,11782.666480303451
2024-03-23,ATM_018,Urban,10297.67853539676
2024-03-23,ATM_019,Urban,9595.89071988227
2024-03-23,ATM_020,Rural,6154.901071744206
2024-03-24,ATM_001,Urban,10531.996335785649
2024-03-24,ATM_002,Rural,6800.204262004169
2024-03-24,ATM_003,Suburban,5158.206395502159
2024-03-24,ATM_004,Suburban,7851.610260240761
2024-03-24,ATM_005,Rural,6549.105580269332
2024-03-24,ATM_006,Urban,10598.856165036825
2024-03-24,ATM_007,Urban,7352.019880649276
2024-03-24,ATM_008,Rural,7640.282279931643
2024-03-24,ATM_009,Rural,6378.7774793476965
2024-03-24,ATM_010,Suburban,8472.366188787444
2024-03-24,ATM_011,Rural,5148.108467586434
2024-03-24,ATM_012,Urban,11398.859984167993
2024-03-24,ATM_013,Rural,6612.233401647261
2024-03-24,ATM_014,Suburban,8507.0623226201
2024-03-24,ATM_015,Suburban,5645.746909050014
2024-03-24,ATM_016,Rural,8418.964465913292
2024-03-24,ATM_017,Suburban,7867.2080490231
2024-03-24,ATM_018,Urban,10381.689915089726
2024-03-24,ATM_019,Urban,11256.47695364467
2024-03-24,ATM_020,Rural,6546.16312491576
2024-03-25,ATM_001,Urban,9181.204727515273
2024-03-25,ATM_002,Rural,5685.934239383326
2024-03-25,ATM_003,Suburban,8044.069475510755
2024-03-25,ATM_004,Suburban,7726.3962615977225
2024-03-25,ATM_005,Rural,5123.620689333909
2024-03-25,ATM_006,Urban,7702.58218966267
2024-03-25,ATM_007,Urban,8213.214328609256
2024-03-25,ATM_008,Rural,3688.1344796969615
2024-03-25,ATM_009,Rural,6505.739018273774
2024-03-25,ATM_010,Suburban,8063.263442620891
2024-03-25,ATM_011,Rural,5086.264205579082
2024-03-25,ATM_012,Urban,8463.226316372999
2024-03-25,ATM_013,Rural,6295.660158817238
2024-03-25,ATM_014,Suburban,7097.514388263058
2024-03-25,ATM_015,Suburban,9353.064538068544
2024-03-25,ATM_016,Rural,7233.920906953043
2024-03-25,ATM_017,Suburban,4891.08085615596
2024-03-25,ATM_018,Urban,6889.440786858784
2024-03-25,ATM_019,Urban,10517.790548600336
2024-03-25,ATM_020,Rural,5283.314496454488
2024-03-26,ATM_001,Urban,9085.58854889093
2024-03-26,ATM_002,Rural,7594.140816704072
2024-03-26,ATM_003,Suburban,6383.715851274016
2024-03-26,ATM_004,Suburban,7844.210687726865
2024-03-26,ATM_005,Rural,7014.047779917307
2024-03-26,ATM_006,Urban,8750.54405264557
2024-03-26,ATM_007,Urban,6914.597547041924
2024-03-26,ATM_008,Rural,5413.973536099916
2024-03-26,ATM_009,Rural,5074.755684579254
2024-03-26,ATM_010,Suburban,7248.037259197816
2024-03-26,ATM_011,Rural,5479.652823160654
2024-03-26,ATM_012,Urban,7789.200914960826
2024-03-26,ATM_013,Rural,7624.182572687981
2024-03-26,ATM_014,Suburban,6105.665077442803
2024-03-26,ATM_015,Suburban,6437.57205664027
2024-03-26,ATM_016,Rural,2796.4309843511155
2024-03-26,ATM_017,Suburban,10618.367526377146
2024-03-26,ATM_018,Urban,9227.893262172085
2024-03-26,ATM_019,Urban,6656.968510081937
2024-03-26,ATM_020,Rural,3941.6671891122933
2024-03-27,ATM_001,Urban,8036.651260006639
2024-03-27,ATM_002,Rural,6765.152380732272
2024-03-27,ATM_003,Suburban,5040.365152742078
2024-03-27,ATM_004,Suburban,8948.057018271003
2024-03-27,ATM_005,Rural,6375.886521071035
2024-03-27,ATM_006,Urban,10497.460412646245
2024-03-27,ATM_007,Urban,6425.655200686948
2024-03-27,ATM_008,Rural,4233.927527377695
2024-03-27,ATM_009,Rural,4211.682229828375
2024-03-27,ATM_010,Suburban,5481.958604989637
2024-03-27,ATM_011,Rural,3877.300790409144
2024-03-27,ATM_012,Urban,5934.971242898697
2024-03-27,ATM_013,Rural,4215.241258325276
2024-03-27,ATM_014,Suburban,5669.793798679648
2024-03-27,ATM_015,Suburban,8049.954810849007
2024-03-27,ATM_016,Rural,5773.9068378905595
2024-03-27,ATM_017,Suburban,7860.768483855375
2024-03-27,ATM_018,Urban,9547.5163997785
2024-03-27,ATM_019,Urban,7202.512348629732
2024-03-27,ATM_020,Rural,7131.56649408941
2024-03-28,ATM_001,Urban,9178.961907202765
2024-03-28,ATM_002,Rural,4963.131796154731
2024-03-28,ATM_003,Suburban,9146.646630582589
2024-03-28,ATM_004,Suburban,8970.681130976289
2024-03-28,ATM_005,Rural,7645.622239971463
2024-03-28,ATM_006,Urban,9007.20732460167
2024-03-28,ATM_007,Urban,6329.064322657754
2024-03-28,ATM_008,Rural,6422.5732635230725
2024-03-28,ATM_009,Rural,4719.217707235513
2024-03-28,ATM_010,Suburban,7991.398001467449
2024-03-28,ATM_011,Rural,6433.843214858566
2024-03-28,ATM_012,Urban,8409.328289216526
2024-03-28,ATM_013,Rural,4679.311023495672
2024-03-28,ATM_014,Suburban,7350.93967734926
2024-03-28,ATM_015,Suburban,9973.60951300742
2024-03-28,ATM_016,Rural,4595.846231060282
2024-03-28,ATM_017,Suburban,6468.051795001911
2024-03-28,ATM_018,Urban,9833.914097272462
2024-03-28,ATM_019,Urban,5589.145459574263
2024-03-28,ATM_020,Rural,2904.0467916405614
2024-03-29,ATM_001,Urban,12760.547332888043
2024-03-29,ATM_002,Rural,3147.8497820725966
2024-03-29,ATM_003,Suburban,5660.836140000909
2024-03-29,ATM_004,Suburban,7379.178895995885
2024-03-29,ATM_005,Rural,6451.974588415843
2024-03-29,ATM_006,Urban,11876.97816386928
2024-03-29,ATM_007,Urban,10765.806625494673
2024-03-29,ATM_008,Rural,6470.651415929862
2024-03-29,ATM_009,Rural,5889.547277251526
2024-03-29,ATM_010,Suburban,10084.334831665814
2024-03-29,ATM_011,Rural,4570.074760426367
2024-03-29,ATM_012,Urban,9475.065912362737
2024-03-29,ATM_013,Rural,5387.017648920201
2024-03-29,ATM_014,Suburban,9981.749361488155
2024-03-29,ATM_015,Suburban,7761.29300085913
2024-03-29,ATM_016,Rural,4315.652330932503
2024-03-29,ATM_017,Suburban,7663.29853569582
2024-03-29,ATM_018,Urban,7497.86115456135
2024-03-29,ATM_019,Urban,10359.468145193548
2024-03-29,ATM_020,Rural,4675.788135102079
2024-03-30,ATM_001,Urban,9479.538320674017
2024-03-30,ATM_002,Rural,8715.605137402541
2024-03-30,ATM_003,Suburban,7088.874008058103
2024-03-30,ATM_004,Suburban,7378.9410621862135
2024-03-30,ATM_005,Rural,6076.815572955675
2024-03-30,ATM_006,Urban,12157.71636611859
2024-03-30,ATM_007,Urban,10697.274705662627
2024-03-30,ATM_008,Rural,9715.730712641074
2024-03-30,ATM_009,Rural,6027.936553740645
2024-03-30,ATM_010,Suburban,6137.619550207257
2024-03-30,ATM_011,Rural,4490.6059747813815
2024-03-30,ATM_012,Urban,13070.783065836382
2024-03-30,ATM_013,Rural,6747.962436820741
2024-03-30,ATM_014,Suburban,7643.692684258584
2024-03-30,ATM_015,Suburban,7645.663510285959
2024-03-30,ATM_016,Rural,3358.5688960316793
2024-03-30,ATM_017,Suburban,12112.049689490275
2024-03-30,ATM_018,Urban,8872.714073184965
2024-03-30,ATM_019,Urban,12486.166604511853
2024-03-30,ATM_020,Rural,4995.662759438961
2024-03-31,ATM_001,Urban,17477.088146902628
2024-03-31,ATM_002,Rural,7544.296141458336
2024-03-31,ATM_003,Suburban,10260.452342226137
2024-03-31,ATM_004,Suburban,11877.379239119977
2024-03-31,ATM_005,Rural,12299.4343768828
2024-03-31,ATM_006,Urban,15883.81029223044
2024-03-31,ATM_007,Urban,12462.392143588413
2024-03-31,ATM_008,Rural,5070.2240769595865
2024-03-31,ATM_009,Rural,12854.384357780082
2024-03-31,ATM_010,Suburban,8286.365275734717
2024-03-31,ATM_011,Rural,7719.334685292207
2024-03-31,ATM_012,Urban,12449.762521784849
2024-03-31,ATM_013,Rural,6561.02311418448
2024-03-31,ATM_014,Suburban,8158.961189263803
2024-03-31,ATM_015,Suburban,8811.62132922188
2024-03-31,ATM_016,Rural,4810.544207007495
2024-03-31,ATM_017,Suburban,16931.303824267503
2024-03-31,ATM_018,Urban,16071.445652332897
2024-03-31,ATM_019,Urban,10225.036753740758
2024-03-31,ATM_020,Rural,10990.537962266219
2024-04-01,ATM_001,Urban,11202.520962642582
2024-04-01,ATM_002,Rural,4236.45372414207
2024-04-01,ATM_003,Suburban,5888.3455274672
2024-04-01,ATM_004,Suburban,8975.785957266675
2024-04-01,ATM_005,Rural,6088.030072274735
2024-04-01,ATM_006,Urban,10443.01474983882
2024-04-01,ATM_007,Urban,11303.43035486953
2024-04-01,ATM_008,Rural,7022.73210062548
2024-04-01,ATM_009,Rural,2703.835301511769
2024-04-01,ATM_010,Suburban,10795.536837820953
2024-04-01,ATM_011,Rural,5426.791325722717
2024-04-01,ATM_012,Urban,7603.0301267154055
2024-04-01,ATM_013,Rural,4296.943395535526
2024-04-01,ATM_014,Suburban,9845.538266797426
2024-04-01,ATM_015,Suburban,5496.936711442314
2024-04-01,ATM_016,Rural,3858.0505505373917
2024-04-01,ATM_017,Suburban,7298.705922212577
2024-04-01,ATM_018,Urban,6034.349251647255
2024-04-01,ATM_019,Urban,10405.208908554978
2024-04-01,ATM_020,Rural,5810.1958009425625
2024-04-02,ATM_001,Urban,7474.257401436808
2024-04-02,ATM_002,Rural,8177.550688927598
2024-04-02,ATM_003,Suburban,7002.547865277153
2024-04-02,ATM_004,Suburban,6675.059769070989
2024-04-02,ATM_005,Rural,4276.484500087897
2024-04-02,ATM_006,Urban,8935.45878467336
2024-04-02,ATM_007,Urban,9181.672453610381
2024-04-02,ATM_008,Rural,7015.24439776607
2024-04-02,ATM_009,Rural,3940.562507300177
2024-04-02,ATM_010,Suburban,4857.7225771917965
2024-04-02,ATM_011,Rural,5912.945729701237
2024-04-02,ATM_012,Urban,11636.516852290468
2024-04-02,ATM_013,Rural,4925.019047235146
2024-04-02,ATM_014,Suburban,7416.20503663291
2024-04-02,ATM_015,Suburban,8752.598019791172
2024-04-02,ATM_016,Rural,7451.492142029568
2024-04-02,ATM_017,Suburban,5272.854457405095
2024-04-02,ATM_018,Urban,8237.060953880406
2024-04-02,ATM_019,Urban,5885.040257546031
2024-04-02,ATM_020,Rural,3857.18316999775
2024-04-03,ATM_001,Urban,7874.053180162478
2024-04-03,ATM_002,Rural,6414.246671545454
2024-04-03,ATM_003,Suburban,7710.471489080422
2024-04-03,ATM_004,Suburban,7977.123498512417
2024-04-03,ATM_005,Rural,4830.656030143127
2024-04-03,ATM_006,Urban,9443.763386737028
2024-04-03,ATM_007,Urban,9227.709066130217
2024-04-03,ATM_008,Rural,6844.530478358127
2024-04-03,ATM_009,Rural,6773.069925186231
2024-04-03,ATM_010,Suburban,7637.013694476182
2024-04-03,ATM_011,Rural,5550.22057975152
2024-04-03,ATM_012,Urban,11273.214638092166
2024-04-03,ATM_013,Rural,5503.817771288948
2024-04-03,ATM_014,Suburban,9180.785394992105
2024-04-03,ATM_015,Suburban,8413.997302282618
2024-04-03,ATM_016,Rural,5407.195949110433
2024-04-03,ATM_017,Suburban,8451.185515739364
2024-04-03,ATM_018,Urban,6686.801068039365
2024-04-03,ATM_019,Urban,8200.798789498018
2024-04-03,ATM_020,Rural,5949.889833464439
2024-04-04,ATM_001,Urban,8987.651228178414
2024-04-04,ATM_002,Rural,7238.371109681651
2024-04-04,ATM_003,Suburban,8577.406305901019
2024-04-04,ATM_004,Suburban,9199.759726542186
2024-04-04,ATM_005,Rural,6355.615843655561
2024-04-04,ATM_006,Urban,9591.157188810965
2024-04-04,ATM_007,Urban,11545.446190833058
2024-04-04,ATM_008,Rural,5315.745808442315
2024-04-04,ATM_009,Rural,7702.466844663428
2024-04-04,ATM_010,Suburban,8356.19082146192
2024-04-04,ATM_011,Rural,5577.7881940274965
2024-04-04,ATM_012,Urban,5610.232550112554
2024-04-04,ATM_013,Rural,5529.36180901992
2024-04-04,ATM_014,Suburban,6769.559084807861
2024-04-04,ATM_015,Suburban,10733.66498264067
2024-04-04,ATM_016,Rural,5741.937170420544
2024-04-04,ATM_017,Suburban,8839.119228101534
2024-04-04,ATM_018,Urban,7727.876369106907
2024-04-04,ATM_019,Urban,8949.344732621865
2024-04-04,ATM_020,Rural,4543.119530403142
2024-04-05,ATM_001,Urban,9133.541011518178
2024-04-05,ATM_002,Rural,3831.8766970295674
2024-04-05,ATM_003,Suburban,9380.239529259092
2024-04-05,ATM_004,Suburban,7305.662157265102
2024-04-05,ATM_005,Rural,4706.193443691179
2024-04-05,ATM_006,Urban,10652.669812820006
2024-04-05,ATM_007,Urban,11327.42457798715
2024-04-05,ATM_008,Rural,5297.424214926564
2024-04-05,ATM_009,Rural,6763.7939753937835
2024-04-05,ATM_010,Suburban,8306.67460073612
2024-04-05,ATM_011,Rural,5368.542256648546
2024-04-05,ATM_012,Urban,11796.93872745141
2024-04-05,ATM_013,Rural,7914.43558891029
2024-04-05,ATM_014,Suburban,5012.431526688264
2024-04-05,ATM_015,Suburban,8627.128502838053
2024-04-05,ATM_016,Rural,7127.352378578098
2024-04-05,ATM_017,Suburban,10014.386115361885
2024-04-05,ATM_018,Urban,7482.530171095215
2024-04-05,ATM_019,Urban,10463.49594115419
2024-04-05,ATM_020,Rural,3868.633178799967
2024-04-06,ATM_001,Urban,12442.573677235561
2024-04-06,ATM_002,Rural,7231.557846079444
2024-04-06,ATM_003,Suburban,11382.586102212856
2024-04-06,ATM_004,Suburban,7514.621559286754
2024-04-06,ATM_005,Rural,9000.329071797272
2024-04-06,ATM_006,Urban,10669.37096186704
2024-04-06,ATM_007,Urban,10990.72682131491
2024-04-06,ATM_008,Rural,7167.307388495207
2024-04-06,ATM_009,Rural,6752.288338502921
2024-04-06,ATM_010,Suburban,9052.229358793344
2024-04-06,ATM_011,Rural,5125.151139959033
2024-04-06,ATM_012,Urban,9816.769108263896
2024-04-06,ATM_013,Rural,4165.913678384132
2024-04-06,ATM_014,Suburban,5413.243421984127
2024-04-06,ATM_015,Suburban,10699.202705879636
2024-04-06,ATM_016,Rural,5703.564355838453
2024-04-06,ATM_017,Suburban,5630.740931209799
2024-04-06,ATM_018,Urban,10535.252104485435
2024-04-06,ATM_019,Urban,14023.554891401684
2024-04-06,ATM_020,Rural,4169.487266097258
2024-04-07,ATM_001,Urban,11580.318812456862
2024-04-07,ATM_002,Rural,6368.277965473355
2024-04-07,ATM_003,Suburban,7169.998212550034
2024-04-07,ATM_004,Suburban,13282.618379740887
2024-04-07,ATM_005,Rural,9632.757575092046
2024-04-07,ATM_006,Urban,11966.403775756473
2024-04-07,ATM_007,Urban,10218.954021779651
2024-04-07,ATM_008,Rural,3946.158816926428
2024-04-07,ATM_009,Rural,3259.211624402765
2024-04-07,ATM_010,Suburban,7238.341124890438
2024-04-07,ATM_011,Rural,6839.396090152156
2024-04-07,ATM_012,Urban,13310.45437753975
2024-04-07,ATM_013,Rural,4500.886090235513
2024-04-07,ATM_014,Suburban,9977.255252357641
2024-04-07,ATM_015,Suburban,8617.347793551631
2024-04-07,ATM_016,Rural,7360.256407666415
2024-04-07,ATM_017,Suburban,8647.624048178126
2024-04-07,ATM_018,Urban,13675.724837600992
2024-04-07,ATM_019,Urban,11389.84139248178
2024-04-07,ATM_020,Rural,8028.210810293158
2024-04-08,ATM_001,Urban,11667.75158011828
2024-04-08,ATM_002,Rural,4957.877039851942
2024-04-08,ATM_003,Suburban,8623.583867861502
2024-04-08,ATM_004,Suburban,6257.406067085263
2024-04-08,ATM_005,Rural,6860.010361354882
2024-04-08,ATM_006,Urban,12413.9481227913
2024-04-08,ATM_007,Urban,7160.701054073388
2024-04-08,ATM_008,Rural,5273.589069080126
2024-04-08,ATM_009,Rural,7977.176490296448
2024-04-08,ATM_010,Suburban,3869.9110567423804
2024-04-08,ATM_011,Rural,5833.939701283336
2024-04-08,ATM_012,Urban,9584.14210396117
2024-04-08,ATM_013,Rural,5415.222995249702
2024-04-08,ATM_014,Suburban,7112.091630106408
2024-04-08,ATM_015,Suburban,6818.85156276901
2024-04-08,ATM_016,Rural,5348.554649659736
2024-04-08,ATM_017,Suburban,7721.11298217784
2024-04-08,ATM_018,Urban,12329.290870082878
2024-04-08,ATM_019,Urban,7380.812123790303
2024-04-08,ATM_020,Rural,4698.366453575938
2024-04-09,ATM_001,Urban,11014.944854523263
2024-04-09,ATM_002,Rural,6436.889472193796
2024-04-09,ATM_003,Suburban,5989.861512736967
2024-04-09,ATM_004,Suburban,7174.987795346184
2024-04-09,ATM_005,Rural,6151.871274030353
2024-04-09,ATM_006,Urban,5887.823815419883
2024-04-09,ATM_007,Urban,10044.421641127607
2024-04-09,ATM_008,Rural,4548.85761811287
2024-04-09,ATM_009,Rural,6090.991349960565
2024-04-09,ATM_010,Suburban,8114.439656766916
2024-04-09,ATM_011,Rural,2872.9867598680394
2024-04-09,ATM_012,Urban,12215.9669060647
2024-04-09,ATM_013,Rural,5201.580841596088
2024-04-09,ATM_014,Suburban,6048.12706012464
2024-04-09,ATM_015,Suburban,9369.378412510578
2024-04-09,ATM_016,Rural,4152.749227500584
2024-04-09,ATM_017,Suburban,9952.719334812158
2024-04-09,ATM_018,Urban,8635.626052845297
2024-04-09,ATM_019,Urban,7890.733150585981
2024-04-09,ATM_020,Rural,5511.357114056595
2024-04-10,ATM_001,Urban,6704.574545027988
2024-04-10,ATM_002,Rural,7505.03860044756
2024-04-10,ATM_003,Suburban,7808.401235579398
2024-04-10,ATM_004,Suburban,5367.854811698044
2024-04-10,ATM_005,Rural,6929.3334962726085
2024-04-10,ATM_006,Urban,7964.696828289222
2024-04-10,ATM_007,Urban,5392.632393153048
2024-04-10,ATM_008,Rural,6862.909647141794
2024-04-10,ATM_009,Rural,3337.8365101877703
2024-04-10,ATM_010,Suburban,7231.8302955464505
2024-04-10,ATM_011,Rural,6917.471820550437
2024-04-10,ATM_012,Urban,9354.215720993509
2024-04-10,ATM_013,Rural,8849.994571562795
2024-04-10,ATM_014,Suburban,8456.247366171048
2024-04-10,ATM_015,Suburban,7413.421324807353
2024-04-10,ATM_016,Rural,6237.503145841983
2024-04-10,ATM_017,Suburban,9842.919114379749
2024-04-10,ATM_018,Urban,9593.620364139677
2024-04-10,ATM_019,Urban,7867.305821121362
2024-04-10,ATM_020,Rural,6802.966722740521
2024-04-11,ATM_001,Urban,10173.016140860924
2024-04-11,ATM_002,Rural,3285.8643466398926
2024-04-11,ATM_003,Suburban,9019.47467437803
2024-04-11,ATM_004,Suburban,6145.999526926325
2024-04-11,ATM_005,Rural,5243.221032663542
2024-04-11,ATM_006,Urban,8617.881628066629
2024-04-11,ATM_007,Urban,11141.364054493843
2024-04-11,ATM_008,Rural,7346.549199541166
2024-04-11,ATM_009,Rural,7070.777721405395
2024-04-11,ATM_010,Suburban,8413.083488273403
2024-04-11,ATM_011,Rural,6296.187937172902
2024-04-11,ATM_012,Urban,4735.566144937553
2024-04-11,ATM_013,Rural,6237.73843716492
2024-04-11,ATM_014,Suburban,7292.1364070271375
2024-04-11,ATM_015,Suburban,4013.8808600508833
2024-04-11,ATM_016,Rural,6303.397765598499
2024-04-11,ATM_017,Suburban,8376.928544518812
2024-04-11,ATM_018,Urban,7404.292260296124
2024-04-11,ATM_019,Urban,9139.119548307224
2024-04-11,ATM_020,Rural,5326.86611818003
2024-04-12,ATM_001,Urban,9455.183745051372
2024-04-12,ATM_002,Rural,3347.775729923748
2024-04-12,ATM_003,Suburban,9122.489621211722
2024-04-12,ATM_004,Suburban,6047.738075620677
2024-04-12,ATM_005,Rural,3771.612993755724
2024-04-12,ATM_006,Urban,10815.575502519538
2024-04-12,ATM_007,Urban,7884.264863379876
2024-04-12,ATM_008,Rural,6816.97835202564
2024-04-12,ATM_009,Rural,2967.086722759708
2024-04-12,ATM_010,Suburban,4413.125929420742
2024-04-12,ATM_011,Rural,7757.18490889411
2024-04-12,ATM_012,Urban,6179.096873797877
2024-04-12,ATM_013,Rural,4610.94942468615
2024-04-12,ATM_014,Suburban,5003.246580794552
2024-04-12,ATM_015,Suburban,8359.595659569122
2024-04-12,ATM_016,Rural,7476.720280511431
2024-04-12,ATM_017,Suburban,6707.175747409893
2024-04-12,ATM_018,Urban,7435.962496508686
2024-04-12,ATM_019,Urban,8062.1614517611915
2024-04-12,ATM_020,Rural,5537.544975310122
2024-04-13,ATM_001,Urban,12534.986366854091
2024-04-13,ATM_002,Rural,5735.3266197124985
2024-04-13,ATM_003,Suburban,6888.495160088057
2024-04-13,ATM_004,Suburban,7068.911806853148
2024-04-13,ATM_005,Rural,5717.814860299854
2024-04-13,ATM_006,Urban,14470.81208916022
2024-04-13,ATM_007,Urban,11591.152355765233
2024-04-13,ATM_008,Rural,4942.730481883193
2024-04-13,ATM_009,Rural,4294.447517768838
2024-04-13,ATM_010,Suburban,10340.66784628257
2024-04-13,ATM_011,Rural,8490.776637756911
2024-04-13,ATM_012,Urban,9298.778540879119
2024-04-13,ATM_013,Rural,8033.489568670943
2024-04-13,ATM_014,Suburban,5749.9719299792605
2024-04-13,ATM_015,Suburban,10846.913147621026
2024-04-13,ATM_016,Rural,4189.7172937986925
2024-04-13,ATM_017,Suburban,11049.81193531004
2024-04-13,ATM_018,Urban,14402.823885575808
2024-04-13,ATM_019,Urban,8995.367125416136
2024-04-13,ATM_020,Rural,4763.243643595628
2024-04-14,ATM_001,Urban,6889.2467557478385
2024-04-14,ATM_002,Rural,7387.993511487656
2024-04-14,ATM_003,Suburban,10737.27549383806
2024-04-14,ATM_004,Suburban,7759.580923773579
2024-04-14,ATM_005,Rural,6287.813767470913
2024-04-14,ATM_006,Urban,9034.471070945376
2024-04-14,ATM_007,Urban,11717.889184133246
2024-04-14,ATM_008,Rural,9068.386221059196
2024-04-14,ATM_009,Rural,6946.6709821322775
2024-04-14,ATM_010,Suburban,6918.599838123679
2024-04-14,ATM_011,Rural,4483.164977680535
2024-04-14,ATM_012,Urban,10657.135588605297
2024-04-14,ATM_013,Rural,3875.751259136973
2024-04-14,ATM_014,Suburban,9871.140732205313
2024-04-14,ATM_015,Suburban,9504.121247649942
2024-04-14,ATM_016,Rural,3820.484584134128
2024-04-14,ATM_017,Suburban,7991.031773017704
2024-04-14,ATM_018,Urban,8816.28607646869
2024-04-14,ATM_019,Urban,12469.257824679094
2024-04-14,ATM_020,Rural,6618.224715746403
2024-04-15,ATM_001,Urban,12325.921300593134
2024-04-15,ATM_002,Rural,5157.310783950485
2024-04-15,ATM_003,Suburban,7711.084550741785
2024-04-15,ATM_004,Suburban,10378.011871640383
2024-04-15,ATM_005,Rural,8467.841387106046
2024-04-15,ATM_006,Urban,8416.330807769844
2024-04-15,ATM_007,Urban,6726.363584652177
2024-04-15,ATM_008,Rural,7874.628127190551
2024-04-15,ATM_009,Rural,7851.955045246634
2024-04-15,ATM_010,Suburban,7891.721884994613
2024-04-15,ATM_011,Rural,3445.5215042208274
2024-04-15,ATM_012,Urban,10684.387878810565
2024-04-15,ATM_013,Rural,8556.189657769053
2024-04-15,ATM_014,Suburban,7825.955142527797
2024-04-15,ATM_015,Suburban,8517.346097815513
2024-04-15,ATM_016,Rural,6635.036217380932
2024-04-15,ATM_017,Suburban,6112.4247447747275
2024-04-15,ATM_018,Urban,6979.22506979774
2024-04-15,ATM_019,Urban,5802.405197874284
2024-04-15,ATM_020,Rural,3154.093300726544
2024-04-16,ATM_001,Urban,7774.85718289102
2024-04-16,ATM_002,Rural,4612.188752796101
2024-04-16,ATM_003,Suburban,8305.263935556064
2024-04-16,ATM_004,Suburban,9011.445405485783
2024-04-16,ATM_005,Rural,5961.81214509136
2024-04-16,ATM_006,Urban,12183.09056078435
2024-04-16,ATM_007,Urban,5392.44098711271
2024-04-16,ATM_008,Rural,4115.321684622691
2024-04-16,ATM_009,Rural,3457.767235668964
2024-04-16,ATM_010,Suburban,9489.940984515568
2024-04-16,ATM_011,Rural,5216.457040934343
2024-04-16,ATM_012,Urban,9344.666751278151
2024-04-16,ATM_013,Rural,6710.519601498237
2024-04-16,ATM_014,Suburban,7222.982581210117
2024-04-16,ATM_015,Suburban,6468.460151385187
2024-04-16,ATM_016,Rural,3621.637525530336
2024-04-16,ATM_017,Suburban,8133.795466090753
2024-04-16,ATM_018,Urban,11831.783303241134
2024-04-16,ATM_019,Urban,9033.293169683715
2024-04-16,ATM_020,Rural,3358.1167707277
2024-04-17,ATM_001,Urban,10990.318917410134
2024-04-17,ATM_002,Rural,4463.43367803933
2024-04-17,ATM_003,Suburban,8247.876138781081
2024-04-17,ATM_004,Suburban,9313.533091827901
2024-04-17,ATM_005,Rural,5947.679662527604
2024-04-17,ATM_006,Urban,7514.338937426096
2024-04-17,ATM_007,Urban,8832.524515229792
2024-04-17,ATM_008,Rural,3005.05464431222
2024-04-17,ATM_009,Rural,7073.989753731054
2024-04-17,ATM_010,Suburban,6754.867089104273
2024-04-17,ATM_011,Rural,7108.910729365416
2024-04-17,ATM_012,Urban,11884.527172585376
2024-04-17,ATM_013,Rural,8243.885110286896
2024-04-17,ATM_014,Suburban,6428.699949294448
2024-04-17,ATM_015,Suburban,9138.576994647095
2024-04-17,ATM_016,Rural,3631.9069795183204
2024-04-17,ATM_017,Suburban,8484.714145197167
2024-04-17,ATM_018,Urban,10554.856319721726
2024-04-17,ATM_019,Urban,5543.9886402017255
2024-04-17,ATM_020,Rural,7267.812029187951
2024-04-18,ATM_001,Urban,6313.374505199008
2024-04-18,ATM_002,Rural,7149.07950010878
2024-04-18,ATM_003,Suburban,8869.428166114567
2024-04-18,ATM_004,Suburban,5386.39150859754
2024-04-18,ATM_005,Rural,3858.124788050191
2024-04-18,ATM_006,Urban,10436.109396559577
2024-04-18,ATM_007,Urban,8756.237942968084
2024-04-18,ATM_008,Rural,5376.603112276388
2024-04-18,ATM_009,Rural,7106.098487812364
2024-04-18,ATM_010,Suburban,10239.579982675843
2024-04-18,ATM_011,Rural,4182.376756543141
2024-04-18,ATM_012,Urban,8395.685408732072
2024-04-18,ATM_013,Rural,7664.820698285478
2024-04-18,ATM_014,Suburban,7832.570943283603
2024-04-18,ATM_015,Suburban,7885.264958370909
2024-04-18,ATM_016,Rural,4764.414701638278
2024-04-18,ATM_017,Suburban,8779.80701755754
2024-04-18,ATM_018,Urban,5417.405139598038
2024-04-18,ATM_019,Urban,10731.763213910332
2024-04-18,ATM_020,Rural,5593.387968618929
2024-04-19,ATM_001,Urban,8771.315808869469
2024-04-19,ATM_002,Rural,6180.727393835901
2024-04-19,ATM_003,Suburban,7098.224878676831
2024-04-19,ATM_004,Suburban,5326.240381155283
2024-04-19,ATM_005,Rural,6907.483725002954
2024-04-19,ATM_006,Urban,7344.123696691934
2024-04-19,ATM_007,Urban,10818.055881925195
2024-04-19,ATM_008,Rural,7356.685670656904
2024-04-19,ATM_009,Rural,7443.259760378207
2024-04-19,ATM_010,Suburban,5519.396013466765
2024-04-19,ATM_011,Rural,7019.199152471392
2024-04-19,ATM_012,Urban,7578.966766276057
2024-04-19,ATM_013,Rural,5326.674180622254
2024-04-19,ATM_014,Suburban,10631.166374634915
2024-04-19,ATM_015,Suburban,7762.073655394177
2024-04-19,ATM_016,Rural,5561.184682664539
2024-04-19,ATM_017,Suburban,5420.7049402852435
2024-04-19,ATM_018,Urban,8284.859049737603
2024-04-19,ATM_019,Urban,8840.749486906165
2024-04-19,ATM_020,Rural,4964.5505579804985
2024-04-20,ATM_001,Urban,12675.545799453745
2024-04-20,ATM_002,Rural,4416.892276439904
2024-04-20,ATM_003,Suburban,9403.289628458544
2024-04-20,ATM_004,Suburban,10777.40522912905
2024-04-20,ATM_005,Rural,7482.170816871498
2024-04-20,ATM_006,Urban,13295.78040653104
2024-04-20,ATM_007,Urban,14045.921429513426
2024-04-20,ATM_008,Rural,7552.56853102871
2024-04-20,ATM_009,Rural,8331.683183702009
2024-04-20,ATM_010,Suburban,9371.144799395042
2024-04-20,ATM_011,Rural,8330.092606594531
2024-04-20,ATM_012,Urban,9285.690991192601
2024-04-20,ATM_013,Rural,4794.9630424269735
2024-04-20,ATM_014,Suburban,11142.225491667456
2024-04-20,ATM_015,Suburban,5432.514514529511
2024-04-20,ATM_016,Rural,5273.530468836155
2024-04-20,ATM_017,Suburban,5290.560867772572
2024-04-20,ATM_018,Urban,8124.492519068293
2024-04-20,ATM_019,Urban,10339.790226147727
2024-04-20,ATM_020,Rural,8439.998301360505
2024-04-21,ATM_001,Urban,8911.903319259043
2024-04-21,ATM_002,Rural,4074.778519185699
2024-04-21,ATM_003,Suburban,11050.529866608991
2024-04-21,ATM_004,Suburban,8368.8541101077
2024-04-21,ATM_005,Rural,7086.762755503121
2024-04-21,ATM_006,Urban,12009.703673207649
2024-04-21,ATM_007,Urban,10479.160560401175
2024-04-21,ATM_008,Rural,9874.85573098978
2024-04-21,ATM_009,Rural,3761.1081573149077
2024-04-21,ATM_010,Suburban,9148.33023506273
2024-04-21,ATM_011,Rural,7301.0180500924325
2024-04-21,ATM_012,Urban,8231.761331944575
2024-04-21,ATM_013,Rural,7017.727785137556
2024-04-21,ATM_014,Suburban,6376.120384427197
2024-04-21,ATM_015,Suburban,10505.589844929422
2024-04-21,ATM_016,Rural,6076.654422246466
2024-04-21,ATM_017,Suburban,7669.494150104305
2024-04-21,ATM_018,Urban,11599.747536082532
2024-04-21,ATM_019,Urban,7027.731306231035
2024-04-21,ATM_020,Rural,4675.764513630531
2024-04-22,ATM_001,Urban,10920.387955569662
2024-04-22,ATM_002,Rural,6000.2860341741825
2024-04-22,ATM_003,Suburban,10519.134170347832
2024-04-22,ATM_004,Suburban,7329.645460806565
2024-04-22,ATM_005,Rural,4078.1745255032847
2024-04-22,ATM_006,Urban,5348.290615337362
2024-04-22,ATM_007,Urban,7240.274746774143
2024-04-22,ATM_008,Rural,4434.708960527681
2024-04-22,ATM_009,Rural,4592.845476794884
2024-04-22,ATM_010,Suburban,6399.197628992511
2024-04-22,ATM_011,Rural,4523.98301720088
2024-04-22,ATM_012,Urban,9182.078736385567
2024-04-22,ATM_013,Rural,4073.1224192199284
2024-04-22,ATM_014,Suburban,10170.757462311756
2024-04-22,ATM_015,Suburban,6397.039610237862
2024-04-22,ATM_016,Rural,5768.243977602214
2024-04-22,ATM_017,Suburban,4778.678596456192
2024-04-22,ATM_018,Urban,7255.987643533112
2024-04-22,ATM_019,Urban,9011.389028073681
2024-04-22,ATM_020,Rural,4447.1151973736705
2024-04-23,ATM_001,Urban,5889.613888282925
2024-04-23,ATM_002,Rural,7502.083223880482
2024-04-23,ATM_003,Suburban,8709.866464327633
2024-04-23,ATM_004,Suburban,5326.050677109842
2024-04-23,ATM_005,Rural,4762.299587548053
2024-04-23,ATM_006,Urban,10887.211932935084
2024-04-23,ATM_007,Urban,7148.651183999095
2024-04-23,ATM_008,Rural,4670.2713871903825
2024-04-23,ATM_009,Rural,8207.976894230862
2024-04-23,ATM_010,Suburban,5659.063579875491
2024-04-23,ATM_011,Rural,4887.566419577293
2024-04-23,ATM_012,Urban,9163.67068249437
2024-04-23,ATM_013,Rural,3521.0410119737076
2024-04-23,ATM_014,Suburban,8546.616703710537
2024-04-23,ATM_015,Suburban,8537.544996107392
2024-04-23,ATM_016,Rural,2959.1221840288335
2024-04-23,ATM_017,Suburban,8650.204777109395
2024-04-23,ATM_018,Urban,9197.944152846434
2024-04-23,ATM_019,Urban,5650.76233042789
2024-04-23,ATM_020,Rural,3727.579579506158
2024-04-24,ATM_001,Urban,6463.2481631479
2024-04-24,ATM_002,Rural,3952.7007563356196
2024-04-24,ATM_003,Suburban,7994.828408254769
2024-04-24,ATM_004,Suburban,5478.109183943649
2024-04-24,ATM_005,Rural,3781.6727407157186
2024-04-24,ATM_006,Urban,9918.076890498742
2024-04-24,ATM_007,Urban,5280.535751224991
2024-04-24,ATM_008,Rural,4280.047571074501
2024-04-24,ATM_009,Rural,7287.0256830317485
2024-04-24,ATM_010,Suburban,8384.757039503584
2024-04-24,ATM_011,Rural,5554.548763410568
2024-04-24,ATM_012,Urban,10621.850195298983
2024-04-24,ATM_013,Rural,5574.710165986652
2024-04-24,ATM_014,Suburban,10784.671050948471
2024-04-24,ATM_015,Suburban,6933.0118299781
2024-04-24,ATM_016,Rural,3444.004729340006
2024-04-24,ATM_017,Suburban,7535.296560080779
2024-04-24,ATM_018,Urban,9183.733468225993
2024-04-24,ATM_019,Urban,9523.049262628036
2024-04-24,ATM_020,Rural,6982.031479366406
2024-04-25,ATM_001,Urban,8277.12768459498
2024-04-25,ATM_002,Rural,6758.246071510922
2024-04-25,ATM_003,Suburban,5021.9903148996045
2024-04-25,ATM_004,Suburban,8930.060899003493
2024-04-25,ATM_005,Rural,7605.405165583497
2024-04-25,ATM_006,Urban,12071.648330001044
2024-04-25,ATM_007,Urban,11804.199146292834
2024-04-25,ATM_008,Rural,3819.6706505468724
2024-04-25,ATM_009,Rural,3734.3746842775336
2024-04-25,ATM_010,Suburban,7059.139713179853
2024-04-25,ATM_011,Rural,4526.92951943519
2024-04-25,ATM_012,Urban,6763.024301776301
2024-04-25,ATM_013,Rural,4759.926035248117
2024-04-25,ATM_014,Suburban,6773.641139233162
2024-04-25,ATM_015,Suburban,9056.075827148825
2024-04-25,ATM_016,Rural,6916.805923562624
2024-04-25,ATM_017,Suburban,6597.412563909693
2024-04-25,ATM_018,Urban,9168.685084976594
2024-04-25,ATM_019,Urban,11299.760700741064
2024-04-25,ATM_020,Rural,8027.545968889214
2024-04-26,ATM_001,Urban,8467.340636892717
2024-04-26,ATM_002,Rural,3064.1807687336754
2024-04-26,ATM_003,Suburban,5029.066995147436
2024-04-26,ATM_004,Suburban,7955.996347751217
2024-04-26,ATM_005,Rural,5297.662125479747
2024-04-26,ATM_006,Urban,8686.959532660167
2024-04-26,ATM_007,Urban,6989.529456193799
2024-04-26,ATM_008,Rural,3242.038662901761
2024-04-26,ATM_009,Rural,9101.879804027916
2024-04-26,ATM_010,Suburban,8179.763756875351
2024-04-26,ATM_011,Rural,5941.249151381194
2024-04-26,ATM_012,Urban,10737.529555590814
2024-04-26,ATM_013,Rural,3967.2541155393246
2024-04-26,ATM_014,Suburban,9722.550072011205
2024-04-26,ATM_015,Suburban,5221.516979958038
2024-04-26,ATM_016,Rural,5734.701090543738
2024-04-26,ATM_017,Suburban,6149.63138015647
2024-04-26,ATM_018,Urban,8941.578919977552
2024-04-26,ATM_019,Urban,8917.45181740365
2024-04-26,ATM_020,Rural,7093.534037267358
2024-04-27,ATM_001,Urban,7077.745798390624
2024-04-27,ATM_002,Rural,7483.114042417831
2024-04-27,ATM_003,Suburban,7157.06850177173
2024-04-27,ATM_004,Suburban,6797.6832431043795
2024-04-27,ATM_005,Rural,5539.7455129553255
2024-04-27,ATM_006,Urban,11134.776248634007
2024-04-27,ATM_007,Urban,8435.112120494705
2024-04-27,ATM_008,Rural,5215.644087996013
2024-04-27,ATM_009,Rural,7901.401799791798
2024-04-27,ATM_010,Suburban,6902.812398201917
2024-04-27,ATM_011,Rural,7637.5920961753045
2024-04-27,ATM_012,Urban,11809.384357511835
2024-04-27,ATM_013,Rural,6711.805392994328
2024-04-27,ATM_014,Suburban,13062.649183276066
2024-04-27,ATM_015,Suburban,6254.755463821881
2024-04-27,ATM_016,Rural,8772.933042667004
2024-04-27,ATM_017,Suburban,10148.738530978138
2024-04-27,ATM_018,Urban,13280.557794922115
2024-04-27,ATM_019,Urban,10881.399034693337
2024-04-27,ATM_020,Rural,7729.824090557501
2024-04-28,ATM_001,Urban,12106.467758296765
2024-04-28,ATM_002,Rural,6715.226595724207
2024-04-28,ATM_003,Suburban,12537.80345119696
2024-04-28,ATM_004,Suburban,7850.9032183161235
2024-04-28,ATM_005,Rural,7635.2866139297785
2024-04-28,ATM_006,Urban,13438.24989601871
2024-04-28,ATM_007,Urban,8471.424510469893
2024-04-28,ATM_008,Rural,4897.627047472504
2024-04-28,ATM_009,Rural,6831.0779789776125
2024-04-28,ATM_010,Suburban,5517.6736624990335
2024-04-28,ATM_011,Rural,7928.557601042264
2024-04-28,ATM_012,Urban,8585.716789571548
2024-04-28,ATM_013,Rural,6439.806355873001
2024-04-28,ATM_014,Suburban,11260.760034670562
2024-04-28,ATM_015,Suburban,11600.831251846805
2024-04-28,ATM_016,Rural,8082.006973866107
2024-04-28,ATM_017,Suburban,8743.444216206908
2024-04-28,ATM_018,Urban,13516.955223977815
2024-04-28,ATM_019,Urban,10951.87495432531
2024-04-28,ATM_020,Rural,7403.891485482421
2024-04-29,ATM_001,Urban,6684.506121807633
2024-04-29,ATM_002,Rural,3634.1912581963725
2024-04-29,ATM_003,Suburban,6916.49289302749
2024-04-29,ATM_004,Suburban,9350.266976387296
2024-04-29,ATM_005,Rural,5037.567893418318
2024-04-29,ATM_006,Urban,6599.513252219231
2024-04-29,ATM_007,Urban,11092.574231209217
2024-04-29,ATM_008,Rural,8455.770841998372
2024-04-29,ATM_009,Rural,4666.045304802316
2024-04-29,ATM_010,Suburban,7775.414911865301
2024-04-29,ATM_011,Rural,5786.675793243724
2024-04-29,ATM_012,Urban,7076.956224332577
2024-04-29,ATM_013,Rural,4675.110733047896
2024-04-29,ATM_014,Suburban,5732.723171466234
2024-04-29,ATM_015,Suburban,6347.125768843867
2024-04-29,ATM_016,Rural,6130.605334147187
2024-04-29,ATM_017,Suburban,5094.821502762238
2024-04-29,ATM_018,Urban,8506.777697721798
2024-04-29,ATM_019,Urban,6807.998563417461
2024-04-29,ATM_020,Rural,6777.369889567765
2024-04-30,ATM_001,Urban,7749.872636287603
2024-04-30,ATM_002,Rural,9371.098508325513
2024-04-30,ATM_003,Suburban,7971.502995106278
2024-04-30,ATM_004,Suburban,9413.013689503357
2024-04-30,ATM_005,Rural,4694.37740519844
2024-04-30,ATM_006,Urban,14261.083817484474
2024-04-30,ATM_007,Urban,15190.738017314256
2024-04-30,ATM_008,Rural,5409.490427720839
2024-04-30,ATM_009,Rural,4460.480235991384
2024-04-30,ATM_010,Suburban,8010.539117347041
2024-04-30,ATM_011,Rural,7542.24689573289
2024-04-30,ATM_012,Urban,9807.644062888041
2024-04-30,ATM_013,Rural,7160.585515465495
2024-04-30,ATM_014,Suburban,7997.699573729304
2024-04-30,ATM_015,Suburban,8325.680547548745
2024-04-30,ATM_016,Rural,9555.042679268397
2024-04-30,ATM_017,Suburban,10511.643212053403
2024-04-30,ATM_018,Urban,12262.19003273278
2024-04-30,ATM_019,Urban,12936.12498243507
2024-04-30,ATM_020,Rural,6679.006058373064
2024-05-01,ATM_001,Urban,10500.347087476493
2024-05-01,ATM_002,Rural,6530.285825660459
2024-05-01,ATM_003,Suburban,7200.5335380295355
2024-05-01,ATM_004,Suburban,8317.50909590175
2024-05-01,ATM_005,Rural,7077.620463374195
2024-05-01,ATM_006,Urban,8944.62264955165
2024-05-01,ATM_007,Urban,8542.154179980018
2024-05-01,ATM_008,Rural,7173.357063250431
2024-05-01,ATM_009,Rural,4006.8696365347364
2024-05-01,ATM_010,Suburban,6284.131963801185
2024-05-01,ATM_011,Rural,3628.919059333453
2024-05-01,ATM_012,Urban,10243.80327893241
2024-05-01,ATM_013,Rural,3906.4263367725734
2024-05-01,ATM_014,Suburban,6447.311253244756
2024-05-01,ATM_015,Suburban,4284.881945342458
2024-05-01,ATM_016,Rural,5323.548595251269
2024-05-01,ATM_017,Suburban,8194.21142582448
2024-05-01,ATM_018,Urban,10062.800970486724
2024-05-01,ATM_019,Urban,8030.183806754081
2024-05-01,ATM_020,Rural,7915.452655982721
2024-05-02,ATM_001,Urban,10866.927434064264
2024-05-02,ATM_002,Rural,6684.10975687244
2024-05-02,ATM_003,Suburban,5768.686815429739
2024-05-02,ATM_004,Suburban,8220.593840913887
2024-05-02,ATM_005,Rural,4351.134907305031
2024-05-02,ATM_006,Urban,9427.48722617469
2024-05-02,ATM_007,Urban,9586.135500681308
2024-05-02,ATM_008,Rural,5683.103375834651
2024-05-02,ATM_009,Rural,3462.215094861111
2024-05-02,ATM_010,Suburban,5139.6171165491005
2024-05-02,ATM_011,Rural,4326.212402899126
2024-05-02,ATM_012,Urban,10169.762989686416
2024-05-02,ATM_013,Rural,7792.95750937711
2024-05-02,ATM_014,Suburban,9492.945342468165
2024-05-02,ATM_015,Suburban,9018.541088406526
2024-05-02,ATM_016,Rural,5825.572192340655
2024-05-02,ATM_017,Suburban,7008.732417178992
2024-05-02,ATM_018,Urban,7517.039875377133
2024-05-02,ATM_019,Urban,10140.254618835506
2024-05-02,ATM_020,Rural,2704.498780689322
2024-05-03,ATM_001,Urban,5044.821469648399
2024-05-03,ATM_002,Rural,6683.479865014053
2024-05-03,ATM_003,Suburban,3693.990860522179
2024-05-03,ATM_004,Suburban,10274.148315406008
2024-05-03,ATM_005,Rural,4876.804195589411
2024-05-03,ATM_006,Urban,10122.93142212348
2024-05-03,ATM_007,Urban,7001.071390854693
2024-05-03,ATM_008,Rural,6796.505304363506
2024-05-03,ATM_009,Rural,4243.964709873426
2024-05-03,ATM_010,Suburban,4055.1345838656725
2024-05-03,ATM_011,Rural,5328.778323413421
2024-05-03,ATM_012,Urban,10663.619640164192
2024-05-03,ATM_013,Rural,6934.2121354277315
2024-05-03,ATM_014,Suburban,8126.301703724824
2024-05-03,ATM_015,Suburban,7798.953432063853
2024-05-03,ATM_016,Rural,5193.899690788486
2024-05-03,ATM_017,Suburban,5634.617030542929
2024-05-03,ATM_018,Urban,10356.618306499171
2024-05-03,ATM_019,Urban,11438.514041791728
2024-05-03,ATM_020,Rural,6738.68082423458
2024-05-04,ATM_001,Urban,12871.817123897432
2024-05-04,ATM_002,Rural,7577.1454983464255
2024-05-04,ATM_003,Suburban,10380.964873816842
2024-05-04,ATM_004,Suburban,11260.635100436088
2024-05-04,ATM_005,Rural,4186.737508297653
2024-05-04,ATM_006,Urban,12574.284756369088
2024-05-04,ATM_007,Urban,7888.728220394993
2024-05-04,ATM_008,Rural,7829.556323444506
2024-05-04,ATM_009,Rural,7312.401223608089
2024-05-04,ATM_010,Suburban,8008.965714357799
2024-05-04,ATM_011,Rural,6077.628166727966
2024-05-04,ATM_012,Urban,8605.92673748628
2024-05-04,ATM_013,Rural,9317.441340261672
2024-05-04,ATM_014,Suburban,7530.048964200724
2024-05-04,ATM_015,Suburban,11215.118665375121
2024-05-04,ATM_016,Rural,6373.969092257045
2024-05-04,ATM_017,Suburban,8197.433976278733
2024-05-04,ATM_018,Urban,12282.765987937077
2024-05-04,ATM_019,Urban,12673.854944031897
2024-05-04,ATM_020,Rural,5776.957243934298
2024-05-05,ATM_001,Urban,10364.007392986243
2024-05-05,ATM_002,Rural,3543.2971464512384
2024-05-05,ATM_003,Suburban,7221.406147759545
2024-05-05,ATM_004,Suburban,9806.02122479945
2024-05-05,ATM_005,Rural,7227.17119064992
2024-05-05,ATM_006,Urban,11500.286420160492
2024-05-05,ATM_007,Urban,7169.646132924154
2024-05-05,ATM_008,Rural,3503.237827063289
2024-05-05,ATM_009,Rural,5540.904644005474
2024-05-05,ATM_010,Suburban,10631.436480123044
2024-05-05,ATM_011,Rural,7243.867768283532
2024-05-05,ATM_012,Urban,9244.244742208239
2024-05-05,ATM_013,Rural,6111.994598855244
2024-05-05,ATM_014,Suburban,11098.909024313329
2024-05-05,ATM_015,Suburban,11446.066339663897
2024-05-05,ATM_016,Rural,4777.937866470793
2024-05-05,ATM_017,Suburban,8463.677608833397
2024-05-05,ATM_018,Urban,10614.597160194246
2024-05-05,ATM_019,Urban,12110.504951597748
2024-05-05,ATM_020,Rural,6252.887620830066
2024-05-06,ATM_001,Urban,7522.532213656917
2024-05-06,ATM_002,Rural,7246.5719608664385
2024-05-06,ATM_003,Suburban,4819.846338054246
2024-05-06,ATM_004,Suburban,5444.035640356266
2024-05-06,ATM_005,Rural,5382.467467222684
2024-05-06,ATM_006,Urban,8037.214742384884
2024-05-06,ATM_007,Urban,5453.744065072676
2024-05-06,ATM_008,Rural,7190.110869198248
2024-05-06,ATM_009,Rural,3775.3616575815777
2024-05-06,ATM_010,Suburban,8398.92012014803
2024-05-06,ATM_011,Rural,5522.066020018948
2024-05-06,ATM_012,Urban,7055.07004694739
2024-05-06,ATM_013,Rural,7904.287926624011
2024-05-06,ATM_014,Suburban,5755.300436140066
2024-05-06,ATM_015,Suburban,6403.640042920956
2024-05-06,ATM_016,Rural,5082.660652292406
2024-05-06,ATM_017,Suburban,6341.975452178723
2024-05-06,ATM_018,Urban,6677.429010739587
2024-05-06,ATM_019,Urban,7355.492136189155
2024-05-06,ATM_020,Rural,5925.9466418555
2024-05-07,ATM_001,Urban,10916.014196084645
2024-05-07,ATM_002,Rural,5872.801338778144
2024-05-07,ATM_003,Suburban,5527.374799279492
2024-05-07,ATM_004,Suburban,8902.565486673137
2024-05-07,ATM_005,Rural,6894.541925638832
2024-05-07,ATM_006,Urban,8843.518956037893
2024-05-07,ATM_007,Urban,10267.010067766028
2024-05-07,ATM_008,Rural,4813.836236114612
2024-05-07,ATM_009,Rural,2264.7235766998856
2024-05-07,ATM_010,Suburban,8632.008827849893
2024-05-07,ATM_011,Rural,7196.584758816637
2024-05-07,ATM_012,Urban,9009.402933973046
2024-05-07,ATM_013,Rural,6564.767043133418
2024-05-07,ATM_014,Suburban,6040.890598283823
2024-05-07,ATM_015,Suburban,5672.768196592606
2024-05-07,ATM_016,Rural,3195.668389539465
2024-05-07,ATM_017,Suburban,9685.171066681249
2024-05-07,ATM_018,Urban,7334.108242572101
2024-05-07,ATM_019,Urban,8576.724563305354
2024-05-07,ATM_020,Rural,6278.063511561582
2024-05-08,ATM_001,Urban,9840.28426959408
2024-05-08,ATM_002,Rural,4131.04007209658
2024-05-08,ATM_003,Suburban,5980.177272912162
2024-05-08,ATM_004,Suburban,9159.375415030612
2024-05-08,ATM_005,Rural,6696.803891844153
2024-05-08,ATM_006,Urban,9576.196409991364
2024-05-08,ATM_007,Urban,12129.885818429499
2024-05-08,ATM_008,Rural,6401.589941497754
2024-05-08,ATM_009,Rural,3270.8955776710804
2024-05-08,ATM_010,Suburban,8134.5689781211295
2024-05-08,ATM_011,Rural,6248.728372833386
2024-05-08,ATM_012,Urban,8306.42610251354
2024-05-08,ATM_013,Rural,3068.755142805258
2024-05-08,ATM_014,Suburban,4906.89518806833
2024-05-08,ATM_015,Suburban,6285.331382047718
2024-05-08,ATM_016,Rural,7827.883929950346
2024-05-08,ATM_017,Suburban,6396.636542443128
2024-05-08,ATM_018,Urban,11718.404126191579
2024-05-08,ATM_019,Urban,12079.849887437715
2024-05-08,ATM_020,Rural,6673.601998185084
2024-05-09,ATM_001,Urban,7663.551626038309
2024-05-09,ATM_002,Rural,5812.101030236646
2024-05-09,ATM_003,Suburban,10080.403501076675
2024-05-09,ATM_004,Suburban,7907.948743209741
2024-05-09,ATM_005,Rural,6481.807444423555
2024-05-09,ATM_006,Urban,9632.33404016615
2024-05-09,ATM_007,Urban,10409.555466180253
2024-05-09,ATM_008,Rural,6729.877103703439
2024-05-09,ATM_009,Rural,4911.336516100075
2024-05-09,ATM_010,Suburban,5322.013882234246
2024-05-09,ATM_011,Rural,6452.024901202432
2024-05-09,ATM_012,Urban,9526.765906417271
2024-05-09,ATM_013,Rural,2896.9635625124
2024-05-09,ATM_014,Suburban,10045.96427117871
2024-05-09,ATM_015,Suburban,6782.736697958295
2024-05-09,ATM_016,Rural,7305.102537079963
2024-05-09,ATM_017,Suburban,5907.5723967791
2024-05-09,ATM_018,Urban,10337.195347264402
2024-05-09,ATM_019,Urban,9694.409702605779
2024-05-09,ATM_020,Rural,5641.099813185795
2024-05-10,ATM_001,Urban,10530.89454570663
2024-05-10,ATM_002,Rural,5593.566898268389
2024-05-10,ATM_003,Suburban,5206.703834018321
2024-05-10,ATM_004,Suburban,6313.812478963085
2024-05-10,ATM_005,Rural,6145.148607993238
2024-05-10,ATM_006,Urban,11201.404678847333
2024-05-10,ATM_007,Urban,10074.847039827493
2024-05-10,ATM_008,Rural,6837.881193115716
2024-05-10,ATM_009,Rural,4683.729927635461
2024-05-10,ATM_010,Suburban,7112.105852204483
2024-05-10,ATM_011,Rural,4623.612097724294
2024-05-10,ATM_012,Urban,7661.645706890842
2024-05-10,ATM_013,Rural,7430.477013156708
2024-05-10,ATM_014,Suburban,9166.511443294365
2024-05-10,ATM_015,Suburban,8511.698487062102
2024-05-10,ATM_016,Rural,3537.0349305257396
2024-05-10,ATM_017,Suburban,10609.689164348867
2024-05-10,ATM_018,Urban,8715.256279065112
2024-05-10,ATM_019,Urban,10421.027963848906
2024-05-10,ATM_020,Rural,3215.777802682755
2024-05-11,ATM_001,Urban,12158.547663692761
2024-05-11,ATM_002,Rural,8876.92231584848
2024-05-11,ATM_003,Suburban,6882.167652847849
2024-05-11,ATM_004,Suburban,10203.186214321857
2024-05-11,ATM_005,Rural,9410.695545562756
2024-05-11,ATM_006,Urban,12192.512826311375
2024-05-11,ATM_007,Urban,12962.710824685077
2024-05-11,ATM_008,Rural,7940.822731392989
2024-05-11,ATM_009,Rural,8139.790864686168
2024-05-11,ATM_010,Suburban,5854.708171379337
2024-05-11,ATM_011,Rural,3908.7229800094497
2024-05-11,ATM_012,Urban,13488.189999012222
2024-05-11,ATM_013,Rural,8008.311909296248
2024-05-11,ATM_014,Suburban,13329.710862060574
2024-05-11,ATM_015,Suburban,11336.38186343168
2024-05-11,ATM_016,Rural,4716.634496336271
2024-05-11,ATM_017,Suburban,11453.980157562866
2024-05-11,ATM_018,Urban,14486.10379193007
2024-05-11,ATM_019,Urban,9647.453249247008
2024-05-11,ATM_020,Rural,7459.859293799122
2024-05-12,ATM_001,Urban,7461.4110086322935
2024-05-12,ATM_002,Rural,6104.785180339841
2024-05-12,ATM_003,Suburban,7930.941771355788
2024-05-12,ATM_004,Suburban,10053.049546945445
2024-05-12,ATM_005,Rural,4350.29922156045
2024-05-12,ATM_006,Urban,11794.623511394262
2024-05-12,ATM_007,Urban,12390.749171390407
2024-05-12,ATM_008,Rural,5373.414294876209
2024-05-12,ATM_009,Rural,7841.430629824844
2024-05-12,ATM_010,Suburban,7702.395734259754
2024-05-12,ATM_011,Rural,8525.739533000427
2024-05-12,ATM_012,Urban,6896.277952015761
2024-05-12,ATM_013,Rural,9625.968808506164
2024-05-12,ATM_014,Suburban,6744.354810805903
2024-05-12,ATM_015,Suburban,5228.142609226505
2024-05-12,ATM_016,Rural,5675.121875605886
2024-05-12,ATM_017,Suburban,9373.197734196829
2024-05-12,ATM_018,Urban,11562.807253452478
2024-05-12,ATM_019,Urban,14362.648432353633
2024-05-12,ATM_020,Rural,9829.118458281684
2024-05-13,ATM_001,Urban,12150.156592750116
2024-05-13,ATM_002,Rural,6571.370237113381
2024-05-13,ATM_003,Suburban,4464.2548595863855
2024-05-13,ATM_004,Suburban,9352.244081754232
2024-05-13,ATM_005,Rural,3813.003057251376
2024-05-13,ATM_006,Urban,11045.950192799604
2024-05-13,ATM_007,Urban,7162.365472007303
2024-05-13,ATM_008,Rural,4022.97038962473
2024-05-13,ATM_009,Rural,2965.0407025760087
2024-05-13,ATM_010,Suburban,6894.596504400226
2024-05-13,ATM_011,Rural,2896.2436758452914
2024-05-13,ATM_012,Urban,10010.390135619604
2024-05-13,ATM_013,Rural,6312.57245006419
2024-05-13,ATM_014,Suburban,7230.498207464641
2024-05-13,ATM_015,Suburban,8832.288150791925
2024-05-13,ATM_016,Rural,7897.867355183958
2024-05-13,ATM_017,Suburban,8402.113700439715
2024-05-13,ATM_018,Urban,11989.893331351393
2024-05-13,ATM_019,Urban,8493.774669891855
2024-05-13,ATM_020,Rural,5088.245207833269
2024-05-14,ATM_001,Urban,10398.037888287963
2024-05-14,ATM_002,Rural,6294.731119207485
2024-05-14,ATM_003,Suburban,4683.8823956799515
2024-05-14,ATM_004,Suburban,9376.17792248877
2024-05-14,ATM_005,Rural,4811.384366051821
2024-05-14,ATM_006,Urban,5995.548235894414
2024-05-14,ATM_007,Urban,6614.126588440511
2024-05-14,ATM_008,Rural,5458.340962218663
2024-05-14,ATM_009,Rural,3334.0788817881366
2024-05-14,ATM_010,Suburban,8106.093396728015
2024-05-14,ATM_011,Rural,6912.264229240531
2024-05-14,ATM_012,Urban,13020.214753449296
2024-05-14,ATM_013,Rural,4971.327131456359
2024-05-14,ATM_014,Suburban,9655.184841353279
2024-05-14,ATM_015,Suburban,6531.495634443365
2024-05-14,ATM_016,Rural,4424.875501616245
2024-05-14,ATM_017,Suburban,8776.964803631217
2024-05-14,ATM_018,Urban,11908.812271308056
2024-05-14,ATM_019,Urban,8592.141494078269
2024-05-14,ATM_020,Rural,3587.3383358512983
2024-05-15,ATM_001,Urban,5395.153117867947
2024-05-15,ATM_002,Rural,6569.322922272844
2024-05-15,ATM_003,Suburban,7104.205932652961
2024-05-15,ATM_004,Suburban,7215.753622755628
2024-05-15,ATM_005,Rural,4534.666087386467
2024-05-15,ATM_006,Urban,7584.799590832723
2024-05-15,ATM_007,Urban,12626.117626195866
2024-05-15,ATM_008,Rural,4943.535078044181
2024-05-15,ATM_009,Rural,5196.29448431852
2024-05-15,ATM_010,Suburban,7675.1909503653915
2024-05-15,ATM_011,Rural,5401.041906560689
2024-05-15,ATM_012,Urban,10494.625450839352
2024-05-15,ATM_013,Rural,6552.114466999727
2024-05-15,ATM_014,Suburban,9765.962456825897
2024-05-15,ATM_015,Suburban,9569.796931153363
2024-05-15,ATM_016,Rural,3619.5600384485588
2024-05-15,ATM_017,Suburban,10145.451687157747
2024-05-15,ATM_018,Urban,11018.973982906831
2024-05-15,ATM_019,Urban,6561.1213008765035
2024-05-15,ATM_020,Rural,4531.313144768451
2024-05-16,ATM_001,Urban,11162.768863314825
2024-05-16,ATM_002,Rural,3340.9434675207112
2024-05-16,ATM_003,Suburban,6299.125551864167
2024-05-16,ATM_004,Suburban,11322.25871265803
2024-05-16,ATM_005,Rural,4251.860618581831
2024-05-16,ATM_006,Urban,10924.096529069579
2024-05-16,ATM_007,Urban,9512.698165904534
2024-05-16,ATM_008,Rural,6351.351506020317
2024-05-16,ATM_009,Rural,4983.348516716197
2024-05-16,ATM_010,Suburban,7861.40160899868
2024-05-16,ATM_011,Rural,6923.768148500207
2024-05-16,ATM_012,Urban,11385.69676378877
2024-05-16,ATM_013,Rural,5542.539599307519
2024-05-16,ATM_014,Suburban,6181.557302251283
2024-05-16,ATM_015,Suburban,9264.39127694183
2024-05-16,ATM_016,Rural,3242.1507695911896
2024-05-16,ATM_017,Suburban,8233.436206119026
2024-05-16,ATM_018,Urban,8519.584516828547
2024-05-16,ATM_019,Urban,11698.793098852291
2024-05-16,ATM_020,Rural,5028.143398700029
2024-05-17,ATM_001,Urban,8170.675482744367
2024-05-17,ATM_002,Rural,3732.545557288111
2024-05-17,ATM_003,Suburban,8503.704964715409
2024-05-17,ATM_004,Suburban,7558.386270873749
2024-05-17,ATM_005,Rural,3437.8277378586954
2024-05-17,ATM_006,Urban,7394.3178406020015
2024-05-17,ATM_007,Urban,7662.6882044569375
2024-05-17,ATM_008,Rural,7577.311230638906
2024-05-17,ATM_009,Rural,7151.670865421479
2024-05-17,ATM_010,Suburban,5800.785092049176
2024-05-17,ATM_011,Rural,6725.725848134941
2024-05-17,ATM_012,Urban,6872.137685675467
2024-05-17,ATM_013,Rural,7493.036073013307
2024-05-17,ATM_014,Suburban,4979.812261751671
2024-05-17,ATM_015,Suburban,9012.298079132031
2024-05-17,ATM_016,Rural,4461.244074115668
2024-05-17,ATM_017,Suburban,9912.001656912855
2024-05-17,ATM_018,Urban,7742.839806437344
2024-05-17,ATM_019,Urban,8941.747297045256
2024-05-17,ATM_020,Rural,2592.209125728501
2024-05-18,ATM_001,Urban,9572.398237279376
2024-05-18,ATM_002,Rural,7482.239699505079
2024-05-18,ATM_003,Suburban,6747.048425595735
2024-05-18,ATM_004,Suburban,7150.714290370478
2024-05-18,ATM_005,Rural,4354.923292634926
2024-05-18,ATM_006,Urban,12738.279735279659
2024-05-18,ATM_007,Urban,9639.776684638338
2024-05-18,ATM_008,Rural,7616.381943771574
2024-05-18,ATM_009,Rural,7547.056025563316
2024-05-18,ATM_010,Suburban,9454.1306761967
2024-05-18,ATM_011,Rural,7306.742248967546
2024-05-18,ATM_012,Urban,8975.987215943824
2024-05-18,ATM_013,Rural,5784.8741532521035
2024-05-18,ATM_014,Suburban,9527.854993070963
2024-05-18,ATM_015,Suburban,8055.368264553757
2024-05-18,ATM_016,Rural,3243.8987297773815
2024-05-18,ATM_017,Suburban,9884.694678173479
2024-05-18,ATM_018,Urban,12347.482855272974
2024-05-18,ATM_019,Urban,12703.773116224207
2024-05-18,ATM_020,Rural,4380.5458889328365
2024-05-19,ATM_001,Urban,11210.308783895463
2024-05-19,ATM_002,Rural,4924.264684900651
2024-05-19,ATM_003,Suburban,10330.20492332431
2024-05-19,ATM_004,Suburban,11794.795124116808
2024-05-19,ATM_005,Rural,6746.009494003032
2024-05-19,ATM_006,Urban,13047.301374640789
2024-05-19,ATM_007,Urban,12863.170149343841
2024-05-19,ATM_008,Rural,9616.853687846495
2024-05-19,ATM_009,Rural,4471.185669333471
2024-05-19,ATM_010,Suburban,10549.857498384961
2024-05-19,ATM_011,Rural,3901.4521248955625
2024-05-19,ATM_012,Urban,14760.019209770477
2024-05-19,ATM_013,Rural,8516.675711872402
2024-05-19,ATM_014,Suburban,11380.04682728092
2024-05-19,ATM_015,Suburban,9672.808354942343
2024-05-19,ATM_016,Rural,7261.239597190097
2024-05-19,ATM_017,Suburban,7786.945163026025
2024-05-19,ATM_018,Urban,7745.7786998344445
2024-05-19,ATM_019,Urban,7063.186002681397
2024-05-19,ATM_020,Rural,8434.0544620413
2024-05-20,ATM_001,Urban,6269.8821346236045
2024-05-20,ATM_002,Rural,7338.439297356475
2024-05-20,ATM_003,Suburban,8017.051008631066
2024-05-20,ATM_004,Suburban,4919.168418753
2024-05-20,ATM_005,Rural,7085.623804759231
2024-05-20,ATM_006,Urban,10858.823714053457
2024-05-20,ATM_007,Urban,9121.140287404158
2024-05-20,ATM_008,Rural,7454.96999924319
2024-05-20,ATM_009,Rural,5352.366206251666
2024-05-20,ATM_010,Suburban,6797.853697329385
2024-05-20,ATM_011,Rural,7252.694514909151
2024-05-20,ATM_012,Urban,10270.292624490668
2024-05-20,ATM_013,Rural,2737.805300917046
2024-05-20,ATM_014,Suburban,9532.689894776173
2024-05-20,ATM_015,Suburban,7818.929057595024
2024-05-20,ATM_016,Rural,4278.756888656429
2024-05-20,ATM_017,Suburban,4980.605143850305
2024-05-20,ATM_018,Urban,12902.356296772166
2024-05-20,ATM_019,Urban,11877.176628379028
2024-05-20,ATM_020,Rural,5931.940177712558
2024-05-21,ATM_001,Urban,6429.642072347147
2024-05-21,ATM_002,Rural,4526.886795337144
2024-05-21,ATM_003,Suburban,6737.130804367558
2024-05-21,ATM_004,Suburban,7003.131155519491
2024-05-21,ATM_005,Rural,3581.2071907003124
2024-05-21,ATM_006,Urban,7691.8846074086305
2024-05-21,ATM_007,Urban,7842.541070199258
2024-05-21,ATM_008,Rural,6705.031268145942
2024-05-21,ATM_009,Rural,2978.6303483769716
2024-05-21,ATM_010,Suburban,9848.552994379135
2024-05-21,ATM_011,Rural,7696.940309665011
2024-05-21,ATM_012,Urban,11063.98935431607
2024-05-21,ATM_013,Rural,5902.022707756597
2024-05-21,ATM_014,Suburban,8964.81564843803
2024-05-21,ATM_015,Suburban,5657.787063045705
2024-05-21,ATM_016,Rural,6590.456945122364
2024-05-21,ATM_017,Suburban,5504.2092512420495
2024-05-21,ATM_018,Urban,9669.997455194147
2024-05-21,ATM_019,Urban,9306.031288073726
2024-05-21,ATM_020,Rural,6471.9467629133715
2024-05-22,ATM_001,Urban,11862.957595682465
2024-05-22,ATM_002,Rural,4764.149911521599
2024-05-22,ATM_003,Suburban,5913.156557180129
2024-05-22,ATM_004,Suburban,4386.49566271695
2024-05-22,ATM_005,Rural,6412.044676399033
2024-05-22,ATM_006,Urban,9268.131252750756
2024-05-22,ATM_007,Urban,8144.746059359878
2024-05-22,ATM_008,Rural,6408.7764776652
2024-05-22,ATM_009,Rural,3139.170436012473
2024-05-22,ATM_010,Suburban,4651.416574546472
2024-05-22,ATM_011,Rural,2464.1955151931156
2024-05-22,ATM_012,Urban,11317.416571790458
2024-05-22,ATM_013,Rural,4580.694161613234
2024-05-22,ATM_014,Suburban,9003.229820521345
2024-05-22,ATM_015,Suburban,5253.510916051749
2024-05-22,ATM_016,Rural,6356.468622830088
2024-05-22,ATM_017,Suburban,8940.590733962837
2024-05-22,ATM_018,Urban,7382.833491521869
2024-05-22,ATM_019,Urban,7925.631379017387
2024-05-22,ATM_020,Rural,7005.850338509506
2024-05-23,ATM_001,Urban,7544.697299330011
2024-05-23,ATM_002,Rural,7668.094242696723
2024-05-23,ATM_003,Suburban,5799.289486895321
2024-05-23,ATM_004,Suburban,5412.9854719742925
2024-05-23,ATM_005,Rural,6668.718089684744
2024-05-23,ATM_006,Urban,9086.033127068318
2024-05-23,ATM_007,Urban,10908.335017365247
2024-05-23,ATM_008,Rural,3623.3773770367843
2024-05-23,ATM_009,Rural,6211.292839889461
2024-05-23,ATM_010,Suburban,6698.540587618501
2024-05-23,ATM_011,Rural,6561.600952026916
2024-05-23,ATM_012,Urban,9906.433668548007
2024-05-23,ATM_013,Rural,7007.060691476862
2024-05-23,ATM_014,Suburban,6760.721539082831
2024-05-23,ATM_015,Suburban,8795.854199811465
2024-05-23,ATM_016,Rural,7619.034240021559
2024-05-23,ATM_017,Suburban,8353.38546666419
2024-05-23,ATM_018,Urban,9221.898735490917
2024-05-23,ATM_019,Urban,10365.301632984576
2024-05-23,ATM_020,Rural,4197.343721477201
2024-05-24,ATM_001,Urban,12197.601330621901
2024-05-24,ATM_002,Rural,4476.00218361418
2024-05-24,ATM_003,Suburban,8303.623191333005
2024-05-24,ATM_004,Suburban,7674.327261483352
2024-05-24,ATM_005,Rural,3533.2421748185893
2024-05-24,ATM_006,Urban,5983.254501639039
2024-05-24,ATM_007,Urban,12016.595974822914
2024-05-24,ATM_008,Rural,6480.106499511142
2024-05-24,ATM_009,Rural,5782.350628037026
2024-05-24,ATM_010,Suburban,7466.045818965938
2024-05-24,ATM_011,Rural,8002.359084512798
2024-05-24,ATM_012,Urban,9593.014656342304
2024-05-24,ATM_013,Rural,4390.379141111335
2024-05-24,ATM_014,Suburban,9846.695560648686
2024-05-24,ATM_015,Suburban,8165.974918266188
2024-05-24,ATM_016,Rural,6629.889518338634
2024-05-24,ATM_017,Suburban,8551.304553289106
2024-05-24,ATM_018,Urban,7356.409006493355
2024-05-24,ATM_019,Urban,9288.112599848606
2024-05-24,ATM_020,Rural,7048.508586498776
2024-05-25,ATM_001,Urban,6879.291358873391
2024-05-25,ATM_002,Rural,3275.6319390714825
2024-05-25,ATM_003,Suburban,11937.547358453114
2024-05-25,ATM_004,Suburban,6549.204211370827
2024-05-25,ATM_005,Rural,8532.860229487424
2024-05-25,ATM_006,Urban,13562.224469865063
2024-05-25,ATM_007,Urban,10465.448022928034
2024-05-25,ATM_008,Rural,7729.542851829926
2024-05-25,ATM_009,Rural,8787.703672149439
2024-05-25,ATM_010,Suburban,5661.313985870138
2024-05-25,ATM_011,Rural,5006.872777746083
2024-05-25,ATM_012,Urban,8304.860662252107
2024-05-25,ATM_013,Rural,4350.15017260522
2024-05-25,ATM_014,Suburban,5947.941676598614
2024-05-25,ATM_015,Suburban,8494.796847712421
2024-05-25,ATM_016,Rural,8740.932241729352
2024-05-25,ATM_017,Suburban,8410.921454032226
2024-05-25,ATM_018,Urban,13669.363112469482
2024-05-25,ATM_019,Urban,12746.18143523891
2024-05-25,ATM_020,Rural,3636.9162286759406
2024-05-26,ATM_001,Urban,7503.9226508836
2024-05-26,ATM_002,Rural,7796.238556170961
2024-05-26,ATM_003,Suburban,10452.25702140351
2024-05-26,ATM_004,Suburban,11282.34073208163
2024-05-26,ATM_005,Rural,6602.690142328315
2024-05-26,ATM_006,Urban,11399.62522840952
2024-05-26,ATM_007,Urban,8047.775145671353
2024-05-26,ATM_008,Rural,9063.408134174462
2024-05-26,ATM_009,Rural,8643.299761179429
2024-05-26,ATM_010,Suburban,6800.784813929075
2024-05-26,ATM_011,Rural,6762.336986022303
2024-05-26,ATM_012,Urban,8330.394236739885
2024-05-26,ATM_013,Rural,7017.480546389723
2024-05-26,ATM_014,Suburban,9530.923006179932
2024-05-26,ATM_015,Suburban,10246.373139740244
2024-05-26,ATM_016,Rural,6606.737526202545
2024-05-26,ATM_017,Suburban,8493.799742739804
2024-05-26,ATM_018,Urban,8326.433151958021
2024-05-26,ATM_019,Urban,11657.09070999171
2024-05-26,ATM_020,Rural,7780.0510230425825
2024-05-27,ATM_001,Urban,6819.562044416245
2024-05-27,ATM_002,Rural,4568.928781508516
2024-05-27,ATM_003,Suburban,5144.632488050121
2024-05-27,ATM_004,Suburban,6182.6002213505335
2024-05-27,ATM_005,Rural,7297.4818161762005
2024-05-27,ATM_006,Urban,7580.115363965539
2024-05-27,ATM_007,Urban,8797.84990823997
2024-05-27,ATM_008,Rural,4096.559988886681
2024-05-27,ATM_009,Rural,4430.914174147838
2024-05-27,ATM_010,Suburban,5211.0774683622385
2024-05-27,ATM_011,Rural,5271.978993483394
2024-05-27,ATM_012,Urban,10830.552488605035
2024-05-27,ATM_013,Rural,4810.191885221555
2024-05-27,ATM_014,Suburban,8467.593100010903
2024-05-27,ATM_015,Suburban,8956.262717221574
2024-05-27,ATM_016,Rural,6128.772505397984
2024-05-27,ATM_017,Suburban,4167.0920029799
2024-05-27,ATM_018,Urban,8842.18541501987
2024-05-27,ATM_019,Urban,5716.400446319051
2024-05-27,ATM_020,Rural,3011.2915666972344
2024-05-28,ATM_001,Urban,11252.667446865285
2024-05-28,ATM_002,Rural,6920.847114129885
2024-05-28,ATM_003,Suburban,5967.888022670639
2024-05-28,ATM_004,Suburban,4504.107133288605
2024-05-28,ATM_005,Rural,7984.469753528051
2024-05-28,ATM_006,Urban,7245.924361026519
2024-05-28,ATM_007,Urban,9694.293942403292
2024-05-28,ATM_008,Rural,4106.08311541169
2024-05-28,ATM_009,Rural,3672.6327227601005
2024-05-28,ATM_010,Suburban,7339.265394065641
2024-05-28,ATM_011,Rural,8165.005886878522
2024-05-28,ATM_012,Urban,13090.830635857008
2024-05-28,ATM_013,Rural,6131.839920560615
2024-05-28,ATM_014,Suburban,9642.0031256112
2024-05-28,ATM_015,Suburban,6388.681165786773
2024-05-28,ATM_016,Rural,6053.97593657973
2024-05-28,ATM_017,Suburban,5527.280597457956
2024-05-28,ATM_018,Urban,7414.5050990903965
2024-05-28,ATM_019,Urban,9311.327909186499
2024-05-28,ATM_020,Rural,5341.08251358956
2024-05-29,ATM_001,Urban,9728.314481072666
2024-05-29,ATM_002,Rural,4178.547214772963
2024-05-29,ATM_003,Suburban,3990.2014583738046
2024-05-29,ATM_004,Suburban,7175.900144560981
2024-05-29,ATM_005,Rural,5464.198262932931
2024-05-29,ATM_006,Urban,6238.646501299058
2024-05-29,ATM_007,Urban,9054.338248899125
2024-05-29,ATM_008,Rural,4826.860452816046
2024-05-29,ATM_009,Rural,4366.188515229981
2024-05-29,ATM_010,Suburban,6925.8441753262005
2024-05-29,ATM_011,Rural,5025.827769157737
2024-05-29,ATM_012,Urban,8680.603849865724
2024-05-29,ATM_013,Rural,5975.32202589359
2024-05-29,ATM_014,Suburban,7949.394453632045
2024-05-29,ATM_015,Suburban,7222.654356188493
2024-05-29,ATM_016,Rural,8097.448623416311
2024-05-29,ATM_017,Suburban,6909.456290218071
2024-05-29,ATM_018,Urban,5688.83762936883
2024-05-29,ATM_019,Urban,8349.25173724028
2024-05-29,ATM_020,Rural,7614.573672868885
2024-05-30,ATM_001,Urban,5491.3603693166315
2024-05-30,ATM_002,Rural,7052.375792666259
2024-05-30,ATM_003,Suburban,6228.548746494976
2024-05-30,ATM_004,Suburban,9308.105670046
2024-05-30,ATM_005,Rural,4093.051083978294
2024-05-30,ATM_006,Urban,6369.884727433258
2024-05-30,ATM_007,Urban,11428.622288814113
2024-05-30,ATM_008,Rural,5303.96088701092
2024-05-30,ATM_009,Rural,5602.108540347076
2024-05-30,ATM_010,Suburban,9622.772897821398
2024-05-30,ATM_011,Rural,6415.28883375219
2024-05-30,ATM_012,Urban,8727.543427952538
2024-05-30,ATM_013,Rural,5212.930641997747
2024-05-30,ATM_014,Suburban,7072.230971957409
2024-05-30,ATM_015,Suburban,7673.864606478632
2024-05-30,ATM_016,Rural,6512.286236618782
2024-05-30,ATM_017,Suburban,8873.3418464398
2024-05-30,ATM_018,Urban,11610.554623530597
2024-05-30,ATM_019,Urban,9788.999342130404
2024-05-30,ATM_020,Rural,4613.75845242262
2024-05-31,ATM_001,Urban,8953.931165287207
2024-05-31,ATM_002,Rural,5419.327033942923
2024-05-31,ATM_003,Suburban,6640.564966757868
2024-05-31,ATM_004,Suburban,7042.954750536434
2024-05-31,ATM_005,Rural,5681.388735993831
2024-05-31,ATM_006,Urban,14410.623670321102
2024-05-31,ATM_007,Urban,9881.348069807646
2024-05-31,ATM_008,Rural,10557.164514211234
2024-05-31,ATM_009,Rural,5627.5385720016175
2024-05-31,ATM_010,Suburban,13986.454939519133
2024-05-31,ATM_011,Rural,10467.380087856915
2024-05-31,ATM_012,Urban,14420.69922169692
2024-05-31,ATM_013,Rural,5715.529516275316
2024-05-31,ATM_014,Suburban,11856.431936282095
2024-05-31,ATM_015,Suburban,9767.245715875946
2024-05-31,ATM_016,Rural,4297.022325209175
2024-05-31,ATM_017,Suburban,10871.841105342657
2024-05-31,ATM_018,Urban,10660.157809560375
2024-05-31,ATM_019,Urban,7751.05700302965
2024-05-31,ATM_020,Rural,8660.166559659918
2024-06-01,ATM_001,Urban,12976.234647137704
2024-06-01,ATM_002,Rural,6271.222003056929
2024-06-01,ATM_003,Suburban,7945.563826540007
2024-06-01,ATM_004,Suburban,6220.331124228459
2024-06-01,ATM_005,Rural,6091.937438436088
2024-06-01,ATM_006,Urban,12131.833434135908
2024-06-01,ATM_007,Urban,14380.604452198286
2024-06-01,ATM_008,Rural,8050.774243625781
2024-06-01,ATM_009,Rural,4478.009851582022
2024-06-01,ATM_010,Suburban,10623.786686745587
2024-06-01,ATM_011,Rural,4861.839176681595
2024-06-01,ATM_012,Urban,7761.658510811281
2024-06-01,ATM_013,Rural,8302.807614423418
2024-06-01,ATM_014,Suburban,9997.025326108547
2024-06-01,ATM_015,Suburban,8029.071543918101
2024-06-01,ATM_016,Rural,8025.137387370528
2024-06-01,ATM_017,Suburban,10844.1835552022
2024-06-01,ATM_018,Urban,11611.42355777438
2024-06-01,ATM_019,Urban,10700.50780196698
2024-06-01,ATM_020,Rural,6167.229594983247
2024-06-02,ATM_001,Urban,7292.929738912031
2024-06-02,ATM_002,Rural,8887.560928882362
2024-06-02,ATM_003,Suburban,7102.577076622611
2024-06-02,ATM_004,Suburban,7007.106696578561
2024-06-02,ATM_005,Rural,7689.634106332381
2024-06-02,ATM_006,Urban,8977.153366513994
2024-06-02,ATM_007,Urban,11095.424258732663
2024-06-02,ATM_008,Rural,4866.722542526962
2024-06-02,ATM_009,Rural,4071.518167371367
2024-06-02,ATM_010,Suburban,10702.46088697931
2024-06-02,ATM_011,Rural,5546.196843277125
2024-06-02,ATM_012,Urban,12854.923254921712
2024-06-02,ATM_013,Rural,8431.581062088197
2024-06-02,ATM_014,Suburban,10046.841907091988
2024-06-02,ATM_015,Suburban,7371.913311376282
2024-06-02,ATM_016,Rural,5774.501342409609
2024-06-02,ATM_017,Suburban,8625.289386070983
2024-06-02,ATM_018,Urban,11092.18118257316
2024-06-02,ATM_019,Urban,10578.420588782894
2024-06-02,ATM_020,Rural,8568.330432560473
2024-06-03,ATM_001,Urban,8262.750656386284
2024-06-03,ATM_002,Rural,7613.048642973691
2024-06-03,ATM_003,Suburban,5958.7692924023495
2024-06-03,ATM_004,Suburban,5428.801983193345
2024-06-03,ATM_005,Rural,6932.827849426891
2024-06-03,ATM_006,Urban,12612.341014574047
2024-06-03,ATM_007,Urban,7668.701851923604
2024-06-03,ATM_008,Rural,7102.187790555098
2024-06-03,ATM_009,Rural,5614.597987764201
2024-06-03,ATM_010,Suburban,8619.284151410993
2024-06-03,ATM_011,Rural,5593.875429737249
2024-06-03,ATM_012,Urban,7920.777122022473
2024-06-03,ATM_013,Rural,3119.1349882645172
2024-06-03,ATM_014,Suburban,8883.180770259672
2024-06-03,ATM_015,Suburban,10813.753542211924
2024-06-03,ATM_016,Rural,3500.227071569965
2024-06-03,ATM_017,Suburban,6951.020883165114
2024-06-03,ATM_018,Urban,8208.57276975229
2024-06-03,ATM_019,Urban,9215.517928772859
2024-06-03,ATM_020,Rural,4461.943377853711
2024-06-04,ATM_001,Urban,8290.794524930452
2024-06-04,ATM_002,Rural,3770.8665423374073
2024-06-04,ATM_003,Suburban,7983.581248444232
2024-06-04,ATM_004,Suburban,4620.957392573303
2024-06-04,ATM_005,Rural,5866.467446985572
2024-06-04,ATM_006,Urban,10390.465620161935
2024-06-04,ATM_007,Urban,10321.972398666261
2024-06-04,ATM_008,Rural,3305.5064826378957
2024-06-04,ATM_009,Rural,7399.298993493872
2024-06-04,ATM_010,Suburban,7950.20735980398
2024-06-04,ATM_011,Rural,3533.772365158768
2024-06-04,ATM_012,Urban,9680.283437187367
2024-06-04,ATM_013,Rural,6119.113326453239
2024-06-04,ATM_014,Suburban,9162.336164037144
2024-06-04,ATM_015,Suburban,7912.559027025446
2024-06-04,ATM_016,Rural,4910.1111877487165
2024-06-04,ATM_017,Suburban,9035.399520120505
2024-06-04,ATM_018,Urban,7234.40763080141
2024-06-04,ATM_019,Urban,7409.203559511005
2024-06-04,ATM_020,Rural,5514.349096862517
2024-06-05,ATM_001,Urban,6482.608146787367
2024-06-05,ATM_002,Rural,3754.5298806642477
2024-06-05,ATM_003,Suburban,9420.405539859366
2024-06-05,ATM_004,Suburban,10363.737587980124
2024-06-05,ATM_005,Rural,5611.252338601284
2024-06-05,ATM_006,Urban,10883.564764305997
2024-06-05,ATM_007,Urban,9823.993111501535
2024-06-05,ATM_008,Rural,5560.06940566069
2024-06-05,ATM_009,Rural,6399.51114396573
2024-06-05,ATM_010,Suburban,7531.918214995662
2024-06-05,ATM_011,Rural,5395.412853304392
2024-06-05,ATM_012,Urban,8307.22584143351
2024-06-05,ATM_013,Rural,3843.1283962772713
2024-06-05,ATM_014,Suburban,5500.70930782501
2024-06-05,ATM_015,Suburban,7286.592675402632
2024-06-05,ATM_016,Rural,6880.504003425798
2024-06-05,ATM_017,Suburban,9848.251417386778
2024-06-05,ATM_018,Urban,9024.163778840233
2024-06-05,ATM_019,Urban,8655.877503360502
2024-06-05,ATM_020,Rural,6147.5710440143885
2024-06-06,ATM_001,Urban,6283.115948967333
2024-06-06,ATM_002,Rural,7578.650448223892
2024-06-06,ATM_003,Suburban,7189.3939689166145
2024-06-06,ATM_004,Suburban,8920.359858364094
2024-06-06,ATM_005,Rural,3521.2448826400173
2024-06-06,ATM_006,Urban,11009.671177794044
2024-06-06,ATM_007,Urban,8015.942797396583
2024-06-06,ATM_008,Rural,6864.065557847241
2024-06-06,ATM_009,Rural,3154.919053366285
2024-06-06,ATM_010,Suburban,4672.356627052526
2024-06-06,ATM_011,Rural,6104.758340498653
2024-06-06,ATM_012,Urban,8429.003994676335
2024-06-06,ATM_013,Rural,6228.000764365134
2024-06-06,ATM_014,Suburban,9043.872218301798
2024-06-06,ATM_015,Suburban,6083.896201965641
2024-06-06,ATM_016,Rural,7742.769601040024
2024-06-06,ATM_017,Suburban,7291.072726370492
2024-06-06,ATM_018,Urban,7495.229369178469
2024-06-06,ATM_019,Urban,8008.137888770148
2024-06-06,ATM_020,Rural,5865.923715664684
2024-06-07,ATM_001,Urban,7071.976959698657
2024-06-07,ATM_002,Rural,4398.652708396041
2024-06-07,ATM_003,Suburban,6894.718458790598
2024-06-07,ATM_004,Suburban,5771.652954926499
2024-06-07,ATM_005,Rural,7500.273757409235
2024-06-07,ATM_006,Urban,10185.076285939778
2024-06-07,ATM_007,Urban,10668.412739966356
2024-06-07,ATM_008,Rural,7024.4423639592005
2024-06-07,ATM_009,Rural,6816.06870446226
2024-06-07,ATM_010,Suburban,5748.315935827862
2024-06-07,ATM_011,Rural,3369.886180837762
2024-06-07,ATM_012,Urban,12354.409565041962
2024-06-07,ATM_013,Rural,6968.92780267471
2024-06-07,ATM_014,Suburban,7465.19001759603
2024-06-07,ATM_015,Suburban,6866.368620265823
2024-06-07,ATM_016,Rural,5511.514825492784
2024-06-07,ATM_017,Suburban,7681.745978734103
2024-06-07,ATM_018,Urban,10478.03940706798
2024-06-07,ATM_019,Urban,12449.716207183603
2024-06-07,ATM_020,Rural,2945.9275791041878
2024-06-08,ATM_001,Urban,11400.68197092708
2024-06-08,ATM_002,Rural,5650.070114347409
2024-06-08,ATM_003,Suburban,10698.201485888736
2024-06-08,ATM_004,Suburban,9716.364350167285
2024-06-08,ATM_005,Rural,3060.438558044787
2024-06-08,ATM_006,Urban,11502.741080826483
2024-06-08,ATM_007,Urban,7494.50930020952
2024-06-08,ATM_008,Rural,8735.446662346352
2024-06-08,ATM_009,Rural,8658.849496325402
2024-06-08,ATM_010,Suburban,7119.127220742375
2024-06-08,ATM_011,Rural,8907.200177110557
2024-06-08,ATM_012,Urban,9911.571505215868
2024-06-08,ATM_013,Rural,7719.6424359481225
2024-06-08,ATM_014,Suburban,13163.79839494414
2024-06-08,ATM_015,Suburban,10013.023129810359
2024-06-08,ATM_016,Rural,7174.4250460723115
2024-06-08,ATM_017,Suburban,8054.62762360763
2024-06-08,ATM_018,Urban,15414.43419823917
2024-06-08,ATM_019,Urban,14153.994173488572
2024-06-08,ATM_020,Rural,6834.505317961687
2024-06-09,ATM_001,Urban,10868.072244404864
2024-06-09,ATM_002,Rural,7494.001366762104
2024-06-09,ATM_003,Suburban,10281.343543166075
2024-06-09,ATM_004,Suburban,7264.850891845226
2024-06-09,ATM_005,Rural,10051.313928829344
2024-06-09,ATM_006,Urban,11125.379897257159
2024-06-09,ATM_007,Urban,10219.210763446812
2024-06-09,ATM_008,Rural,7172.224088166054
2024-06-09,ATM_009,Rural,6475.959844661596
2024-06-09,ATM_010,Suburban,6527.305614389844
2024-06-09,ATM_011,Rural,6409.536472322401
2024-06-09,ATM_012,Urban,12316.526667777507
2024-06-09,ATM_013,Rural,7998.613983984213
2024-06-09,ATM_014,Suburban,11343.956421052428
2024-06-09,ATM_015,Suburban,7723.287127027395
2024-06-09,ATM_016,Rural,7838.366875868232
2024-06-09,ATM_017,Suburban,7325.045218962356
2024-06-09,ATM_018,Urban,10271.010114240227
2024-06-09,ATM_019,Urban,8914.93281345989
2024-06-09,ATM_020,Rural,6248.211992044674
2024-06-10,ATM_001,Urban,10102.27671711756
2024-06-10,ATM_002,Rural,4965.628215947277
2024-06-10,ATM_003,Suburban,8650.577363735498
2024-06-10,ATM_004,Suburban,5463.686864225915
2024-06-10,ATM_005,Rural,4264.732938420198
2024-06-10,ATM_006,Urban,9121.964804368463
2024-06-10,ATM_007,Urban,7383.042203073606
2024-06-10,ATM_008,Rural,6612.059382219264
2024-06-10,ATM_009,Rural,5566.2699602432795
2024-06-10,ATM_010,Suburban,7346.24794227631
2024-06-10,ATM_011,Rural,4363.474184847042
2024-06-10,ATM_012,Urban,9182.805286081604
2024-06-10,ATM_013,Rural,5460.039920203861
2024-06-10,ATM_014,Suburban,10535.424981922437
2024-06-10,ATM_015,Suburban,5062.259534091296
2024-06-10,ATM_016,Rural,5655.792550146914
2024-06-10,ATM_017,Suburban,8311.171285663842
2024-06-10,ATM_018,Urban,11569.581810587855
2024-06-10,ATM_019,Urban,9234.507088489008
2024-06-10,ATM_020,Rural,4619.4908786862625
2024-06-11,ATM_001,Urban,9432.105946628382
2024-06-11,ATM_002,Rural,6987.715606677822
2024-06-11,ATM_003,Suburban,8311.564590112705
2024-06-11,ATM_004,Suburban,8274.9334258661
2024-06-11,ATM_005,Rural,3014.7869891029404
2024-06-11,ATM_006,Urban,8675.455770988208
2024-06-11,ATM_007,Urban,7589.3131952772455
2024-06-11,ATM_008,Rural,3543.2227232027844
2024-06-11,ATM_009,Rural,6244.050839763744
2024-06-11,ATM_010,Suburban,4963.024877044177
2024-06-11,ATM_011,Rural,6906.9727299295
2024-06-11,ATM_012,Urban,12819.688265226623
2024-06-11,ATM_013,Rural,5899.636655345748
2024-06-11,ATM_014,Suburban,8351.070201542694
2024-06-11,ATM_015,Suburban,8519.566465715083
2024-06-11,ATM_016,Rural,5854.682794780859
2024-06-11,ATM_017,Suburban,4864.516913162708
2024-06-11,ATM_018,Urban,8590.344607228735
2024-06-11,ATM_019,Urban,8674.23215313888
2024-06-11,ATM_020,Rural,5582.212535409597
2024-06-12,ATM_001,Urban,11287.914856962789
2024-06-12,ATM_002,Rural,6062.641161379165
2024-06-12,ATM_003,Suburban,8003.772782544478
2024-06-12,ATM_004,Suburban,6065.382197998849
2024-06-12,ATM_005,Rural,7347.897672569742
2024-06-12,ATM_006,Urban,11448.572983512597
2024-06-12,ATM_007,Urban,11348.444862097771
2024-06-12,ATM_008,Rural,5466.509162384416
2024-06-12,ATM_009,Rural,5907.949799507985
2024-06-12,ATM_010,Suburban,5987.345579211338
2024-06-12,ATM_011,Rural,7376.759030949942
2024-06-12,ATM_012,Urban,8529.685424991123
2024-06-12,ATM_013,Rural,4589.824210019978
2024-06-12,ATM_014,Suburban,6202.69200305758
2024-06-12,ATM_015,Suburban,6369.81307773585
2024-06-12,ATM_016,Rural,6257.0553890271985
2024-06-12,ATM_017,Suburban,3794.5252488829683
2024-06-12,ATM_018,Urban,9204.898401896105
2024-06-12,ATM_019,Urban,13388.96042483663
2024-06-12,ATM_020,Rural,2953.512458294567
2024-06-13,ATM_001,Urban,6627.79890497172
2024-06-13,ATM_002,Rural,2528.0588948820914
2024-06-13,ATM_003,Suburban,6412.952012754303
2024-06-13,ATM_004,Suburban,10685.018774064112
2024-06-13,ATM_005,Rural,6303.635805922303
2024-06-13,ATM_006,Urban,9915.012582325804
2024-06-13,ATM_007,Urban,5859.186290418761
2024-06-13,ATM_008,Rural,5884.546588432504
2024-06-13,ATM_009,Rural,6869.626482016358
2024-06-13,ATM_010,Suburban,9148.696720785481
2024-06-13,ATM_011,Rural,7546.225720716624
2024-06-13,ATM_012,Urban,9029.191275798063
2024-06-13,ATM_013,Rural,6579.502050245945
2024-06-13,ATM_014,Suburban,6067.17106223769
2024-06-13,ATM_015,Suburban,11454.746295960165
2024-06-13,ATM_016,Rural,4523.984597035357
2024-06-13,ATM_017,Suburban,8959.163675496475
2024-06-13,ATM_018,Urban,9033.840815592168
2024-06-13,ATM_019,Urban,9573.238858055873
2024-06-13,ATM_020,Rural,6325.670599514411
2024-06-14,ATM_001,Urban,7239.597866403919
2024-06-14,ATM_002,Rural,2839.112157376572
2024-06-14,ATM_003,Suburban,5913.017065704004
2024-06-14,ATM_004,Suburban,9562.718436932953
2024-06-14,ATM_005,Rural,5556.426052261464
2024-06-14,ATM_006,Urban,7638.974683929309
2024-06-14,ATM_007,Urban,11585.208593470546
2024-06-14,ATM_008,Rural,7647.237545453795
2024-06-14,ATM_009,Rural,4599.395767096484
2024-06-14,ATM_010,Suburban,5739.510175315554
2024-06-14,ATM_011,Rural,8133.62731821331
2024-06-14,ATM_012,Urban,7540.762029367951
2024-06-14,ATM_013,Rural,8115.334432956912
2024-06-14,ATM_014,Suburban,6282.1832035900225
2024-06-14,ATM_015,Suburban,5757.394610708597
2024-06-14,ATM_016,Rural,4014.848061210957
2024-06-14,ATM_017,Suburban,9050.475524637566
2024-06-14,ATM_018,Urban,6606.357963328496
2024-06-14,ATM_019,Urban,9616.079065250296
2024-06-14,ATM_020,Rural,3628.0798536571283
2024-06-15,ATM_001,Urban,14480.44731755705
2024-06-15,ATM_002,Rural,5397.302265064129
2024-06-15,ATM_003,Suburban,12118.380030842998
2024-06-15,ATM_004,Suburban,6188.356965145608
2024-06-15,ATM_005,Rural,6486.584206434014
2024-06-15,ATM_006,Urban,14237.016198388756
2024-06-15,ATM_007,Urban,11456.689565352952
2024-06-15,ATM_008,Rural,8011.098691389488
2024-06-15,ATM_009,Rural,7352.171519975638
2024-06-15,ATM_010,Suburban,10194.203932725777
2024-06-15,ATM_011,Rural,6269.83849734977
2024-06-15,ATM_012,Urban,11382.199700402318
2024-06-15,ATM_013,Rural,4641.855098360788
2024-06-15,ATM_014,Suburban,6064.624482202874
2024-06-15,ATM_015,Suburban,13007.124617099207
2024-06-15,ATM_016,Rural,9353.489787913055
2024-06-15,ATM_017,Suburban,9911.736623335597
2024-06-15,ATM_018,Urban,9322.419462311145
2024-06-15,ATM_019,Urban,8432.382404592932
2024-06-15,ATM_020,Rural,4918.690096878899
2024-06-16,ATM_001,Urban,12840.413915863886
2024-06-16,ATM_002,Rural,8104.675092690144
2024-06-16,ATM_003,Suburban,10380.981729813748
2024-06-16,ATM_004,Suburban,8083.884738560926
2024-06-16,ATM_005,Rural,8282.17765795478
2024-06-16,ATM_006,Urban,11619.086264849673
2024-06-16,ATM_007,Urban,15166.921266609454
2024-06-16,ATM_008,Rural,5557.314951174777
2024-06-16,ATM_009,Rural,8052.350814941993
2024-06-16,ATM_010,Suburban,10198.729689948748
2024-06-16,ATM_011,Rural,9286.641072078577
2024-06-16,ATM_012,Urban,11365.676422809249
2024-06-16,ATM_013,Rural,8961.163359852184
2024-06-16,ATM_014,Suburban,10692.887964941017
2024-06-16,ATM_015,Suburban,6136.74400881046
2024-06-16,ATM_016,Rural,6254.053404208032
2024-06-16,ATM_017,Suburban,5833.275679071954
2024-06-16,ATM_018,Urban,11037.062587085366
2024-06-16,ATM_019,Urban,14482.688960709296
2024-06-16,ATM_020,Rural,5162.63975123921
2024-06-17,ATM_001,Urban,8084.723258570343
2024-06-17,ATM_002,Rural,7294.538800154819
2024-06-17,ATM_003,Suburban,6160.717585397259
2024-06-17,ATM_004,Suburban,7345.7790791159905
2024-06-17,ATM_005,Rural,3960.271642469934
2024-06-17,ATM_006,Urban,9932.788161169
2024-06-17,ATM_007,Urban,7633.708412967793
2024-06-17,ATM_008,Rural,7406.528590552396
2024-06-17,ATM_009,Rural,5018.953752480174
2024-06-17,ATM_010,Suburban,6760.95084221931
2024-06-17,ATM_011,Rural,3720.1764388811825
2024-06-17,ATM_012,Urban,6533.002869773349
2024-06-17,ATM_013,Rural,5548.699113286263
2024-06-17,ATM_014,Suburban,8066.455637546344
2024-06-17,ATM_015,Suburban,5307.111803673871
2024-06-17,ATM_016,Rural,2841.099532143641
2024-06-17,ATM_017,Suburban,8410.79269097238
2024-06-17,ATM_018,Urban,10937.71070416564
2024-06-17,ATM_019,Urban,10945.127430117547
2024-06-17,ATM_020,Rural,8326.405995756542
2024-06-18,ATM_001,Urban,9417.481902755444
2024-06-18,ATM_002,Rural,6824.748703373535
2024-06-18,ATM_003,Suburban,8786.27217979749
2024-06-18,ATM_004,Suburban,6750.011976983908
2024-06-18,ATM_005,Rural,3843.015084923594
2024-06-18,ATM_006,Urban,8356.853339895157
2024-06-18,ATM_007,Urban,8020.521373344587
2024-06-18,ATM_008,Rural,5513.4415302683665
2024-06-18,ATM_009,Rural,6541.3903959930685
2024-06-18,ATM_010,Suburban,10540.693954023876
2024-06-18,ATM_011,Rural,8680.045629992126
2024-06-18,ATM_012,Urban,10148.668270203678
2024-06-18,ATM_013,Rural,6125.994529029467
2024-06-18,ATM_014,Suburban,9490.433557299864
2024-06-18,ATM_015,Suburban,7505.321416589579
2024-06-18,ATM_016,Rural,6677.698065614666
2024-06-18,ATM_017,Suburban,10069.930423996891
2024-06-18,ATM_018,Urban,6254.131610842417
2024-06-18,ATM_019,Urban,7476.010964301613
2024-06-18,ATM_020,Rural,5517.048516797748
2024-06-19,ATM_001,Urban,7153.271767116096
2024-06-19,ATM_002,Rural,5174.193421184057
2024-06-19,ATM_003,Suburban,8096.334782116891
2024-06-19,ATM_004,Suburban,8850.269913828652
2024-06-19,ATM_005,Rural,5001.547562328636
2024-06-19,ATM_006,Urban,8055.631329480734
2024-06-19,ATM_007,Urban,8040.691515688905
2024-06-19,ATM_008,Rural,4445.666722570946
2024-06-19,ATM_009,Rural,2543.7498731333935
2024-06-19,ATM_010,Suburban,6135.120952771359
2024-06-19,ATM_011,Rural,5453.993368806496
2024-06-19,ATM_012,Urban,11013.206430930783
2024-06-19,ATM_013,Rural,5054.266664109338
2024-06-19,ATM_014,Suburban,7242.227087649626
2024-06-19,ATM_015,Suburban,6606.058345876398
2024-06-19,ATM_016,Rural,4141.006180950598
2024-06-19,ATM_017,Suburban,10474.615795740041
2024-06-19,ATM_018,Urban,8618.537341309027
2024-06-19,ATM_019,Urban,9314.841450229476
2024-06-19,ATM_020,Rural,4952.248523660643
2024-06-20,ATM_001,Urban,9524.457905282137
2024-06-20,ATM_002,Rural,3330.387180611736
2024-06-20,ATM_003,Suburban,6958.166565587499
2024-06-20,ATM_004,Suburban,7034.198604602025
2024-06-20,ATM_005,Rural,5150.490038828827
2024-06-20,ATM_006,Urban,10231.330496014552
2024-06-20,ATM_007,Urban,7609.084447816619
2024-06-20,ATM_008,Rural,7212.1241330309385
2024-06-20,ATM_009,Rural,4197.64421126
2024-06-20,ATM_010,Suburban,7966.824143409266
2024-06-20,ATM_011,Rural,6050.051830251474
2024-06-20,ATM_012,Urban,10823.040742034656
2024-06-20,ATM_013,Rural,3070.128951613384
2024-06-20,ATM_014,Suburban,5962.905651907081
2024-06-20,ATM_015,Suburban,4639.440109911895
2024-06-20,ATM_016,Rural,6684.948875630517
2024-06-20,ATM_017,Suburban,8588.386059799117
2024-06-20,ATM_018,Urban,6510.49460532569
2024-06-20,ATM_019,Urban,11045.155394934423
2024-06-20,ATM_020,Rural,5606.062229567995
2024-06-21,ATM_001,Urban,7512.864124801808
2024-06-21,ATM_002,Rural,6546.729085563795
2024-06-21,ATM_003,Suburban,8549.913765323572
2024-06-21,ATM_004,Suburban,8099.707689749915
2024-06-21,ATM_005,Rural,4043.3790958661834
2024-06-21,ATM_006,Urban,10820.76960661007
2024-06-21,ATM_007,Urban,8118.763897331752
2024-06-21,ATM_008,Rural,6870.426770113213
2024-06-21,ATM_009,Rural,7221.998305377496
2024-06-21,ATM_010,Suburban,4415.284006965168
2024-06-21,ATM_011,Rural,7280.769999671614
2024-06-21,ATM_012,Urban,8488.48102834279
2024-06-21,ATM_013,Rural,2654.7205430537674
2024-06-21,ATM_014,Suburban,6948.978438687521
2024-06-21,ATM_015,Suburban,7540.681754056436
2024-06-21,ATM_016,Rural,5321.411238942135
2024-06-21,ATM_017,Suburban,6865.717030687813
2024-06-21,ATM_018,Urban,9089.227225478133
2024-06-21,ATM_019,Urban,5176.7794944610905
2024-06-21,ATM_020,Rural,3020.0090135584624
2024-06-22,ATM_001,Urban,11685.270228649591
2024-06-22,ATM_002,Rural,7419.650296295514
2024-06-22,ATM_003,Suburban,6801.808081269336
2024-06-22,ATM_004,Suburban,7408.5829853864425
2024-06-22,ATM_005,Rural,4228.683681846623
2024-06-22,ATM_006,Urban,11607.870664473867
2024-06-22,ATM_007,Urban,9938.99365239881
2024-06-22,ATM_008,Rural,6829.406150278926
2024-06-22,ATM_009,Rural,8209.577020232577
2024-06-22,ATM_010,Suburban,11857.97407109135
2024-06-22,ATM_011,Rural,5787.943244014775
2024-06-22,ATM_012,Urban,10347.842875599914
2024-06-22,ATM_013,Rural,5933.263909908584
2024-06-22,ATM_014,Suburban,11119.696082042448
2024-06-22,ATM_015,Suburban,8671.403674917572
2024-06-22,ATM_016,Rural,10107.466814717753
2024-06-22,ATM_017,Suburban,9510.92987486232
2024-06-22,ATM_018,Urban,10017.992162037683
2024-06-22,ATM_019,Urban,8326.901598722765
2024-06-22,ATM_020,Rural,8794.130538827463
2024-06-23,ATM_001,Urban,8403.96607768691
2024-06-23,ATM_002,Rural,3872.6846119046218
2024-06-23,ATM_003,Suburban,8202.971624731634
2024-06-23,ATM_004,Suburban,11079.753434658494
2024-06-23,ATM_005,Rural,8877.792430602572
2024-06-23,ATM_006,Urban,9464.22859501848
2024-06-23,ATM_007,Urban,13584.716506018825
2024-06-23,ATM_008,Rural,7654.238651136493
2024-06-23,ATM_009,Rural,3933.052750265839
2024-06-23,ATM_010,Suburban,11563.495009540313
2024-06-23,ATM_011,Rural,9445.867731096421
2024-06-23,ATM_012,Urban,12206.718828486544
2024-06-23,ATM_013,Rural,5836.926428056055
2024-06-23,ATM_014,Suburban,7864.79546113449
2024-06-23,ATM_015,Suburban,7952.808289967626
2024-06-23,ATM_016,Rural,5865.19170641344
2024-06-23,ATM_017,Suburban,10536.743528527506
2024-06-23,ATM_018,Urban,9636.815988385128
2024-06-23,ATM_019,Urban,9429.695149968296
2024-06-23,ATM_020,Rural,8005.855146026301
2024-06-24,ATM_001,Urban,9839.857061464025
2024-06-24,ATM_002,Rural,6872.767680999104
2024-06-24,ATM_003,Suburban,7170.406833436964
2024-06-24,ATM_004,Suburban,10398.980495556283
2024-06-24,ATM_005,Rural,6553.682103195187
2024-06-24,ATM_006,Urban,8641.092424419658
2024-06-24,ATM_007,Urban,6885.051676327207
2024-06-24,ATM_008,Rural,8707.084373001722
2024-06-24,ATM_009,Rural,3828.718848327967
2024-06-24,ATM_010,Suburban,6912.838715712954
2024-06-24,ATM_011,Rural,6871.563227510477
2024-06-24,ATM_012,Urban,7669.298883676221
2024-06-24,ATM_013,Rural,4730.403932622798
2024-06-24,ATM_014,Suburban,5760.861550818812
2024-06-24,ATM_015,Suburban,9934.191849551444
2024-06-24,ATM_016,Rural,3362.799237813685
2024-06-24,ATM_017,Suburban,8363.025904053116
2024-06-24,ATM_018,Urban,8787.096699423175
2024-06-24,ATM_019,Urban,8466.858959844683
2024-06-24,ATM_020,Rural,6794.993908598558
2024-06-25,ATM_001,Urban,8403.125783906202
2024-06-25,ATM_002,Rural,4161.564443699265
2024-06-25,ATM_003,Suburban,5844.420690041341
2024-06-25,ATM_004,Suburban,6645.347110568657
2024-06-25,ATM_005,Rural,7614.458683425011
2024-06-25,ATM_006,Urban,8013.47813286331
2024-06-25,ATM_007,Urban,8255.753874376807
2024-06-25,ATM_008,Rural,7874.407070589635
2024-06-25,ATM_009,Rural,4793.798731740951
2024-06-25,ATM_010,Suburban,10280.359150297005
2024-06-25,ATM_011,Rural,4576.469333706437
2024-06-25,ATM_012,Urban,8132.741098948079
2024-06-25,ATM_013,Rural,5658.681650728668
2024-06-25,ATM_014,Suburban,6119.385201523473
2024-06-25,ATM_015,Suburban,8795.166762468287
2024-06-25,ATM_016,Rural,6070.744746424029
2024-06-25,ATM_017,Suburban,10048.386334740142
2024-06-25,ATM_018,Urban,10424.628325191952
2024-06-25,ATM_019,Urban,9450.603802168129
2024-06-25,ATM_020,Rural,5488.379161812159
2024-06-26,ATM_001,Urban,9600.124294565903
2024-06-26,ATM_002,Rural,3865.5909576624504
2024-06-26,ATM_003,Suburban,10593.826672598658
2024-06-26,ATM_004,Suburban,9364.78683592365
2024-06-26,ATM_005,Rural,6067.741752904871
2024-06-26,ATM_006,Urban,10244.346668235667
2024-06-26,ATM_007,Urban,10086.748489674597
2024-06-26,ATM_008,Rural,6819.827960625402
2024-06-26,ATM_009,Rural,5821.6086945424695
2024-06-26,ATM_010,Suburban,10587.590772395677
2024-06-26,ATM_011,Rural,5631.335155697673
2024-06-26,ATM_012,Urban,8347.925432917575
2024-06-26,ATM_013,Rural,7354.729445292794
2024-06-26,ATM_014,Suburban,7625.109468734238
2024-06-26,ATM_015,Suburban,6043.484564978194
2024-06-26,ATM_016,Rural,5041.987051193155
2024-06-26,ATM_017,Suburban,7508.833945773619
2024-06-26,ATM_018,Urban,12886.577830159207
2024-06-26,ATM_019,Urban,9831.795447274646
2024-06-26,ATM_020,Rural,6341.274965503986
2024-06-27,ATM_001,Urban,5462.421627560964
2024-06-27,ATM_002,Rural,6835.160009579933
2024-06-27,ATM_003,Suburban,8831.20312383071
2024-06-27,ATM_004,Suburban,9426.914441765142
2024-06-27,ATM_005,Rural,4316.707504641393
2024-06-27,ATM_006,Urban,10720.893296824703
2024-06-27,ATM_007,Urban,10376.128555397097
2024-06-27,ATM_008,Rural,7927.156814567311
2024-06-27,ATM_009,Rural,7118.261372193531
2024-06-27,ATM_010,Suburban,7596.772047660455
2024-06-27,ATM_011,Rural,5881.818678230165
2024-06-27,ATM_012,Urban,6688.767204532456
2024-06-27,ATM_013,Rural,4573.754660254496
2024-06-27,ATM_014,Suburban,7309.540200784394
2024-06-27,ATM_015,Suburban,7870.605786772222
2024-06-27,ATM_016,Rural,3972.5111289391343
2024-06-27,ATM_017,Suburban,8311.67667975841
2024-06-27,ATM_018,Urban,7184.654185249286
2024-06-27,ATM_019,Urban,9486.422228729907
2024-06-27,ATM_020,Rural,7509.253465477816
2024-06-28,ATM_001,Urban,7064.332023393708
2024-06-28,ATM_002,Rural,4748.735837258241
2024-06-28,ATM_003,Suburban,6198.771595073808
2024-06-28,ATM_004,Suburban,6291.304076313934
2024-06-28,ATM_005,Rural,4318.872724351032
2024-06-28,ATM_006,Urban,10562.07346575678
2024-06-28,ATM_007,Urban,8666.230238621709
2024-06-28,ATM_008,Rural,5770.076837769599
2024-06-28,ATM_009,Rural,4725.991154516733
2024-06-28,ATM_010,Suburban,4942.336974145338
2024-06-28,ATM_011,Rural,5205.963137736193
2024-06-28,ATM_012,Urban,10130.906860879944
2024-06-28,ATM_013,Rural,3438.4237065765165
2024-06-28,ATM_014,Suburban,6550.402146857714
2024-06-28,ATM_015,Suburban,8729.609682916163
2024-06-28,ATM_016,Rural,4665.308237499691
2024-06-28,ATM_017,Suburban,5042.880276821109
2024-06-28,ATM_018,Urban,10463.2244679814
2024-06-28,ATM_019,Urban,11774.768274925384
2024-06-28,ATM_020,Rural,7689.378677296583
2024-06-29,ATM_001,Urban,13966.975046644078
2024-06-29,ATM_002,Rural,4445.638153230397
2024-06-29,ATM_003,Suburban,10396.4442812268
2024-06-29,ATM_004,Suburban,9483.698921864105
2024-06-29,ATM_005,Rural,3855.653720748739
2024-06-29,ATM_006,Urban,9202.33669821171
2024-06-29,ATM_007,Urban,8127.267695449741
2024-06-29,ATM_008,Rural,8178.717603698029
2024-06-29,ATM_009,Rural,6249.2085301534535
2024-06-29,ATM_010,Suburban,7450.838519203963
2024-06-29,ATM_011,Rural,7972.15606013378
2024-06-29,ATM_012,Urban,13949.449116731752
2024-06-29,ATM_013,Rural,5496.860450481718
2024-06-29,ATM_014,Suburban,9700.424619972591
2024-06-29,ATM_015,Suburban,8483.660817185637
2024-06-29,ATM_016,Rural,5151.844567777226
2024-06-29,ATM_017,Suburban,8736.612834185946
2024-06-29,ATM_018,Urban,9031.490072754095
2024-06-29,ATM_019,Urban,15236.025791889926
2024-06-29,ATM_020,Rural,3823.000448721007
2024-06-30,ATM_001,Urban,19642.087212091523
2024-06-30,ATM_002,Rural,4575.321392461201
2024-06-30,ATM_003,Suburban,14467.09397492548
2024-06-30,ATM_004,Suburban,10001.345843582447
2024-06-30,ATM_005,Rural,8067.976089310682
2024-06-30,ATM_006,Urban,16579.20063597646
2024-06-30,ATM_007,Urban,10855.447387534296
2024-06-30,ATM_008,Rural,6248.726129596263
2024-06-30,ATM_009,Rural,10341.440514863469
2024-06-30,ATM_010,Suburban,13964.516053549625
2024-06-30,ATM_011,Rural,6577.035871571076
2024-06-30,ATM_012,Urban,12686.75145120585
2024-06-30,ATM_013,Rural,7826.1567297577885
2024-06-30,ATM_014,Suburban,12456.660892488728
2024-06-30,ATM_015,Suburban,12613.968074724118
2024-06-30,ATM_016,Rural,9224.055571848641
2024-06-30,ATM_017,Suburban,11238.933534439962
2024-06-30,ATM_018,Urban,12587.5701740879
2024-06-30,ATM_019,Urban,8746.99441718936
2024-06-30,ATM_020,Rural,9971.736427367689
2024-07-01,ATM_001,Urban,10100.954084166895
2024-07-01,ATM_002,Rural,6674.853662098566
2024-07-01,ATM_003,Suburban,9565.715007708539
2024-07-01,ATM_004,Suburban,8551.804139259224
2024-07-01,ATM_005,Rural,5763.406060948316
2024-07-01,ATM_006,Urban,8345.204182929048
2024-07-01,ATM_007,Urban,8506.5689591362
2024-07-01,ATM_008,Rural,3316.241615713605
2024-07-01,ATM_009,Rural,6269.352167055348
2024-07-01,ATM_010,Suburban,6737.011184890589
2024-07-01,ATM_011,Rural,4184.1965336837575
2024-07-01,ATM_012,Urban,11072.727917624059
2024-07-01,ATM_013,Rural,6323.4198759384435
2024-07-01,ATM_014,Suburban,6976.344563203726
2024-07-01,ATM_015,Suburban,7890.372847582829
2024-07-01,ATM_016,Rural,5299.257736558292
2024-07-01,ATM_017,Suburban,7130.400684897304
2024-07-01,ATM_018,Urban,6565.127792698973
2024-07-01,ATM_019,Urban,9316.728884461167
2024-07-01,ATM_020,Rural,7209.473354947171
2024-07-02,ATM_001,Urban,5234.5888238665
2024-07-02,ATM_002,Rural,3771.5046826630523
2024-07-02,ATM_003,Suburban,7553.0301070418545
2024-07-02,ATM_004,Suburban,5888.556250686631
2024-07-02,ATM_005,Rural,4595.756811998876
2024-07-02,ATM_006,Urban,10678.579462972482
2024-07-02,ATM_007,Urban,8849.385734393449
2024-07-02,ATM_008,Rural,8198.543878102206
2024-07-02,ATM_009,Rural,6584.863573559856
2024-07-02,ATM_010,Suburban,7419.873401709901
2024-07-02,ATM_011,Rural,8334.921057263275
2024-07-02,ATM_012,Urban,7952.816073399175
2024-07-02,ATM_013,Rural,6343.969376435622
2024-07-02,ATM_014,Suburban,7626.91329432954
2024-07-02,ATM_015,Suburban,6220.68132760895
2024-07-02,ATM_016,Rural,5610.502347291645
2024-07-02,ATM_017,Suburban,9475.3222130075
2024-07-02,ATM_018,Urban,13008.29988902612
2024-07-02,ATM_019,Urban,6804.362778561258
2024-07-02,ATM_020,Rural,6004.814015302991
2024-07-03,ATM_001,Urban,8063.270813326766
2024-07-03,ATM_002,Rural,5854.801831069974
2024-07-03,ATM_003,Suburban,4920.7097185652865
2024-07-03,ATM_004,Suburban,8587.902034018694
2024-07-03,ATM_005,Rural,4742.631096296436
2024-07-03,ATM_006,Urban,10865.458110825635
2024-07-03,ATM_007,Urban,10404.139440037114
2024-07-03,ATM_008,Rural,4743.103989122958
2024-07-03,ATM_009,Rural,6459.41280138955
2024-07-03,ATM_010,Suburban,6054.49685577297
2024-07-03,ATM_011,Rural,7852.979236717101
2024-07-03,ATM_012,Urban,8880.723764540591
2024-07-03,ATM_013,Rural,5483.320045442013
2024-07-03,ATM_014,Suburban,5499.5452304699975
2024-07-03,ATM_015,Suburban,8452.26398754505
2024-07-03,ATM_016,Rural,5509.051339786851
2024-07-03,ATM_017,Suburban,9558.350459459209
2024-07-03,ATM_018,Urban,9500.851975968628
2024-07-03,ATM_019,Urban,7488.842445874948
2024-07-03,ATM_020,Rural,7474.612003780381
2024-07-04,ATM_001,Urban,8694.3170558067
2024-07-04,ATM_002,Rural,3573.785998133467
2024-07-04,ATM_003,Suburban,6461.3162901205
2024-07-04,ATM_004,Suburban,8512.24352332237
2024-07-04,ATM_005,Rural,7685.265286738947
2024-07-04,ATM_006,Urban,8808.449495428928
2024-07-04,ATM_007,Urban,7402.539624960427
2024-07-04,ATM_008,Rural,6577.767304337295
2024-07-04,ATM_009,Rural,3552.4457167133573
2024-07-04,ATM_010,Suburban,8771.042317933121
2024-07-04,ATM_011,Rural,6867.48018763096
2024-07-04,ATM_012,Urban,6798.26007956766
2024-07-04,ATM_013,Rural,7068.433749552748
2024-07-04,ATM_014,Suburban,8368.751887714689
2024-07-04,ATM_015,Suburban,8407.100182575328
2024-07-04,ATM_016,Rural,4237.434351082295
2024-07-04,ATM_017,Suburban,8708.800740366694
2024-07-04,ATM_018,Urban,11626.875761015785
2024-07-04,ATM_019,Urban,7828.99578428989
2024-07-04,ATM_020,Rural,5768.322513727503
2024-07-05,ATM_001,Urban,10028.597406610645
2024-07-05,ATM_002,Rural,3373.9928012576775
2024-07-05,ATM_003,Suburban,3990.1191825133883
2024-07-05,ATM_004,Suburban,6596.795783968062
2024-07-05,ATM_005,Rural,3424.0545977994043
2024-07-05,ATM_006,Urban,7964.980546124518
2024-07-05,ATM_007,Urban,8392.967399827901
2024-07-05,ATM_008,Rural,5974.005716482697
2024-07-05,ATM_009,Rural,6901.419286607862
2024-07-05,ATM_010,Suburban,6944.107775742527
2024-07-05,ATM_011,Rural,3937.3611661888835
2024-07-05,ATM_012,Urban,9398.238714289975
2024-07-05,ATM_013,Rural,6761.23044989216
2024-07-05,ATM_014,Suburban,8043.966800235824
2024-07-05,ATM_015,Suburban,7387.119614274701
2024-07-05,ATM_016,Rural,3846.172745281734
2024-07-05,ATM_017,Suburban,9935.377245262987
2024-07-05,ATM_018,Urban,9182.319742919079
2024-07-05,ATM_019,Urban,9843.847509390262
2024-07-05,ATM_020,Rural,5400.978802746575
2024-07-06,ATM_001,Urban,7605.149038022338
2024-07-06,ATM_002,Rural,7663.696188194832
2024-07-06,ATM_003,Suburban,12086.504553087805
2024-07-06,ATM_004,Suburban,10737.410105412428
2024-07-06,ATM_005,Rural,4222.271808424914
2024-07-06,ATM_006,Urban,9430.593568214737
2024-07-06,ATM_007,Urban,11758.201846641237
2024-07-06,ATM_008,Rural,4400.592580452722
2024-07-06,ATM_009,Rural,7570.81020094552
2024-07-06,ATM_010,Suburban,7193.288792322066
2024-07-06,ATM_011,Rural,4662.56372201916
2024-07-06,ATM_012,Urban,9740.723420802777
2024-07-06,ATM_013,Rural,6022.84943921868
2024-07-06,ATM_014,Suburban,10158.301304299097
2024-07-06,ATM_015,Suburban,9056.922312152125
2024-07-06,ATM_016,Rural,7583.289042279192
2024-07-06,ATM_017,Suburban,7958.217782531646
2024-07-06,ATM_018,Urban,7170.423643462008
2024-07-06,ATM_019,Urban,14113.425268711024
2024-07-06,ATM_020,Rural,8418.68757809375
2024-07-07,ATM_001,Urban,11026.896366940791
2024-07-07,ATM_002,Rural,7127.888977394084
2024-07-07,ATM_003,Suburban,8909.205297243458
2024-07-07,ATM_004,Suburban,11438.610330035033
2024-07-07,ATM_005,Rural,9802.646671720824
2024-07-07,ATM_006,Urban,9417.028551651241
2024-07-07,ATM_007,Urban,8370.708599647156
2024-07-07,ATM_008,Rural,10436.77182111401
2024-07-07,ATM_009,Rural,4424.895706721794
2024-07-07,ATM_010,Suburban,6234.910746056263
2024-07-07,ATM_011,Rural,4332.998784409054
2024-07-07,ATM_012,Urban,10835.288582526653
2024-07-07,ATM_013,Rural,5771.1597953843875
2024-07-07,ATM_014,Suburban,7613.352049300197
2024-07-07,ATM_015,Suburban,9109.549716473804
2024-07-07,ATM_016,Rural,4530.728194399601
2024-07-07,ATM_017,Suburban,8715.666858393915
2024-07-07,ATM_018,Urban,10006.05832052134
2024-07-07,ATM_019,Urban,11898.625485137678
2024-07-07,ATM_020,Rural,9287.319022691403
2024-07-08,ATM_001,Urban,6375.47288495907
2024-07-08,ATM_002,Rural,7369.329155478426
2024-07-08,ATM_003,Suburban,5963.267830768234
2024-07-08,ATM_004,Suburban,5378.8159896288025
2024-07-08,ATM_005,Rural,7330.985142753385
2024-07-08,ATM_006,Urban,10535.880092978188
2024-07-08,ATM_007,Urban,8300.83903590118
2024-07-08,ATM_008,Rural,4094.2261995823433
2024-07-08,ATM_009,Rural,5248.672568319327
2024-07-08,ATM_010,Suburban,5492.157867076298
2024-07-08,ATM_011,Rural,4251.589995324897
2024-07-08,ATM_012,Urban,7891.853251771789
2024-07-08,ATM_013,Rural,5459.346054747126
2024-07-08,ATM_014,Suburban,9611.448529913288
2024-07-08,ATM_015,Suburban,7260.723212551851
2024-07-08,ATM_016,Rural,6330.617965537045
2024-07-08,ATM_017,Suburban,6843.227793712609
2024-07-08,ATM_018,Urban,7203.61337389598
2024-07-08,ATM_019,Urban,6307.027109332021
2024-07-08,ATM_020,Rural,7857.84797043103
2024-07-09,ATM_001,Urban,12772.876152992163
2024-07-09,ATM_002,Rural,5921.956957495061
2024-07-09,ATM_003,Suburban,7404.324817848034
2024-07-09,ATM_004,Suburban,6023.590824770076
2024-07-09,ATM_005,Rural,7543.701427021479
2024-07-09,ATM_006,Urban,7047.211196244821
2024-07-09,ATM_007,Urban,7328.705791581644
2024-07-09,ATM_008,Rural,6917.851920984636
2024-07-09,ATM_009,Rural,3838.17410846713
2024-07-09,ATM_010,Suburban,6988.920102520448
2024-07-09,ATM_011,Rural,6101.93875578247
2024-07-09,ATM_012,Urban,9538.688353721767
2024-07-09,ATM_013,Rural,3609.5238943905124
2024-07-09,ATM_014,Suburban,10339.013452546242
2024-07-09,ATM_015,Suburban,6435.038103960848
2024-07-09,ATM_016,Rural,5950.5815705361065
2024-07-09,ATM_017,Suburban,4061.0548682688973
2024-07-09,ATM_018,Urban,10213.585919428371
2024-07-09,ATM_019,Urban,8629.245714454772
2024-07-09,ATM_020,Rural,6641.018673974058
2024-07-10,ATM_001,Urban,6978.304820574418
2024-07-10,ATM_002,Rural,4006.088210161528
2024-07-10,ATM_003,Suburban,6211.024486976304
2024-07-10,ATM_004,Suburban,6489.661771653995
2024-07-10,ATM_005,Rural,6528.475872174695
2024-07-10,ATM_006,Urban,5405.228585660569
2024-07-10,ATM_007,Urban,10142.133807073207
2024-07-10,ATM_008,Rural,6035.399131188804
2024-07-10,ATM_009,Rural,4087.8417020454494
2024-07-10,ATM_010,Suburban,10531.611807184772
2024-07-10,ATM_011,Rural,4243.4291195223595
2024-07-10,ATM_012,Urban,7170.914330890098
2024-07-10,ATM_013,Rural,4306.667283093486
2024-07-10,ATM_014,Suburban,9934.89720695898
2024-07-10,ATM_015,Suburban,7526.886119609475
2024-07-10,ATM_016,Rural,3611.291137028046
2024-07-10,ATM_017,Suburban,7640.1201138237975
2024-07-10,ATM_018,Urban,7456.750512904385
2024-07-10,ATM_019,Urban,6980.424398247682
2024-07-10,ATM_020,Rural,5003.668822436917
2024-07-11,ATM_001,Urban,8038.757844101052
2024-07-11,ATM_002,Rural,4825.243983842833
2024-07-11,ATM_003,Suburban,10681.957208098705
2024-07-11,ATM_004,Suburban,7652.69399083151
2024-07-11,ATM_005,Rural,4351.18546082917
2024-07-11,ATM_006,Urban,11057.617594888296
2024-07-11,ATM_007,Urban,11446.54782482401
2024-07-11,ATM_008,Rural,7124.17662847442
2024-07-11,ATM_009,Rural,3536.228253626261
2024-07-11,ATM_010,Suburban,8294.7907746822
2024-07-11,ATM_011,Rural,7080.6261197016465
2024-07-11,ATM_012,Urban,12368.133976648556
2024-07-11,ATM_013,Rural,5882.5649888279295
2024-07-11,ATM_014,Suburban,8032.2100550145215
2024-07-11,ATM_015,Suburban,4462.743796509144
2024-07-11,ATM_016,Rural,5400.848920390139
2024-07-11,ATM_017,Suburban,6617.841162274998
2024-07-11,ATM_018,Urban,9130.545813851664
2024-07-11,ATM_019,Urban,10275.153178895256
2024-07-11,ATM_020,Rural,7143.717322567297
2024-07-12,ATM_001,Urban,9265.749329794124
2024-07-12,ATM_002,Rural,6591.796063769736
2024-07-12,ATM_003,Suburban,9345.887521187857
2024-07-12,ATM_004,Suburban,8988.73041950822
2024-07-12,ATM_005,Rural,6362.978902752126
2024-07-12,ATM_006,Urban,7097.105192674307
2024-07-12,ATM_007,Urban,10411.085949121305
2024-07-12,ATM_008,Rural,4217.678049425983
2024-07-12,ATM_009,Rural,7107.267898864088
2024-07-12,ATM_010,Suburban,8684.870185957165
2024-07-12,ATM_011,Rural,5950.9979208970635
2024-07-12,ATM_012,Urban,5119.506263584225
2024-07-12,ATM_013,Rural,5626.957896335151
2024-07-12,ATM_014,Suburban,10783.05398935395
2024-07-12,ATM_015,Suburban,5940.029308597283
2024-07-12,ATM_016,Rural,7371.082916691851
2024-07-12,ATM_017,Suburban,11100.327122063507
2024-07-12,ATM_018,Urban,10709.821561982535
2024-07-12,ATM_019,Urban,6797.29840536878
2024-07-12,ATM_020,Rural,5669.425879792349
2024-07-13,ATM_001,Urban,12281.26952934981
2024-07-13,ATM_002,Rural,2852.0255518164304
2024-07-13,ATM_003,Suburban,11035.294705697574
2024-07-13,ATM_004,Suburban,8945.264515457551
2024-07-13,ATM_005,Rural,9814.411332074376
2024-07-13,ATM_006,Urban,12073.080426925528
2024-07-13,ATM_007,Urban,12103.190332508695
2024-07-13,ATM_008,Rural,8135.464368122717
2024-07-13,ATM_009,Rural,7802.728179868892
2024-07-13,ATM_010,Suburban,9220.856875358424
2024-07-13,ATM_011,Rural,3186.906907977815
2024-07-13,ATM_012,Urban,9733.952044784732
2024-07-13,ATM_013,Rural,8118.14307621575
2024-07-13,ATM_014,Suburban,10913.758148701108
2024-07-13,ATM_015,Suburban,9357.458194213514
2024-07-13,ATM_016,Rural,5333.67977025593
2024-07-13,ATM_017,Suburban,8606.708165904241
2024-07-13,ATM_018,Urban,7947.023989258667
2024-07-13,ATM_019,Urban,12178.695322487012
2024-07-13,ATM_020,Rural,6691.596336858728
2024-07-14,ATM_001,Urban,7464.767969916063
2024-07-14,ATM_002,Rural,8821.493290549624
2024-07-14,ATM_003,Suburban,9913.28209225344
2024-07-14,ATM_004,Suburban,10159.35879160404
2024-07-14,ATM_005,Rural,5851.830329072431
2024-07-14,ATM_006,Urban,8946.092077328576
2024-07-14,ATM_007,Urban,10160.903287153656
2024-07-14,ATM_008,Rural,8223.130911561564
2024-07-14,ATM_009,Rural,10788.521940294677
2024-07-14,ATM_010,Suburban,5563.6958281882835
2024-07-14,ATM_011,Rural,7506.8303966735475
2024-07-14,ATM_012,Urban,14641.656629755413
2024-07-14,ATM_013,Rural,8226.995342230162
2024-07-14,ATM_014,Suburban,12846.201409313546
2024-07-14,ATM_015,Suburban,9981.016888749435
2024-07-14,ATM_016,Rural,8121.863152544016
2024-07-14,ATM_017,Suburban,6379.422839487954
2024-07-14,ATM_018,Urban,14019.900828949863
2024-07-14,ATM_019,Urban,10229.85989588451
2024-07-14,ATM_020,Rural,3971.1065335870508
2024-07-15,ATM_001,Urban,10919.699308983594
2024-07-15,ATM_002,Rural,5523.22026607826
2024-07-15,ATM_003,Suburban,7093.320605974456
2024-07-15,ATM_004,Suburban,6221.347921163046
2024-07-15,ATM_005,Rural,2806.363957625259
2024-07-15,ATM_006,Urban,9854.795408591352
2024-07-15,ATM_007,Urban,7461.440402985546
2024-07-15,ATM_008,Rural,3087.766672141806
2024-07-15,ATM_009,Rural,7206.857462694188
2024-07-15,ATM_010,Suburban,7508.977747533385
2024-07-15,ATM_011,Rural,7607.676666756062
2024-07-15,ATM_012,Urban,11080.487666619132
2024-07-15,ATM_013,Rural,5706.759107367379
2024-07-15,ATM_014,Suburban,6786.827850731634
2024-07-15,ATM_015,Suburban,6084.422441262457
2024-07-15,ATM_016,Rural,5891.332686816381
2024-07-15,ATM_017,Suburban,4930.537141239237
2024-07-15,ATM_018,Urban,9987.697535454554
2024-07-15,ATM_019,Urban,5035.424859790084
2024-07-15,ATM_020,Rural,4860.453972136664
2024-07-16,ATM_001,Urban,9374.040165643662
2024-07-16,ATM_002,Rural,6515.505541211222
2024-07-16,ATM_003,Suburban,6339.564490614783
2024-07-16,ATM_004,Suburban,6295.6454145266725
2024-07-16,ATM_005,Rural,4496.587694522637
2024-07-16,ATM_006,Urban,9969.804658278776
2024-07-16,ATM_007,Urban,5632.132662841912
2024-07-16,ATM_008,Rural,6849.362832097395
2024-07-16,ATM_009,Rural,3981.0355267690466
2024-07-16,ATM_010,Suburban,6321.6647413618975
2024-07-16,ATM_011,Rural,3882.332923957268
2024-07-16,ATM_012,Urban,9549.104415919654
2024-07-16,ATM_013,Rural,7861.815051301333
2024-07-16,ATM_014,Suburban,9357.883840562254
2024-07-16,ATM_015,Suburban,7051.867240660864
2024-07-16,ATM_016,Rural,5931.646587816674
2024-07-16,ATM_017,Suburban,9458.827301638214
2024-07-16,ATM_018,Urban,5417.427582355432
2024-07-16,ATM_019,Urban,10474.903092755754
2024-07-16,ATM_020,Rural,2524.280307557152
2024-07-17,ATM_001,Urban,10811.707612361253
2024-07-17,ATM_002,Rural,7140.037716369056
2024-07-17,ATM_003,Suburban,7463.687579433094
2024-07-17,ATM_004,Suburban,7432.075651750496
2024-07-17,ATM_005,Rural,6213.1298184958105
2024-07-17,ATM_006,Urban,8601.026688579732
2024-07-17,ATM_007,Urban,6691.707072985763
2024-07-17,ATM_008,Rural,7050.528387257298
2024-07-17,ATM_009,Rural,4494.7460627033415
2024-07-17,ATM_010,Suburban,7373.713569381137
2024-07-17,ATM_011,Rural,4428.596142021217
2024-07-17,ATM_012,Urban,8503.577394022608
2024-07-17,ATM_013,Rural,6936.730484058459
2024-07-17,ATM_014,Suburban,7507.819513111802
2024-07-17,ATM_015,Suburban,5628.981445796306
2024-07-17,ATM_016,Rural,5077.190853159331
2024-07-17,ATM_017,Suburban,7373.815197849665
2024-07-17,ATM_018,Urban,11780.912262638392
2024-07-17,ATM_019,Urban,7673.795775200998
2024-07-17,ATM_020,Rural,6710.544812040028
2024-07-18,ATM_001,Urban,11789.005614811062
2024-07-18,ATM_002,Rural,3913.5414315425814
2024-07-18,ATM_003,Suburban,8382.843076335213
2024-07-18,ATM_004,Suburban,9415.771879410746
2024-07-18,ATM_005,Rural,7289.637025540961
2024-07-18,ATM_006,Urban,12051.129034543294
2024-07-18,ATM_007,Urban,8729.167669302231
2024-07-18,ATM_008,Rural,7980.5917507326585
2024-07-18,ATM_009,Rural,7933.071572037077
2024-07-18,ATM_010,Suburban,9475.053300209349
2024-07-18,ATM_011,Rural,4785.055176981856
2024-07-18,ATM_012,Urban,8070.729221851892
2024-07-18,ATM_013,Rural,3163.9699301072874
2024-07-18,ATM_014,Suburban,9025.68943577492
2024-07-18,ATM_015,Suburban,8909.73485035039
2024-07-18,ATM_016,Rural,4486.348623266628
2024-07-18,ATM_017,Suburban,8890.921779441956
2024-07-18,ATM_018,Urban,9496.95652346009
2024-07-18,ATM_019,Urban,9824.097724538617
2024-07-18,ATM_020,Rural,2618.800243537848
2024-07-19,ATM_001,Urban,8143.524961552524
2024-07-19,ATM_002,Rural,4298.564816769534
2024-07-19,ATM_003,Suburban,6264.180005377343
2024-07-19,ATM_004,Suburban,7054.865795353887
2024-07-19,ATM_005,Rural,4538.599330745521
2024-07-19,ATM_006,Urban,8082.89470957881
2024-07-19,ATM_007,Urban,10760.728175680526
2024-07-19,ATM_008,Rural,6233.7067009508
2024-07-19,ATM_009,Rural,4115.284387923761
2024-07-19,ATM_010,Suburban,5532.744566733128
2024-07-19,ATM_011,Rural,5632.66283129928
2024-07-19,ATM_012,Urban,8546.785666855347
2024-07-19,ATM_013,Rural,2766.168865790386
2024-07-19,ATM_014,Suburban,7887.559439498233
2024-07-19,ATM_015,Suburban,9586.528314994413
2024-07-19,ATM_016,Rural,3341.713168613792
2024-07-19,ATM_017,Suburban,8511.928609961584
2024-07-19,ATM_018,Urban,8967.539044414603
2024-07-19,ATM_019,Urban,7788.423133314827
2024-07-19,ATM_020,Rural,6240.841287348105
2024-07-20,ATM_001,Urban,8618.618510782053
2024-07-20,ATM_002,Rural,6043.638281558431
2024-07-20,ATM_003,Suburban,11811.679188739361
2024-07-20,ATM_004,Suburban,8872.801395941227
2024-07-20,ATM_005,Rural,3587.242023626388
2024-07-20,ATM_006,Urban,11296.695585524296
2024-07-20,ATM_007,Urban,7988.666506798917
2024-07-20,ATM_008,Rural,8358.31921156917
2024-07-20,ATM_009,Rural,6028.576314781216
2024-07-20,ATM_010,Suburban,11561.384171004078
2024-07-20,ATM_011,Rural,7630.814681940825
2024-07-20,ATM_012,Urban,8961.168187606007
2024-07-20,ATM_013,Rural,4001.2654452602387
2024-07-20,ATM_014,Suburban,8721.093374494112
2024-07-20,ATM_015,Suburban,6185.9786246953345
2024-07-20,ATM_016,Rural,4825.388391007489
2024-07-20,ATM_017,Suburban,8451.829754610788
2024-07-20,ATM_018,Urban,9295.693699181431
2024-07-20,ATM_019,Urban,10173.543739313212
2024-07-20,ATM_020,Rural,5186.071472549191
2024-07-21,ATM_001,Urban,8427.957120795783
2024-07-21,ATM_002,Rural,6995.780923972607
2024-07-21,ATM_003,Suburban,5037.913647204678
2024-07-21,ATM_004,Suburban,10683.916699987803
2024-07-21,ATM_005,Rural,9482.724779533293
2024-07-21,ATM_006,Urban,10683.595731276311
2024-07-21,ATM_007,Urban,13551.746461504776
2024-07-21,ATM_008,Rural,4327.798402455905
2024-07-21,ATM_009,Rural,8555.80013421037
2024-07-21,ATM_010,Suburban,7555.692285712097
2024-07-21,ATM_011,Rural,4119.484714240531
2024-07-21,ATM_012,Urban,8671.043032954256
2024-07-21,ATM_013,Rural,8215.16191154295
2024-07-21,ATM_014,Suburban,9630.50779724022
2024-07-21,ATM_015,Suburban,7557.534441947751
2024-07-21,ATM_016,Rural,9429.311874247436
2024-07-21,ATM_017,Suburban,10107.102990039613
2024-07-21,ATM_018,Urban,9084.180492405912
2024-07-21,ATM_019,Urban,8805.618289963693
2024-07-21,ATM_020,Rural,6929.304523279554
2024-07-22,ATM_001,Urban,8877.690237809487
2024-07-22,ATM_002,Rural,7617.08435308351
2024-07-22,ATM_003,Suburban,7509.832361798784
2024-07-22,ATM_004,Suburban,9031.518292629913
2024-07-22,ATM_005,Rural,7122.5291137489085
2024-07-22,ATM_006,Urban,9763.825119912577
2024-07-22,ATM_007,Urban,10079.475068112934
2024-07-22,ATM_008,Rural,8012.870647415906
2024-07-22,ATM_009,Rural,4602.405668216447
2024-07-22,ATM_010,Suburban,10136.699564086373
2024-07-22,ATM_011,Rural,5063.381849658228
2024-07-22,ATM_012,Urban,7152.8541929439825
2024-07-22,ATM_013,Rural,5663.835202229522
2024-07-22,ATM_014,Suburban,10123.944416422786
2024-07-22,ATM_015,Suburban,4002.5969699650204
2024-07-22,ATM_016,Rural,7335.621630214215
2024-07-22,ATM_017,Suburban,4506.442139487238
2024-07-22,ATM_018,Urban,6638.4725589750315
2024-07-22,ATM_019,Urban,10193.731664011972
2024-07-22,ATM_020,Rural,6279.894008599481
2024-07-23,ATM_001,Urban,9199.723002745313
2024-07-23,ATM_002,Rural,6227.933243165083
2024-07-23,ATM_003,Suburban,3964.1854235055844
2024-07-23,ATM_004,Suburban,7177.90083404128
2024-07-23,ATM_005,Rural,3518.875216415099
2024-07-23,ATM_006,Urban,8909.84128284408
2024-07-23,ATM_007,Urban,8629.085577172562
2024-07-23,ATM_008,Rural,6994.674898410179
2024-07-23,ATM_009,Rural,6209.198770914275
2024-07-23,ATM_010,Suburban,8255.47845296239
2024-07-23,ATM_011,Rural,6759.331847242352
2024-07-23,ATM_012,Urban,9022.59628809749
2024-07-23,ATM_013,Rural,4948.862081246917
2024-07-23,ATM_014,Suburban,7123.908991198131
2024-07-23,ATM_015,Suburban,3774.8438268121054
2024-07-23,ATM_016,Rural,4671.795955044057
2024-07-23,ATM_017,Suburban,6699.760024180212
2024-07-23,ATM_018,Urban,7239.084777129546
2024-07-23,ATM_019,Urban,8790.385194159975
2024-07-23,ATM_020,Rural,8144.215583790872
2024-07-24,ATM_001,Urban,8543.001531959602
2024-07-24,ATM_002,Rural,4331.037849209172
2024-07-24,ATM_003,Suburban,6687.39281896627
2024-07-24,ATM_004,Suburban,6765.081183455361
2024-07-24,ATM_005,Rural,5597.867560084755
2024-07-24,ATM_006,Urban,10849.903571478986
2024-07-24,ATM_007,Urban,10149.848293864936
2024-07-24,ATM_008,Rural,3364.3764155836902
2024-07-24,ATM_009,Rural,4455.4159536561065
2024-07-24,ATM_010,Suburban,7274.620724064145
2024-07-24,ATM_011,Rural,4984.446923679086
2024-07-24,ATM_012,Urban,10239.378825520977
2024-07-24,ATM_013,Rural,4310.5083359131995
2024-07-24,ATM_014,Suburban,6118.815605456828
2024-07-24,ATM_015,Suburban,8194.138209719873
2024-07-24,ATM_016,Rural,7142.043425078405
2024-07-24,ATM_017,Suburban,7440.779056702479
2024-07-24,ATM_018,Urban,8846.949659796835
2024-07-24,ATM_019,Urban,5161.764620312623
2024-07-24,ATM_020,Rural,3149.7966906151014
2024-07-25,ATM_001,Urban,11412.735244877696
2024-07-25,ATM_002,Rural,7453.875137190586
2024-07-25,ATM_003,Suburban,6098.617861623035
2024-07-25,ATM_004,Suburban,9469.473246207206
2024-07-25,ATM_005,Rural,6776.7286310600475
2024-07-25,ATM_006,Urban,8468.520161359544
2024-07-25,ATM_007,Urban,10886.759304472675
2024-07-25,ATM_008,Rural,5663.362455482464
2024-07-25,ATM_009,Rural,6955.346522113854
2024-07-25,ATM_010,Suburban,9161.445030072813
2024-07-25,ATM_011,Rural,4411.904429346405
2024-07-25,ATM_012,Urban,6307.38495417842
2024-07-25,ATM_013,Rural,4651.403905238537
2024-07-25,ATM_014,Suburban,5586.691206211538
2024-07-25,ATM_015,Suburban,8401.418121784263
2024-07-25,ATM_016,Rural,5027.1535501382505
2024-07-25,ATM_017,Suburban,6306.565706778737
2024-07-25,ATM_018,Urban,8802.859170089736
2024-07-25,ATM_019,Urban,9793.840814104791
2024-07-25,ATM_020,Rural,3206.6627801321324
2024-07-26,ATM_001,Urban,8704.696997433977
2024-07-26,ATM_002,Rural,6529.688253893268
2024-07-26,ATM_003,Suburban,10087.269561209021
2024-07-26,ATM_004,Suburban,6459.922761711137
2024-07-26,ATM_005,Rural,6482.2366729703
2024-07-26,ATM_006,Urban,9992.825335576443
2024-07-26,ATM_007,Urban,11036.186298746388
2024-07-26,ATM_008,Rural,7565.842793536469
2024-07-26,ATM_009,Rural,3413.216176121378
2024-07-26,ATM_010,Suburban,5984.997479776895
2024-07-26,ATM_011,Rural,6417.305346556594
2024-07-26,ATM_012,Urban,9015.669263099979
2024-07-26,ATM_013,Rural,3961.184065005286
2024-07-26,ATM_014,Suburban,7240.487799897106
2024-07-26,ATM_015,Suburban,6297.177313697055
2024-07-26,ATM_016,Rural,6467.556161368004
2024-07-26,ATM_017,Suburban,9561.52879988204
2024-07-26,ATM_018,Urban,6501.371546680634
2024-07-26,ATM_019,Urban,10775.65695029868
2024-07-26,ATM_020,Rural,6965.625841704867
2024-07-27,ATM_001,Urban,13166.176777452178
2024-07-27,ATM_002,Rural,10164.16868893805
2024-07-27,ATM_003,Suburban,9251.385841337476
2024-07-27,ATM_004,Suburban,7385.552773030841
2024-07-27,ATM_005,Rural,5935.9605415437445
2024-07-27,ATM_006,Urban,10438.062543756467
2024-07-27,ATM_007,Urban,9522.163324659921
2024-07-27,ATM_008,Rural,6937.836654079295
2024-07-27,ATM_009,Rural,7536.311829196436
2024-07-27,ATM_010,Suburban,7357.872033635573
2024-07-27,ATM_011,Rural,5975.779518056353
2024-07-27,ATM_012,Urban,10146.615890489184
2024-07-27,ATM_013,Rural,8291.900616186154
2024-07-27,ATM_014,Suburban,8667.583176659558
2024-07-27,ATM_015,Suburban,9421.051534758984
2024-07-27,ATM_016,Rural,7918.54868189559
2024-07-27,ATM_017,Suburban,7987.765277210015
2024-07-27,ATM_018,Urban,12202.968174615251
2024-07-27,ATM_019,Urban,7752.276301136005
2024-07-27,ATM_020,Rural,5536.7868050671805
2024-07-28,ATM_001,Urban,9992.292512907838
2024-07-28,ATM_002,Rural,6467.436836363766
2024-07-28,ATM_003,Suburban,6917.698382255279
2024-07-28,ATM_004,Suburban,11869.281094445287
2024-07-28,ATM_005,Rural,9283.10563558509
2024-07-28,ATM_006,Urban,12926.747704693918
2024-07-28,ATM_007,Urban,11646.208013031444
2024-07-28,ATM_008,Rural,4575.738775439156
2024-07-28,ATM_009,Rural,5603.222353847831
2024-07-28,ATM_010,Suburban,10880.146131108706
2024-07-28,ATM_011,Rural,8351.186874973871
2024-07-28,ATM_012,Urban,13933.012418998187
2024-07-28,ATM_013,Rural,8772.924657699448
2024-07-28,ATM_014,Suburban,5332.59966552064
2024-07-28,ATM_015,Suburban,6762.819839151084
2024-07-28,ATM_016,Rural,7007.898144701443
2024-07-28,ATM_017,Suburban,8294.768049388173
2024-07-28,ATM_018,Urban,12448.528769388238
2024-07-28,ATM_019,Urban,11145.53870951954
2024-07-28,ATM_020,Rural,3996.0648844762327
2024-07-29,ATM_001,Urban,8686.643928896096
2024-07-29,ATM_002,Rural,7043.819984578402
2024-07-29,ATM_003,Suburban,8800.306354431284
2024-07-29,ATM_004,Suburban,4415.150505217924
2024-07-29,ATM_005,Rural,6107.588172791749
2024-07-29,ATM_006,Urban,11635.565037784083
2024-07-29,ATM_007,Urban,6100.81664707404
2024-07-29,ATM_008,Rural,3794.7074486766637
2024-07-29,ATM_009,Rural,7171.7629405507705
2024-07-29,ATM_010,Suburban,5261.826928781342
2024-07-29,ATM_011,Rural,4317.681540453852
2024-07-29,ATM_012,Urban,10743.20317577554
2024-07-29,ATM_013,Rural,2900.2113134594365
2024-07-29,ATM_014,Suburban,7968.125242658542
2024-07-29,ATM_015,Suburban,6033.367374643371
2024-07-29,ATM_016,Rural,4523.825574528955
2024-07-29,ATM_017,Suburban,8774.5978951989
2024-07-29,ATM_018,Urban,8423.100159765341
2024-07-29,ATM_019,Urban,4249.472008911231
2024-07-29,ATM_020,Rural,4074.477575770192
2024-07-30,ATM_001,Urban,9614.982033138727
2024-07-30,ATM_002,Rural,3694.887789859014
2024-07-30,ATM_003,Suburban,9068.413562469968
2024-07-30,ATM_004,Suburban,6463.543414412515
2024-07-30,ATM_005,Rural,3547.374969612819
2024-07-30,ATM_006,Urban,11493.062615567698
2024-07-30,ATM_007,Urban,9016.496047919063
2024-07-30,ATM_008,Rural,3281.021765669163
2024-07-30,ATM_009,Rural,3351.542472470093
2024-07-30,ATM_010,Suburban,7319.42726713967
2024-07-30,ATM_011,Rural,2219.507476739642
2024-07-30,ATM_012,Urban,10477.638400434991
2024-07-30,ATM_013,Rural,7333.525405822573
2024-07-30,ATM_014,Suburban,7875.94391323742
2024-07-30,ATM_015,Suburban,7190.420522107775
2024-07-30,ATM_016,Rural,6595.695801289142
2024-07-30,ATM_017,Suburban,9947.54100802552
2024-07-30,ATM_018,Urban,10224.87648838087
2024-07-30,ATM_019,Urban,10550.983559759463
2024-07-30,ATM_020,Rural,6049.063308765077
2024-07-31,ATM_001,Urban,8288.856431713742
2024-07-31,ATM_002,Rural,7040.53804711859
2024-07-31,ATM_003,Suburban,10073.254995795474
2024-07-31,ATM_004,Suburban,8955.261854075634
2024-07-31,ATM_005,Rural,9883.798433841652
2024-07-31,ATM_006,Urban,10642.913417205213
2024-07-31,ATM_007,Urban,11459.221407517649
2024-07-31,ATM_008,Rural,8848.759416497302
2024-07-31,ATM_009,Rural,8177.95873139416
2024-07-31,ATM_010,Suburban,7350.782447648773
2024-07-31,ATM_011,Rural,4922.534766614057
2024-07-31,ATM_012,Urban,15772.213287323411
2024-07-31,ATM_013,Rural,5384.930677414918
2024-07-31,ATM_014,Suburban,12536.477358094748
2024-07-31,ATM_015,Suburban,12334.453992832823
2024-07-31,ATM_016,Rural,8419.590211338997
2024-07-31,ATM_017,Suburban,10940.984765463687
2024-07-31,ATM_018,Urban,10600.312391449903
2024-07-31,ATM_019,Urban,8724.98766879212
2024-07-31,ATM_020,Rural,9492.487547001514
2024-08-01,ATM_001,Urban,10526.607174260298
2024-08-01,ATM_002,Rural,5953.238568692353
2024-08-01,ATM_003,Suburban,8534.696390612333
2024-08-01,ATM_004,Suburban,5135.753828731666
2024-08-01,ATM_005,Rural,6950.96053199244
2024-08-01,ATM_006,Urban,7629.205290289704
2024-08-01,ATM_007,Urban,10462.066482760278
2024-08-01,ATM_008,Rural,5077.3662798784835
2024-08-01,ATM_009,Rural,6105.552890446648
2024-08-01,ATM_010,Suburban,5993.332392588383
2024-08-01,ATM_011,Rural,7215.654888745447
2024-08-01,ATM_012,Urban,9141.755068468485
2024-08-01,ATM_013,Rural,4443.871143713625
2024-08-01,ATM_014,Suburban,8620.68976382724
2024-08-01,ATM_015,Suburban,8220.565030467349
2024-08-01,ATM_016,Rural,5891.2551146799915
2024-08-01,ATM_017,Suburban,7995.9298500133345
2024-08-01,ATM_018,Urban,10197.052303906554
2024-08-01,ATM_019,Urban,10442.388760180156
2024-08-01,ATM_020,Rural,3209.9023721166327
2024-08-02,ATM_001,Urban,8478.023770798001
2024-08-02,ATM_002,Rural,7159.996849916369
2024-08-02,ATM_003,Suburban,5948.020425251674
2024-08-02,ATM_004,Suburban,8357.425996585638
2024-08-02,ATM_005,Rural,6989.962295125317
2024-08-02,ATM_006,Urban,11310.781484510539
2024-08-02,ATM_007,Urban,11883.121327720803
2024-08-02,ATM_008,Rural,7298.997428738003
2024-08-02,ATM_009,Rural,4881.662821687162
2024-08-02,ATM_010,Suburban,6179.520289255446
2024-08-02,ATM_011,Rural,6922.660552836687
2024-08-02,ATM_012,Urban,6919.9705869738145
2024-08-02,ATM_013,Rural,3118.0522726571635
2024-08-02,ATM_014,Suburban,6391.808064234181
2024-08-02,ATM_015,Suburban,6215.738126566059
2024-08-02,ATM_016,Rural,5925.6021264575
2024-08-02,ATM_017,Suburban,6342.063065722497
2024-08-02,ATM_018,Urban,12456.917039573025
2024-08-02,ATM_019,Urban,11833.75813516411
2024-08-02,ATM_020,Rural,4398.088609387118
2024-08-03,ATM_001,Urban,7988.921170741254
2024-08-03,ATM_002,Rural,5817.174745049876
2024-08-03,ATM_003,Suburban,10351.080928255957
2024-08-03,ATM_004,Suburban,10708.479383405376
2024-08-03,ATM_005,Rural,7690.7258235653
2024-08-03,ATM_006,Urban,10279.235748123214
2024-08-03,ATM_007,Urban,8942.481147119559
2024-08-03,ATM_008,Rural,5855.061136586866
2024-08-03,ATM_009,Rural,6203.701666381008
2024-08-03,ATM_010,Suburban,10815.565974879797
2024-08-03,ATM_011,Rural,3786.1829887405174
2024-08-03,ATM_012,Urban,7866.522165309916
2024-08-03,ATM_013,Rural,8590.235444590053
2024-08-03,ATM_014,Suburban,5990.297121398284
2024-08-03,ATM_015,Suburban,10386.199060038369
2024-08-03,ATM_016,Rural,4224.344195217894
2024-08-03,ATM_017,Suburban,9229.027734074154
2024-08-03,ATM_018,Urban,8582.857747016249
2024-08-03,ATM_019,Urban,7502.80613159478
2024-08-03,ATM_020,Rural,7631.218722237471
2024-08-04,ATM_001,Urban,10301.498401463326
2024-08-04,ATM_002,Rural,4402.381005991724
2024-08-04,ATM_003,Suburban,8531.602790874133
2024-08-04,ATM_004,Suburban,10054.412687548782
2024-08-04,ATM_005,Rural,6555.716373529035
2024-08-04,ATM_006,Urban,11620.934331915925
2024-08-04,ATM_007,Urban,8366.476240313516
2024-08-04,ATM_008,Rural,8463.743066599754
2024-08-04,ATM_009,Rural,4247.085257977873
2024-08-04,ATM_010,Suburban,4932.795100109962
2024-08-04,ATM_011,Rural,3939.5000147667834
2024-08-04,ATM_012,Urban,13429.761968641627
2024-08-04,ATM_013,Rural,7164.924831509748
2024-08-04,ATM_014,Suburban,8693.905996817304
2024-08-04,ATM_015,Suburban,7367.433708796532
2024-08-04,ATM_016,Rural,6703.206549776635
2024-08-04,ATM_017,Suburban,11859.920908553104
2024-08-04,ATM_018,Urban,8632.217811413379
2024-08-04,ATM_019,Urban,13565.355173844859
2024-08-04,ATM_020,Rural,3652.109445993279
2024-08-05,ATM_001,Urban,10913.661235790865
2024-08-05,ATM_002,Rural,6069.222723577686
2024-08-05,ATM_003,Suburban,4276.0047287805955
2024-08-05,ATM_004,Suburban,5001.019740052128
2024-08-05,ATM_005,Rural,5824.395587180449
2024-08-05,ATM_006,Urban,10308.093433874934
2024-08-05,ATM_007,Urban,7271.80643169156
2024-08-05,ATM_008,Rural,3631.793379835503
2024-08-05,ATM_009,Rural,4501.624742977394
2024-08-05,ATM_010,Suburban,7107.722033733847
2024-08-05,ATM_011,Rural,6784.975594953446
2024-08-05,ATM_012,Urban,6652.612232417741
2024-08-05,ATM_013,Rural,4560.905224816971
2024-08-05,ATM_014,Suburban,4657.215615189832
2024-08-05,ATM_015,Suburban,6374.727411966137
2024-08-05,ATM_016,Rural,3746.7516392401235
2024-08-05,ATM_017,Suburban,9615.171022231785
2024-08-05,ATM_018,Urban,9772.609479455248
2024-08-05,ATM_019,Urban,9833.057524892725
2024-08-05,ATM_020,Rural,5787.6317607921455
2024-08-06,ATM_001,Urban,8075.304953145681
2024-08-06,ATM_002,Rural,5126.205328515658
2024-08-06,ATM_003,Suburban,10358.097608286522
2024-08-06,ATM_004,Suburban,7953.69812495448
2024-08-06,ATM_005,Rural,3953.583925235606
2024-08-06,ATM_006,Urban,10354.315491037916
2024-08-06,ATM_007,Urban,7436.679054518608
2024-08-06,ATM_008,Rural,7497.028078419928
2024-08-06,ATM_009,Rural,7356.3358502709225
2024-08-06,ATM_010,Suburban,4770.829440575352
2024-08-06,ATM_011,Rural,4978.192632604144
2024-08-06,ATM_012,Urban,8567.596585653942
2024-08-06,ATM_013,Rural,4584.204958704824
2024-08-06,ATM_014,Suburban,9419.724209918779
2024-08-06,ATM_015,Suburban,8375.162512961
2024-08-06,ATM_016,Rural,5572.8979244237835
2024-08-06,ATM_017,Suburban,7674.222079801245
2024-08-06,ATM_018,Urban,8645.924716344292
2024-08-06,ATM_019,Urban,8087.571457781254
2024-08-06,ATM_020,Rural,5826.206988755752
2024-08-07,ATM_001,Urban,11245.205626669316
2024-08-07,ATM_002,Rural,3262.891688512072
2024-08-07,ATM_003,Suburban,5689.761583477301
2024-08-07,ATM_004,Suburban,9699.607880004638
2024-08-07,ATM_005,Rural,5694.895535683378
2024-08-07,ATM_006,Urban,10727.459035069673
2024-08-07,ATM_007,Urban,9163.283115743126
2024-08-07,ATM_008,Rural,5165.331906595108
2024-08-07,ATM_009,Rural,3215.7058962733
2024-08-07,ATM_010,Suburban,8044.177112814825
2024-08-07,ATM_011,Rural,4218.420681286423
2024-08-07,ATM_012,Urban,6576.520208382062
2024-08-07,ATM_013,Rural,6987.2627061934745
2024-08-07,ATM_014,Suburban,4390.145151548863
2024-08-07,ATM_015,Suburban,6147.602053655063
2024-08-07,ATM_016,Rural,4864.805901232111
2024-08-07,ATM_017,Suburban,5571.026530504121
2024-08-07,ATM_018,Urban,5161.549388729218
2024-08-07,ATM_019,Urban,7934.27987310432
2024-08-07,ATM_020,Rural,5906.05403487821
2024-08-08,ATM_001,Urban,8125.9368702721695
2024-08-08,ATM_002,Rural,4005.0686605478677
2024-08-08,ATM_003,Suburban,6659.916625330335
2024-08-08,ATM_004,Suburban,6106.352467220392
2024-08-08,ATM_005,Rural,7652.7121742995405
2024-08-08,ATM_006,Urban,8987.986231369869
2024-08-08,ATM_007,Urban,10748.989022615
2024-08-08,ATM_008,Rural,7904.27038300654
2024-08-08,ATM_009,Rural,4557.2491326413265
2024-08-08,ATM_010,Suburban,8383.551109062391
2024-08-08,ATM_011,Rural,5772.744688152234
2024-08-08,ATM_012,Urban,10168.118065326546
2024-08-08,ATM_013,Rural,5887.987448758131
2024-08-08,ATM_014,Suburban,8863.368692317157
2024-08-08,ATM_015,Suburban,7858.685092279511
2024-08-08,ATM_016,Rural,5355.674836877708
2024-08-08,ATM_017,Suburban,4862.32908441714
2024-08-08,ATM_018,Urban,8356.808815803182
2024-08-08,ATM_019,Urban,9815.568458489126
2024-08-08,ATM_020,Rural,5967.256277781292
2024-08-09,ATM_001,Urban,6190.471850603466
2024-08-09,ATM_002,Rural,7287.027950192421
2024-08-09,ATM_003,Suburban,9148.96096611499
2024-08-09,ATM_004,Suburban,6738.617616983885
2024-08-09,ATM_005,Rural,3668.133298691654
2024-08-09,ATM_006,Urban,7430.911227810646
2024-08-09,ATM_007,Urban,9365.312989699234
2024-08-09,ATM_008,Rural,3762.4463411201777
2024-08-09,ATM_009,Rural,5972.69781110424
2024-08-09,ATM_010,Suburban,8420.357446640279
2024-08-09,ATM_011,Rural,3735.589419329156
2024-08-09,ATM_012,Urban,6667.34688111997
2024-08-09,ATM_013,Rural,5102.720527807374
2024-08-09,ATM_014,Suburban,8420.48045795839
2024-08-09,ATM_015,Suburban,5446.16797224804
2024-08-09,ATM_016,Rural,4703.312607587405
2024-08-09,ATM_017,Suburban,6182.90427551406
2024-08-09,ATM_018,Urban,9445.3918191233
2024-08-09,ATM_019,Urban,8385.310319132665
2024-08-09,ATM_020,Rural,6873.104742801238
2024-08-10,ATM_001,Urban,12222.347199549105
2024-08-10,ATM_002,Rural,8641.327982751955
2024-08-10,ATM_003,Suburban,9555.487471424945
2024-08-10,ATM_004,Suburban,9845.082570977587
2024-08-10,ATM_005,Rural,9005.71704279057
2024-08-10,ATM_006,Urban,12062.467513784866
2024-08-10,ATM_007,Urban,12445.958508490332
2024-08-10,ATM_008,Rural,9183.272516076206
2024-08-10,ATM_009,Rural,5087.376166720188
2024-08-10,ATM_010,Suburban,7474.184036019605
2024-08-10,ATM_011,Rural,6682.4545784957945
2024-08-10,ATM_012,Urban,11832.675017695105
2024-08-10,ATM_013,Rural,7148.550080940005
2024-08-10,ATM_014,Suburban,8361.049632000395
2024-08-10,ATM_015,Suburban,10579.358388504497
2024-08-10,ATM_016,Rural,4927.010577348931
2024-08-10,ATM_017,Suburban,7915.665068920642
2024-08-10,ATM_018,Urban,14290.269120140963
2024-08-10,ATM_019,Urban,7266.125224853155
2024-08-10,ATM_020,Rural,3970.7627587820557
2024-08-11,ATM_001,Urban,11291.025080652054
2024-08-11,ATM_002,Rural,6735.867386570789
2024-08-11,ATM_003,Suburban,7280.4574479519215
2024-08-11,ATM_004,Suburban,10292.683176075683
2024-08-11,ATM_005,Rural,9784.888853320834
2024-08-11,ATM_006,Urban,11991.384621202646
2024-08-11,ATM_007,Urban,9561.89545137151
2024-08-11,ATM_008,Rural,4502.454492437136
2024-08-11,ATM_009,Rural,5930.252736534785
2024-08-11,ATM_010,Suburban,6730.391063310246
2024-08-11,ATM_011,Rural,8040.201909090341
2024-08-11,ATM_012,Urban,8866.913877306677
2024-08-11,ATM_013,Rural,4053.893696772976
2024-08-11,ATM_014,Suburban,8984.65523281034
2024-08-11,ATM_015,Suburban,9622.911925417955
2024-08-11,ATM_016,Rural,8572.448483125798
2024-08-11,ATM_017,Suburban,13447.896438579097
2024-08-11,ATM_018,Urban,12398.509792984229
2024-08-11,ATM_019,Urban,10231.794932017574
2024-08-11,ATM_020,Rural,8351.360621320537
2024-08-12,ATM_001,Urban,10664.543866814876
2024-08-12,ATM_002,Rural,7304.830116984269
2024-08-12,ATM_003,Suburban,8706.505266515154
2024-08-12,ATM_004,Suburban,7930.343342727813
2024-08-12,ATM_005,Rural,3428.1678519704747
2024-08-12,ATM_006,Urban,10985.249247194863
2024-08-12,ATM_007,Urban,8351.94341061899
2024-08-12,ATM_008,Rural,5849.562849557888
2024-08-12,ATM_009,Rural,5306.548461503109
2024-08-12,ATM_010,Suburban,8694.268282363591
2024-08-12,ATM_011,Rural,8067.7129022959925
2024-08-12,ATM_012,Urban,7998.5752675780395
2024-08-12,ATM_013,Rural,2776.8989276328925
2024-08-12,ATM_014,Suburban,8863.796027063776
2024-08-12,ATM_015,Suburban,7422.890058859695
2024-08-12,ATM_016,Rural,8020.400250484248
2024-08-12,ATM_017,Suburban,10245.18138972996
2024-08-12,ATM_018,Urban,11492.425592145757
2024-08-12,ATM_019,Urban,6232.29287639828
2024-08-12,ATM_020,Rural,3781.8495743426943
2024-08-13,ATM_001,Urban,11554.583585276407
2024-08-13,ATM_002,Rural,6513.765234199004
2024-08-13,ATM_003,Suburban,7851.77905775599
2024-08-13,ATM_004,Suburban,4620.216849771524
2024-08-13,ATM_005,Rural,7443.237018153654
2024-08-13,ATM_006,Urban,6885.888325103189
2024-08-13,ATM_007,Urban,8263.482521528453
2024-08-13,ATM_008,Rural,6910.650619305901
2024-08-13,ATM_009,Rural,7902.360715223018
2024-08-13,ATM_010,Suburban,5548.949934025063
2024-08-13,ATM_011,Rural,7624.6544906292
2024-08-13,ATM_012,Urban,6290.811566673256
2024-08-13,ATM_013,Rural,3590.0108209829637
2024-08-13,ATM_014,Suburban,6054.494942408113
2024-08-13,ATM_015,Suburban,8277.588049721518
2024-08-13,ATM_016,Rural,7408.2911605078425
2024-08-13,ATM_017,Suburban,5906.991235437583
2024-08-13,ATM_018,Urban,8841.920648398791
2024-08-13,ATM_019,Urban,8268.132985213997
2024-08-13,ATM_020,Rural,4699.029209424409
2024-08-14,ATM_001,Urban,8201.192481900149
2024-08-14,ATM_002,Rural,8055.141397851005
2024-08-14,ATM_003,Suburban,8085.793571406446
2024-08-14,ATM_004,Suburban,9138.627153305591
2024-08-14,ATM_005,Rural,4055.5454234927056
2024-08-14,ATM_006,Urban,10045.05987852812
2024-08-14,ATM_007,Urban,8984.658566285942
2024-08-14,ATM_008,Rural,5300.558936844849
2024-08-14,ATM_009,Rural,8115.603644767238
2024-08-14,ATM_010,Suburban,8744.105906487772
2024-08-14,ATM_011,Rural,4403.500568777518
2024-08-14,ATM_012,Urban,7486.748978879756
2024-08-14,ATM_013,Rural,5619.441825808216
2024-08-14,ATM_014,Suburban,7773.2226869264405
2024-08-14,ATM_015,Suburban,8865.90204843052
2024-08-14,ATM_016,Rural,4916.999052045016
2024-08-14,ATM_017,Suburban,6881.351980247055
2024-08-14,ATM_018,Urban,8209.67751672403
2024-08-14,ATM_019,Urban,6812.3411295556325
2024-08-14,ATM_020,Rural,6549.78190291314
2024-08-15,ATM_001,Urban,10390.053611227338
2024-08-15,ATM_002,Rural,3184.464809866742
2024-08-15,ATM_003,Suburban,5065.967591015138
2024-08-15,ATM_004,Suburban,7044.105028534612
2024-08-15,ATM_005,Rural,4722.27115704817
2024-08-15,ATM_006,Urban,6272.310218801489
2024-08-15,ATM_007,Urban,7389.9167510729885
2024-08-15,ATM_008,Rural,6697.49372530761
2024-08-15,ATM_009,Rural,4697.50726632829
2024-08-15,ATM_010,Suburban,8344.420252644226
2024-08-15,ATM_011,Rural,6472.175172109444
2024-08-15,ATM_012,Urban,12553.517417750447
2024-08-15,ATM_013,Rural,3280.3488266163927
2024-08-15,ATM_014,Suburban,4968.424957123458
2024-08-15,ATM_015,Suburban,6193.9870537941015
2024-08-15,ATM_016,Rural,5523.942236669718
2024-08-15,ATM_017,Suburban,7601.475044972348
2024-08-15,ATM_018,Urban,7368.99318482343
2024-08-15,ATM_019,Urban,7840.146706444738
2024-08-15,ATM_020,Rural,7939.4096293654275
2024-08-16,ATM_001,Urban,8759.021957595
2024-08-16,ATM_002,Rural,4650.763610026915
2024-08-16,ATM_003,Suburban,7104.933348268969
2024-08-16,ATM_004,Suburban,8775.691163070576
2024-08-16,ATM_005,Rural,4087.1692315928567
2024-08-16,ATM_006,Urban,8517.17979753968
2024-08-16,ATM_007,Urban,8723.888030147114
2024-08-16,ATM_008,Rural,4555.519076119694
2024-08-16,ATM_009,Rural,3693.692932071972
2024-08-16,ATM_010,Suburban,5513.592479571556
2024-08-16,ATM_011,Rural,8231.686004791256
2024-08-16,ATM_012,Urban,9321.179855409911
2024-08-16,ATM_013,Rural,6051.106511961067
2024-08-16,ATM_014,Suburban,5721.203268800566
2024-08-16,ATM_015,Suburban,7900.078365853815
2024-08-16,ATM_016,Rural,3425.024255557118
2024-08-16,ATM_017,Suburban,10661.191871046018
2024-08-16,ATM_018,Urban,12450.281229589777
2024-08-16,ATM_019,Urban,9038.898051117301
2024-08-16,ATM_020,Rural,7357.0344929590065
2024-08-17,ATM_001,Urban,7601.853671002806
2024-08-17,ATM_002,Rural,8797.276122809326
2024-08-17,ATM_003,Suburban,8182.336736627564
2024-08-17,ATM_004,Suburban,5547.4955156989145
2024-08-17,ATM_005,Rural,4638.498415607539
2024-08-17,ATM_006,Urban,6192.1461325844975
2024-08-17,ATM_007,Urban,9657.480427106617
2024-08-17,ATM_008,Rural,9413.67281027812
2024-08-17,ATM_009,Rural,4824.378494113744
2024-08-17,ATM_010,Suburban,9406.474844995117
2024-08-17,ATM_011,Rural,6651.308227774103
2024-08-17,ATM_012,Urban,12785.191546581053
2024-08-17,ATM_013,Rural,4364.772693893428
2024-08-17,ATM_014,Suburban,9166.98185954141
2024-08-17,ATM_015,Suburban,6141.803616950607
2024-08-17,ATM_016,Rural,5783.6492334994955
2024-08-17,ATM_017,Suburban,9866.860058732236
2024-08-17,ATM_018,Urban,11100.109043530156
2024-08-17,ATM_019,Urban,13454.859062305539
2024-08-17,ATM_020,Rural,9194.069570145975
2024-08-18,ATM_001,Urban,11723.103470483586
2024-08-18,ATM_002,Rural,5051.7586630043415
2024-08-18,ATM_003,Suburban,8483.14361641951
2024-08-18,ATM_004,Suburban,10369.060060321179
2024-08-18,ATM_005,Rural,9263.559797122589
2024-08-18,ATM_006,Urban,11017.05714706043
2024-08-18,ATM_007,Urban,13614.419794185345
2024-08-18,ATM_008,Rural,5117.432680095119
2024-08-18,ATM_009,Rural,5271.647103105824
2024-08-18,ATM_010,Suburban,11977.031024805654
2024-08-18,ATM_011,Rural,7133.337473582088
2024-08-18,ATM_012,Urban,8021.845252300075
2024-08-18,ATM_013,Rural,4717.102600888544
2024-08-18,ATM_014,Suburban,7330.679165859688
2024-08-18,ATM_015,Suburban,6781.748529508319
2024-08-18,ATM_016,Rural,9026.128032562901
2024-08-18,ATM_017,Suburban,8652.068648141114
2024-08-18,ATM_018,Urban,14771.245728403557
2024-08-18,ATM_019,Urban,13587.55640041537
2024-08-18,ATM_020,Rural,6482.464830403713
2024-08-19,ATM_001,Urban,10874.694904277972
2024-08-19,ATM_002,Rural,3656.994658923783
2024-08-19,ATM_003,Suburban,10146.809771514787
2024-08-19,ATM_004,Suburban,5097.465544600186
2024-08-19,ATM_005,Rural,6369.797586363071
2024-08-19,ATM_006,Urban,10647.080664329576
2024-08-19,ATM_007,Urban,9273.151002302506
2024-08-19,ATM_008,Rural,5474.731460169354
2024-08-19,ATM_009,Rural,3177.5651675266927
2024-08-19,ATM_010,Suburban,7404.124087566044
2024-08-19,ATM_011,Rural,5274.95924643661
2024-08-19,ATM_012,Urban,10172.602125877933
2024-08-19,ATM_013,Rural,4264.018979356835
2024-08-19,ATM_014,Suburban,7772.4236147191
2024-08-19,ATM_015,Suburban,7326.367634093767
2024-08-19,ATM_016,Rural,5828.2783634178395
2024-08-19,ATM_017,Suburban,5676.213031344303
2024-08-19,ATM_018,Urban,9053.066050209913
2024-08-19,ATM_019,Urban,9407.446170315943
2024-08-19,ATM_020,Rural,7394.731675247379
2024-08-20,ATM_001,Urban,11929.894047088532
2024-08-20,ATM_002,Rural,5988.326744142247
2024-08-20,ATM_003,Suburban,5902.051911920285
2024-08-20,ATM_004,Suburban,9483.0259962928
2024-08-20,ATM_005,Rural,6791.494851408018
2024-08-20,ATM_006,Urban,8005.917620899118
2024-08-20,ATM_007,Urban,9108.732657371167
2024-08-20,ATM_008,Rural,5403.499944238057
2024-08-20,ATM_009,Rural,4259.285798416498
2024-08-20,ATM_010,Suburban,5502.782260374123
2024-08-20,ATM_011,Rural,4743.542485300077
2024-08-20,ATM_012,Urban,9742.085079087665
2024-08-20,ATM_013,Rural,6705.204129635313
2024-08-20,ATM_014,Suburban,8022.952661431619
2024-08-20,ATM_015,Suburban,7703.020485864152
2024-08-20,ATM_016,Rural,7404.978596956629
2024-08-20,ATM_017,Suburban,9591.184624164694
2024-08-20,ATM_018,Urban,10271.209149806482
2024-08-20,ATM_019,Urban,8188.391068050145
2024-08-20,ATM_020,Rural,5174.7288636013745
2024-08-21,ATM_001,Urban,10076.000140128404
2024-08-21,ATM_002,Rural,6565.745023235821
2024-08-21,ATM_003,Suburban,9377.57430490908
2024-08-21,ATM_004,Suburban,8304.203145031366
2024-08-21,ATM_005,Rural,7134.922033026011
2024-08-21,ATM_006,Urban,7509.731497529476
2024-08-21,ATM_007,Urban,11032.260687066018
2024-08-21,ATM_008,Rural,5170.844859433257
2024-08-21,ATM_009,Rural,3280.4158896198032
2024-08-21,ATM_010,Suburban,6942.837965971259
2024-08-21,ATM_011,Rural,3480.1276319302165
2024-08-21,ATM_012,Urban,8072.594153652689
2024-08-21,ATM_013,Rural,5089.5299481071825
2024-08-21,ATM_014,Suburban,9953.751175082605
2024-08-21,ATM_015,Suburban,8019.71809031303
2024-08-21,ATM_016,Rural,4971.244707728721
2024-08-21,ATM_017,Suburban,10556.295504810554
2024-08-21,ATM_018,Urban,11259.085469018379
2024-08-21,ATM_019,Urban,6516.118920446193
2024-08-21,ATM_020,Rural,3360.592707615957
2024-08-22,ATM_001,Urban,8675.241220556532
2024-08-22,ATM_002,Rural,5339.078530371457
2024-08-22,ATM_003,Suburban,6575.6634727325345
2024-08-22,ATM_004,Suburban,9138.914199240584
2024-08-22,ATM_005,Rural,8016.2286219265025
2024-08-22,ATM_006,Urban,9916.948871333187
2024-08-22,ATM_007,Urban,9793.60288276893
2024-08-22,ATM_008,Rural,7328.718132513523
2024-08-22,ATM_009,Rural,6615.969524868148
2024-08-22,ATM_010,Suburban,4945.820314852932
2024-08-22,ATM_011,Rural,5500.71467484996
2024-08-22,ATM_012,Urban,10057.91093951925
2024-08-22,ATM_013,Rural,5507.066344658352
2024-08-22,ATM_014,Suburban,5611.164148265092
2024-08-22,ATM_015,Suburban,6988.7172021767565
2024-08-22,ATM_016,Rural,6830.316094171163
2024-08-22,ATM_017,Suburban,4981.790039553747
2024-08-22,ATM_018,Urban,6256.948064276702
2024-08-22,ATM_019,Urban,7278.764632049755
2024-08-22,ATM_020,Rural,4452.835045441525
2024-08-23,ATM_001,Urban,7451.162406471602
2024-08-23,ATM_002,Rural,4707.943148973883
2024-08-23,ATM_003,Suburban,4307.15766779152
2024-08-23,ATM_004,Suburban,7452.246401807465
2024-08-23,ATM_005,Rural,4238.2247248643735
2024-08-23,ATM_006,Urban,8956.351519850126
2024-08-23,ATM_007,Urban,8573.92595349043
2024-08-23,ATM_008,Rural,4431.386577038186
2024-08-23,ATM_009,Rural,6532.254212538726
2024-08-23,ATM_010,Suburban,5863.939850834386
2024-08-23,ATM_011,Rural,5979.639438361819
2024-08-23,ATM_012,Urban,6088.710608244633
2024-08-23,ATM_013,Rural,6204.528757663405
2024-08-23,ATM_014,Suburban,7842.726945405084
2024-08-23,ATM_015,Suburban,10538.027302298433
2024-08-23,ATM_016,Rural,6366.9672574453425
2024-08-23,ATM_017,Suburban,6556.097555369633
2024-08-23,ATM_018,Urban,9982.968257099927
2024-08-23,ATM_019,Urban,9852.332302474435
2024-08-23,ATM_020,Rural,6372.249747144943
2024-08-24,ATM_001,Urban,7836.735322895568
2024-08-24,ATM_002,Rural,9315.032065908768
2024-08-24,ATM_003,Suburban,8656.67099065846
2024-08-24,ATM_004,Suburban,13179.572032877215
2024-08-24,ATM_005,Rural,9137.045087742705
2024-08-24,ATM_006,Urban,8174.794159452744
2024-08-24,ATM_007,Urban,12887.42712456497
2024-08-24,ATM_008,Rural,4935.031737962857
2024-08-24,ATM_009,Rural,7192.771507666714
2024-08-24,ATM_010,Suburban,10674.273494343604
2024-08-24,ATM_011,Rural,10105.747552458482
2024-08-24,ATM_012,Urban,11145.959081704885
2024-08-24,ATM_013,Rural,7922.930256469067
2024-08-24,ATM_014,Suburban,7526.240443304219
2024-08-24,ATM_015,Suburban,5831.863701331422
2024-08-24,ATM_016,Rural,5878.929951017843
2024-08-24,ATM_017,Suburban,9097.053708650486
2024-08-24,ATM_018,Urban,12984.959025761304
2024-08-24,ATM_019,Urban,8591.28814130881
2024-08-24,ATM_020,Rural,5433.0892664181265
2024-08-25,ATM_001,Urban,6978.413519401874
2024-08-25,ATM_002,Rural,8570.254003329246
2024-08-25,ATM_003,Suburban,7400.302686908795
2024-08-25,ATM_004,Suburban,12421.68715999982
2024-08-25,ATM_005,Rural,7274.936194315278
2024-08-25,ATM_006,Urban,11580.724798832243
2024-08-25,ATM_007,Urban,7861.654398385455
2024-08-25,ATM_008,Rural,8160.651133733871
2024-08-25,ATM_009,Rural,3699.797646111847
2024-08-25,ATM_010,Suburban,6314.391386517652
2024-08-25,ATM_011,Rural,5006.960502900132
2024-08-25,ATM_012,Urban,9714.082479756102
2024-08-25,ATM_013,Rural,5479.460795999105
2024-08-25,ATM_014,Suburban,12999.513623742016
2024-08-25,ATM_015,Suburban,8503.264590346465
2024-08-25,ATM_016,Rural,7387.681208565583
2024-08-25,ATM_017,Suburban,11808.591572526886
2024-08-25,ATM_018,Urban,9418.513909396028
2024-08-25,ATM_019,Urban,9510.368707300775
2024-08-25,ATM_020,Rural,5214.071944776268
2024-08-26,ATM_001,Urban,8551.904245781043
2024-08-26,ATM_002,Rural,6844.039756312011
2024-08-26,ATM_003,Suburban,6973.85740107267
2024-08-26,ATM_004,Suburban,8620.476350789735
2024-08-26,ATM_005,Rural,5746.196811590479
2024-08-26,ATM_006,Urban,10694.230686474088
2024-08-26,ATM_007,Urban,8135.785778746474
2024-08-26,ATM_008,Rural,6973.099274792212
2024-08-26,ATM_009,Rural,6805.681812276365
2024-08-26,ATM_010,Suburban,8845.32696783021
2024-08-26,ATM_011,Rural,3776.5184021022105
2024-08-26,ATM_012,Urban,10128.111616679225
2024-08-26,ATM_013,Rural,5325.05529730658
2024-08-26,ATM_014,Suburban,8292.160866243135
2024-08-26,ATM_015,Suburban,5973.464434734561
2024-08-26,ATM_016,Rural,6658.675967240859
2024-08-26,ATM_017,Suburban,7943.573616299035
2024-08-26,ATM_018,Urban,12530.579224237306
2024-08-26,ATM_019,Urban,12847.40499223739
2024-08-26,ATM_020,Rural,6908.438172770208
2024-08-27,ATM_001,Urban,9330.719463890933
2024-08-27,ATM_002,Rural,5282.394942995176
2024-08-27,ATM_003,Suburban,7072.664531757036
2024-08-27,ATM_004,Suburban,5011.147732063308
2024-08-27,ATM_005,Rural,6213.907692359269
2024-08-27,ATM_006,Urban,5526.021290912572
2024-08-27,ATM_007,Urban,7277.4305955367845
2024-08-27,ATM_008,Rural,6092.553392565233
2024-08-27,ATM_009,Rural,7551.604735782849
2024-08-27,ATM_010,Suburban,9118.753238907451
2024-08-27,ATM_011,Rural,4458.356380725994
2024-08-27,ATM_012,Urban,8271.713224735498
2024-08-27,ATM_013,Rural,3530.8980042603885
2024-08-27,ATM_014,Suburban,6984.659690478924
2024-08-27,ATM_015,Suburban,6408.711521738626
2024-08-27,ATM_016,Rural,5747.468752634526
2024-08-27,ATM_017,Suburban,5585.118230546813
2024-08-27,ATM_018,Urban,8753.5544170356
2024-08-27,ATM_019,Urban,11293.24367647985
2024-08-27,ATM_020,Rural,3253.6718604335224
2024-08-28,ATM_001,Urban,7473.212519258613
2024-08-28,ATM_002,Rural,6595.82682851742
2024-08-28,ATM_003,Suburban,10075.161294172422
2024-08-28,ATM_004,Suburban,7519.533506938425
2024-08-28,ATM_005,Rural,3944.00332376558
2024-08-28,ATM_006,Urban,8360.167441113554
2024-08-28,ATM_007,Urban,7956.832315671043
2024-08-28,ATM_008,Rural,3667.459544026754
2024-08-28,ATM_009,Rural,7994.7445716222
2024-08-28,ATM_010,Suburban,6631.649322982631
2024-08-28,ATM_011,Rural,7478.517603225097
2024-08-28,ATM_012,Urban,6641.506548789269
2024-08-28,ATM_013,Rural,2620.9822378191952
2024-08-28,ATM_014,Suburban,5027.832466365187
2024-08-28,ATM_015,Suburban,6299.940864486471
2024-08-28,ATM_016,Rural,2759.7613513229476
2024-08-28,ATM_017,Suburban,9227.311454887435
2024-08-28,ATM_018,Urban,9184.81469473545
2024-08-28,ATM_019,Urban,6606.859682872798
2024-08-28,ATM_020,Rural,5514.770906021556
2024-08-29,ATM_001,Urban,6579.346818611223
2024-08-29,ATM_002,Rural,3799.9253669745763
2024-08-29,ATM_003,Suburban,5386.84960811037
2024-08-29,ATM_004,Suburban,9342.745868780565
2024-08-29,ATM_005,Rural,7155.897494881316
2024-08-29,ATM_006,Urban,5971.794657550939
2024-08-29,ATM_007,Urban,10003.59357026957
2024-08-29,ATM_008,Rural,4289.034027008093
2024-08-29,ATM_009,Rural,6111.4309000237645
2024-08-29,ATM_010,Suburban,8656.474445518279
2024-08-29,ATM_011,Rural,7197.7300414793135
2024-08-29,ATM_012,Urban,9467.535226928767
2024-08-29,ATM_013,Rural,6012.419446794988
2024-08-29,ATM_014,Suburban,4755.669607311224
2024-08-29,ATM_015,Suburban,6465.8785767177205
2024-08-29,ATM_016,Rural,4744.671903149556
2024-08-29,ATM_017,Suburban,10322.486462115077
2024-08-29,ATM_018,Urban,8158.375308578932
2024-08-29,ATM_019,Urban,6313.077419232833
2024-08-29,ATM_020,Rural,5418.218547847167
2024-08-30,ATM_001,Urban,5828.282222007927
2024-08-30,ATM_002,Rural,3399.275830846461
2024-08-30,ATM_003,Suburban,9145.741317087213
2024-08-30,ATM_004,Suburban,7034.454828446734
2024-08-30,ATM_005,Rural,5588.68406416804
2024-08-30,ATM_006,Urban,12218.850097874887
2024-08-30,ATM_007,Urban,10509.46420465018
2024-08-30,ATM_008,Rural,7727.287475141416
2024-08-30,ATM_009,Rural,5597.3772368624095
2024-08-30,ATM_010,Suburban,9037.214358003417
2024-08-30,ATM_011,Rural,5582.770205970495
2024-08-30,ATM_012,Urban,12678.469629254345
2024-08-30,ATM_013,Rural,6410.507315771555
2024-08-30,ATM_014,Suburban,7966.646285284307
2024-08-30,ATM_015,Suburban,6986.645845179743
2024-08-30,ATM_016,Rural,6083.919880464431
2024-08-30,ATM_017,Suburban,4275.892290602405
2024-08-30,ATM_018,Urban,6495.666972104706
2024-08-30,ATM_019,Urban,7501.8916849914585
2024-08-30,ATM_020,Rural,8004.462747992207
2024-08-31,ATM_001,Urban,16502.07968315295
2024-08-31,ATM_002,Rural,12151.968341900287
2024-08-31,ATM_003,Suburban,7342.842127349178
2024-08-31,ATM_004,Suburban,13552.47120318201
2024-08-31,ATM_005,Rural,6535.311822916642
2024-08-31,ATM_006,Urban,11889.398414663396
2024-08-31,ATM_007,Urban,16154.156634880235
2024-08-31,ATM_008,Rural,10675.354066221233
2024-08-31,ATM_009,Rural,5870.508016005125
2024-08-31,ATM_010,Suburban,10434.26770061463
2024-08-31,ATM_011,Rural,9054.565939795031
2024-08-31,ATM_012,Urban,16507.494410659732
2024-08-31,ATM_013,Rural,10006.489890078654
2024-08-31,ATM_014,Suburban,9925.577239680064
2024-08-31,ATM_015,Suburban,13182.27740338328
2024-08-31,ATM_016,Rural,10952.62439161118
2024-08-31,ATM_017,Suburban,11112.2252405455
2024-08-31,ATM_018,Urban,12730.574701876689
2024-08-31,ATM_019,Urban,8913.485201439804
2024-08-31,ATM_020,Rural,11573.501463552617
2024-09-01,ATM_001,Urban,12638.156609774333
2024-09-01,ATM_002,Rural,6189.473819244641
2024-09-01,ATM_003,Suburban,10343.905878912312
2024-09-01,ATM_004,Suburban,10047.996991511205
2024-09-01,ATM_005,Rural,4899.802420759005
2024-09-01,ATM_006,Urban,12466.440880748341
2024-09-01,ATM_007,Urban,10325.089299988258
2024-09-01,ATM_008,Rural,4977.123382410557
2024-09-01,ATM_009,Rural,6541.774236353502
2024-09-01,ATM_010,Suburban,8643.510435210417
2024-09-01,ATM_011,Rural,9115.54498894168
2024-09-01,ATM_012,Urban,7789.749432032058
2024-09-01,ATM_013,Rural,9750.721787936713
2024-09-01,ATM_014,Suburban,9861.183203495233
2024-09-01,ATM_015,Suburban,5514.015223177598
2024-09-01,ATM_016,Rural,8416.651289724443
2024-09-01,ATM_017,Suburban,7708.230255574324
2024-09-01,ATM_018,Urban,8568.6385093033
2024-09-01,ATM_019,Urban,6995.611523328811
2024-09-01,ATM_020,Rural,4622.006554253241
2024-09-02,ATM_001,Urban,10219.970467407165
2024-09-02,ATM_002,Rural,3791.6677510036575
2024-09-02,ATM_003,Suburban,9920.090094512569
2024-09-02,ATM_004,Suburban,8999.109028212059
2024-09-02,ATM_005,Rural,8071.60298271642
2024-09-02,ATM_006,Urban,6601.191311888602
2024-09-02,ATM_007,Urban,9624.831442187748
2024-09-02,ATM_008,Rural,7164.597771903128
2024-09-02,ATM_009,Rural,7051.763444752493
2024-09-02,ATM_010,Suburban,6483.179938568705
2024-09-02,ATM_011,Rural,7586.627688463608
2024-09-02,ATM_012,Urban,6495.569303608
2024-09-02,ATM_013,Rural,4510.61842000043
2024-09-02,ATM_014,Suburban,8022.295104745078
2024-09-02,ATM_015,Suburban,9258.525856938086
2024-09-02,ATM_016,Rural,6006.727606554434
2024-09-02,ATM_017,Suburban,8178.355918173416
2024-09-02,ATM_018,Urban,8405.95025444882
2024-09-02,ATM_019,Urban,6176.300588656877
2024-09-02,ATM_020,Rural,7130.902530562727
2024-09-03,ATM_001,Urban,9907.849466761563
2024-09-03,ATM_002,Rural,5183.781402864029
2024-09-03,ATM_003,Suburban,6455.720986418985
2024-09-03,ATM_004,Suburban,6053.722476780378
2024-09-03,ATM_005,Rural,5565.033371636326
2024-09-03,ATM_006,Urban,8977.234559123808
2024-09-03,ATM_007,Urban,9233.785625644468
2024-09-03,ATM_008,Rural,5824.843275056264
2024-09-03,ATM_009,Rural,5339.469638906742
2024-09-03,ATM_010,Suburban,6444.55394613467
2024-09-03,ATM_011,Rural,3031.2849259008385
2024-09-03,ATM_012,Urban,9199.781295522322
2024-09-03,ATM_013,Rural,4638.306745776719
2024-09-03,ATM_014,Suburban,8900.308697841754
2024-09-03,ATM_015,Suburban,5693.37846512125
2024-09-03,ATM_016,Rural,4279.559000258202
2024-09-03,ATM_017,Suburban,6931.2322256437865
2024-09-03,ATM_018,Urban,6973.467830941368
2024-09-03,ATM_019,Urban,11075.817565486139
2024-09-03,ATM_020,Rural,4745.254234107431
2024-09-04,ATM_001,Urban,7707.458177477882
2024-09-04,ATM_002,Rural,5870.611502759051
2024-09-04,ATM_003,Suburban,8792.092715857916
2024-09-04,ATM_004,Suburban,6748.914214189543
2024-09-04,ATM_005,Rural,7579.708371480178
2024-09-04,ATM_006,Urban,10680.899746772153
2024-09-04,ATM_007,Urban,11323.414213287053
2024-09-04,ATM_008,Rural,4372.8113894944645
2024-09-04,ATM_009,Rural,6067.246711873914
2024-09-04,ATM_010,Suburban,8428.208071468365
2024-09-04,ATM_011,Rural,4685.577144022018
2024-09-04,ATM_012,Urban,8917.65572906618
2024-09-04,ATM_013,Rural,6714.4222767707
2024-09-04,ATM_014,Suburban,5396.506590984961
2024-09-04,ATM_015,Suburban,4942.387626708452
2024-09-04,ATM_016,Rural,7079.10361659986
2024-09-04,ATM_017,Suburban,9090.059868910404
2024-09-04,ATM_018,Urban,10459.273436121704
2024-09-04,ATM_019,Urban,8115.045549486293
2024-09-04,ATM_020,Rural,4961.430739588658
2024-09-05,ATM_001,Urban,5905.854855789159
2024-09-05,ATM_002,Rural,2731.417480517277
2024-09-05,ATM_003,Suburban,6933.687024225198
2024-09-05,ATM_004,Suburban,7142.550936655059
2024-09-05,ATM_005,Rural,4341.098447615482
2024-09-05,ATM_006,Urban,11336.391294512356
2024-09-05,ATM_007,Urban,8941.69877905594
2024-09-05,ATM_008,Rural,8188.342943191338
2024-09-05,ATM_009,Rural,4865.226007859972
2024-09-05,ATM_010,Suburban,5474.365431761769
2024-09-05,ATM_011,Rural,4057.9500283091047
2024-09-05,ATM_012,Urban,6524.375459671732
2024-09-05,ATM_013,Rural,7815.773686762444
2024-09-05,ATM_014,Suburban,5554.044001303394
2024-09-05,ATM_015,Suburban,8214.280002206415
2024-09-05,ATM_016,Rural,6196.784890366121
2024-09-05,ATM_017,Suburban,8355.973113395401
2024-09-05,ATM_018,Urban,12297.649543918029
2024-09-05,ATM_019,Urban,7447.467334022213
2024-09-05,ATM_020,Rural,7510.6392130932945
2024-09-06,ATM_001,Urban,8204.935798094895
2024-09-06,ATM_002,Rural,7409.309014530367
2024-09-06,ATM_003,Suburban,6327.611451573605
2024-09-06,ATM_004,Suburban,3951.064811042832
2024-09-06,ATM_005,Rural,5088.619372216768
2024-09-06,ATM_006,Urban,6812.128896670919
2024-09-06,ATM_007,Urban,6907.0858868757605
2024-09-06,ATM_008,Rural,5958.3437138378495
2024-09-06,ATM_009,Rural,5503.1525363591145
2024-09-06,ATM_010,Suburban,10302.615784953246
2024-09-06,ATM_011,Rural,7802.207043365365
2024-09-06,ATM_012,Urban,7619.63850518178
2024-09-06,ATM_013,Rural,5750.5372137131335
2024-09-06,ATM_014,Suburban,5988.548220645174
2024-09-06,ATM_015,Suburban,5300.825529353459
2024-09-06,ATM_016,Rural,2260.64359085922
2024-09-06,ATM_017,Suburban,7452.966875092036
2024-09-06,ATM_018,Urban,11165.704535137673
2024-09-06,ATM_019,Urban,9311.537441895503
2024-09-06,ATM_020,Rural,7721.132106961349
2024-09-07,ATM_001,Urban,14910.518834880879
2024-09-07,ATM_002,Rural,6226.57297778996
2024-09-07,ATM_003,Suburban,9015.935897712729
2024-09-07,ATM_004,Suburban,5486.617893961826
2024-09-07,ATM_005,Rural,5383.9365850413815
2024-09-07,ATM_006,Urban,11330.231205655704
2024-09-07,ATM_007,Urban,11632.816104391259
2024-09-07,ATM_008,Rural,4684.326292809399
2024-09-07,ATM_009,Rural,9961.14707191872
2024-09-07,ATM_010,Suburban,10167.776225181224
2024-09-07,ATM_011,Rural,8121.714861153692
2024-09-07,ATM_012,Urban,10541.519097629465
2024-09-07,ATM_013,Rural,8814.602855095301
2024-09-07,ATM_014,Suburban,8537.320453688126
2024-09-07,ATM_015,Suburban,11965.297112200027
2024-09-07,ATM_016,Rural,5606.292999503414
2024-09-07,ATM_017,Suburban,6790.057280482011
2024-09-07,ATM_018,Urban,10208.919451024203
2024-09-07,ATM_019,Urban,8638.779524257205
2024-09-07,ATM_020,Rural,8591.218846801385
2024-09-08,ATM_001,Urban,7958.696259340538
2024-09-08,ATM_002,Rural,8826.615042368343
2024-09-08,ATM_003,Suburban,9812.175308578484
2024-09-08,ATM_004,Suburban,10947.621994005067
2024-09-08,ATM_005,Rural,4075.8315568507633
2024-09-08,ATM_006,Urban,11882.602836422877
2024-09-08,ATM_007,Urban,8161.177308343627
2024-09-08,ATM_008,Rural,5710.699000582406
2024-09-08,ATM_009,Rural,4864.544938536162
2024-09-08,ATM_010,Suburban,11989.212989366046
2024-09-08,ATM_011,Rural,8330.488381368314
2024-09-08,ATM_012,Urban,9754.113207009
2024-09-08,ATM_013,Rural,7574.668112119351
2024-09-08,ATM_014,Suburban,10929.11423227537
2024-09-08,ATM_015,Suburban,12548.188286676068
2024-09-08,ATM_016,Rural,8540.229093972323
2024-09-08,ATM_017,Suburban,6726.368898521104
2024-09-08,ATM_018,Urban,11896.086441639036
2024-09-08,ATM_019,Urban,11573.063829710127
2024-09-08,ATM_020,Rural,6047.333592232882
2024-09-09,ATM_001,Urban,9566.176256606015
2024-09-09,ATM_002,Rural,5207.100553699669
2024-09-09,ATM_003,Suburban,6753.302542002259
2024-09-09,ATM_004,Suburban,8369.259248214108
2024-09-09,ATM_005,Rural,7422.751199718595
2024-09-09,ATM_006,Urban,9233.509884592768
2024-09-09,ATM_007,Urban,9964.832782824999
2024-09-09,ATM_008,Rural,2848.1390047416917
2024-09-09,ATM_009,Rural,2610.240982138179
2024-09-09,ATM_010,Suburban,8351.589376275953
2024-09-09,ATM_011,Rural,2793.9199565506738
2024-09-09,ATM_012,Urban,9214.392564109252
2024-09-09,ATM_013,Rural,4008.2587818172606
2024-09-09,ATM_014,Suburban,7060.478972887602
2024-09-09,ATM_015,Suburban,6508.0287211897175
2024-09-09,ATM_016,Rural,4285.616886981723
2024-09-09,ATM_017,Suburban,7479.54689126311
2024-09-09,ATM_018,Urban,10556.737452858597
2024-09-09,ATM_019,Urban,5854.581297055337
2024-09-09,ATM_020,Rural,6313.356652263041
2024-09-10,ATM_001,Urban,7677.198601130758
2024-09-10,ATM_002,Rural,3027.146189830042
2024-09-10,ATM_003,Suburban,7977.187704879562
2024-09-10,ATM_004,Suburban,6499.804094937945
2024-09-10,ATM_005,Rural,5095.317919456854
2024-09-10,ATM_006,Urban,7972.131768273038
2024-09-10,ATM_007,Urban,8227.115136398532
2024-09-10,ATM_008,Rural,7415.085877974515
2024-09-10,ATM_009,Rural,6100.600322907999
2024-09-10,ATM_010,Suburban,6975.974361302414
2024-09-10,ATM_011,Rural,2597.518294116028
2024-09-10,ATM_012,Urban,5942.203483578512
2024-09-10,ATM_013,Rural,7547.6890853102595
2024-09-10,ATM_014,Suburban,6173.015608291885
2024-09-10,ATM_015,Suburban,5533.442980226689
2024-09-10,ATM_016,Rural,5788.936903866536
2024-09-10,ATM_017,Suburban,5597.000590339894
2024-09-10,ATM_018,Urban,8576.835400512135
2024-09-10,ATM_019,Urban,7508.701480079928
2024-09-10,ATM_020,Rural,6709.585991831565
2024-09-11,ATM_001,Urban,7310.901388118193
2024-09-11,ATM_002,Rural,3531.5907105632264
2024-09-11,ATM_003,Suburban,4881.695940529132
2024-09-11,ATM_004,Suburban,8254.559959282271
2024-09-11,ATM_005,Rural,4616.3836553039655
2024-09-11,ATM_006,Urban,10878.715348729964
2024-09-11,ATM_007,Urban,10176.338745367806
2024-09-11,ATM_008,Rural,3732.007740211815
2024-09-11,ATM_009,Rural,5392.667745647871
2024-09-11,ATM_010,Suburban,4717.58087483444
2024-09-11,ATM_011,Rural,4379.858018768682
2024-09-11,ATM_012,Urban,9553.36289840322
2024-09-11,ATM_013,Rural,2983.254713855249
2024-09-11,ATM_014,Suburban,6813.017559140475
2024-09-11,ATM_015,Suburban,6314.777650504724
2024-09-11,ATM_016,Rural,5400.386048948566
2024-09-11,ATM_017,Suburban,5888.276041222235
2024-09-11,ATM_018,Urban,6048.51779759584
2024-09-11,ATM_019,Urban,7578.025388231835
2024-09-11,ATM_020,Rural,7966.687600113998
2024-09-12,ATM_001,Urban,9749.416575610909
2024-09-12,ATM_002,Rural,3559.6451548572154
2024-09-12,ATM_003,Suburban,7591.524761824468
2024-09-12,ATM_004,Suburban,6073.905176488955
2024-09-12,ATM_005,Rural,2512.8977608161413
2024-09-12,ATM_006,Urban,6857.869543685934
2024-09-12,ATM_007,Urban,9544.585282945234
2024-09-12,ATM_008,Rural,4224.633253369201
2024-09-12,ATM_009,Rural,7906.724281987435
2024-09-12,ATM_010,Suburban,6726.11295067429
2024-09-12,ATM_011,Rural,6768.723362651506
2024-09-12,ATM_012,Urban,12378.595710463876
2024-09-12,ATM_013,Rural,4754.527710301314
2024-09-12,ATM_014,Suburban,6896.847846291747
2024-09-12,ATM_015,Suburban,8629.882513840756
2024-09-12,ATM_016,Rural,6883.166004097635
2024-09-12,ATM_017,Suburban,8597.322140657167
2024-09-12,ATM_018,Urban,13001.595914805152
2024-09-12,ATM_019,Urban,9418.515324630745
2024-09-12,ATM_020,Rural,5957.593793070658
2024-09-13,ATM_001,Urban,11232.590170426329
2024-09-13,ATM_002,Rural,4887.923927350135
2024-09-13,ATM_003,Suburban,4568.810327347392
2024-09-13,ATM_004,Suburban,5484.0948462450715
2024-09-13,ATM_005,Rural,3799.4844948902
2024-09-13,ATM_006,Urban,6674.331406954406
2024-09-13,ATM_007,Urban,11017.456814052264
2024-09-13,ATM_008,Rural,7001.593905719609
2024-09-13,ATM_009,Rural,4573.510486592858
2024-09-13,ATM_010,Suburban,10808.056047038328
2024-09-13,ATM_011,Rural,5171.517249403043
2024-09-13,ATM_012,Urban,9362.307145603596
2024-09-13,ATM_013,Rural,5088.117228703832
2024-09-13,ATM_014,Suburban,8017.215368682434
2024-09-13,ATM_015,Suburban,7042.9631112541965
2024-09-13,ATM_016,Rural,6864.106068217917
2024-09-13,ATM_017,Suburban,10054.52194244947
2024-09-13,ATM_018,Urban,8850.361880930133
2024-09-13,ATM_019,Urban,6116.778919395338
2024-09-13,ATM_020,Rural,3781.676353656285
2024-09-14,ATM_001,Urban,11792.672190951813
2024-09-14,ATM_002,Rural,5868.937806455439
2024-09-14,ATM_003,Suburban,7166.376929300172
2024-09-14,ATM_004,Suburban,12856.920644986596
2024-09-14,ATM_005,Rural,8518.654528124669
2024-09-14,ATM_006,Urban,12681.471080454376
2024-09-14,ATM_007,Urban,8021.155113402282
2024-09-14,ATM_008,Rural,8119.38203109522
2024-09-14,ATM_009,Rural,8764.292532807716
2024-09-14,ATM_010,Suburban,7764.326255233098
2024-09-14,ATM_011,Rural,9000.736036975002
2024-09-14,ATM_012,Urban,10165.948833859697
2024-09-14,ATM_013,Rural,6972.761658044691
2024-09-14,ATM_014,Suburban,10188.100740061644
2024-09-14,ATM_015,Suburban,6256.024685659118
2024-09-14,ATM_016,Rural,8129.161419406127
2024-09-14,ATM_017,Suburban,11340.711752868787
2024-09-14,ATM_018,Urban,9386.581213654765
2024-09-14,ATM_019,Urban,11588.14832938294
2024-09-14,ATM_020,Rural,5947.5116911289715
2024-09-15,ATM_001,Urban,11858.131252184605
2024-09-15,ATM_002,Rural,8637.985694625737
2024-09-15,ATM_003,Suburban,9171.554302935325
2024-09-15,ATM_004,Suburban,6859.045705320817
2024-09-15,ATM_005,Rural,6295.367325413081
2024-09-15,ATM_006,Urban,14080.345311937612
2024-09-15,ATM_007,Urban,7839.047303290416
2024-09-15,ATM_008,Rural,7621.576644633036
2024-09-15,ATM_009,Rural,6187.95550928622
2024-09-15,ATM_010,Suburban,6744.24803352326
2024-09-15,ATM_011,Rural,7087.441439337215
2024-09-15,ATM_012,Urban,9543.43930374337
2024-09-15,ATM_013,Rural,7505.264873487069
2024-09-15,ATM_014,Suburban,12287.477215054512
2024-09-15,ATM_015,Suburban,8208.90632395938
2024-09-15,ATM_016,Rural,4022.947938348302
2024-09-15,ATM_017,Suburban,8892.900979988583
2024-09-15,ATM_018,Urban,8846.826391525323
2024-09-15,ATM_019,Urban,11034.454330866263
2024-09-15,ATM_020,Rural,5433.4153273864895
2024-09-16,ATM_001,Urban,8377.496857070326
2024-09-16,ATM_002,Rural,5121.272694978373
2024-09-16,ATM_003,Suburban,8633.181503514834
2024-09-16,ATM_004,Suburban,6960.48765397893
2024-09-16,ATM_005,Rural,6655.993300339532
2024-09-16,ATM_006,Urban,6948.232779616978
2024-09-16,ATM_007,Urban,10871.206910964676
2024-09-16,ATM_008,Rural,4853.252563024377
2024-09-16,ATM_009,Rural,6298.510292084374
2024-09-16,ATM_010,Suburban,7581.162978434273
2024-09-16,ATM_011,Rural,4216.766161180242
2024-09-16,ATM_012,Urban,7273.374110772715
2024-09-16,ATM_013,Rural,6171.869817319291
2024-09-16,ATM_014,Suburban,8735.156110712738
2024-09-16,ATM_015,Suburban,7045.53976859975
2024-09-16,ATM_016,Rural,5764.308039551264
2024-09-16,ATM_017,Suburban,5223.3942866219095
2024-09-16,ATM_018,Urban,9152.79404231319
2024-09-16,ATM_019,Urban,9294.761741175307
2024-09-16,ATM_020,Rural,3579.1611627620214
2024-09-17,ATM_001,Urban,8173.774050079124
2024-09-17,ATM_002,Rural,6739.164389507482
2024-09-17,ATM_003,Suburban,9158.563621231793
2024-09-17,ATM_004,Suburban,8830.72514731256
2024-09-17,ATM_005,Rural,6974.547378964625
2024-09-17,ATM_006,Urban,11242.988653732347
2024-09-17,ATM_007,Urban,8460.052667401676
2024-09-17,ATM_008,Rural,6959.930677020807
2024-09-17,ATM_009,Rural,4258.885678449366
2024-09-17,ATM_010,Suburban,9282.726728882368
2024-09-17,ATM_011,Rural,7675.874677247729
2024-09-17,ATM_012,Urban,9600.273744419643
2024-09-17,ATM_013,Rural,6659.484430717945
2024-09-17,ATM_014,Suburban,6469.129391787425
2024-09-17,ATM_015,Suburban,4377.463643924702
2024-09-17,ATM_016,Rural,7097.237222191624
2024-09-17,ATM_017,Suburban,4423.336289852762
2024-09-17,ATM_018,Urban,7772.067281075433
2024-09-17,ATM_019,Urban,6296.573108904013
2024-09-17,ATM_020,Rural,4390.012446848227
2024-09-18,ATM_001,Urban,7597.851620095599
2024-09-18,ATM_002,Rural,6788.146499502731
2024-09-18,ATM_003,Suburban,8868.258862446017
2024-09-18,ATM_004,Suburban,5235.687888250906
2024-09-18,ATM_005,Rural,6921.982927106155
2024-09-18,ATM_006,Urban,8664.172495045344
2024-09-18,ATM_007,Urban,7265.130232142534
2024-09-18,ATM_008,Rural,4705.319312164767
2024-09-18,ATM_009,Rural,5965.656693113983
2024-09-18,ATM_010,Suburban,6784.08978418872
2024-09-18,ATM_011,Rural,4436.363879758913
2024-09-18,ATM_012,Urban,9473.380873140057
2024-09-18,ATM_013,Rural,8095.189390465609
2024-09-18,ATM_014,Suburban,8198.605455344736
2024-09-18,ATM_015,Suburban,8212.930741196296
2024-09-18,ATM_016,Rural,3533.1732573226195
2024-09-18,ATM_017,Suburban,9311.933755607304
2024-09-18,ATM_018,Urban,7498.142588291392
2024-09-18,ATM_019,Urban,9029.212629833084
2024-09-18,ATM_020,Rural,4403.9265641606025
2024-09-19,ATM_001,Urban,8368.91607984433
2024-09-19,ATM_002,Rural,6926.204511897161
2024-09-19,ATM_003,Suburban,7531.258535460307
2024-09-19,ATM_004,Suburban,7563.0614401460725
2024-09-19,ATM_005,Rural,7345.418434218753
2024-09-19,ATM_006,Urban,8169.652464386546
2024-09-19,ATM_007,Urban,6417.136505357689
2024-09-19,ATM_008,Rural,4021.687207671974
2024-09-19,ATM_009,Rural,2201.367416716768
2024-09-19,ATM_010,Suburban,5262.362413336895
2024-09-19,ATM_011,Rural,2747.2903617957045
2024-09-19,ATM_012,Urban,7068.155900856051
2024-09-19,ATM_013,Rural,7882.216236890527
2024-09-19,ATM_014,Suburban,7061.0028200014685
2024-09-19,ATM_015,Suburban,10200.419282181889
2024-09-19,ATM_016,Rural,5242.701690300405
2024-09-19,ATM_017,Suburban,8301.037682570457
2024-09-19,ATM_018,Urban,6808.469859329028
2024-09-19,ATM_019,Urban,9961.280789730803
2024-09-19,ATM_020,Rural,6079.655965218635
2024-09-20,ATM_001,Urban,8719.517699752985
2024-09-20,ATM_002,Rural,4696.740619711738
2024-09-20,ATM_003,Suburban,5377.548200385348
2024-09-20,ATM_004,Suburban,9253.905040208718
2024-09-20,ATM_005,Rural,5771.130551813026
2024-09-20,ATM_006,Urban,8205.1941843729
2024-09-20,ATM_007,Urban,8846.442874732136
2024-09-20,ATM_008,Rural,3769.5543779882646
2024-09-20,ATM_009,Rural,7229.520162942648
2024-09-20,ATM_010,Suburban,10057.046998924072
2024-09-20,ATM_011,Rural,5856.840864444795
2024-09-20,ATM_012,Urban,11509.406237293551
2024-09-20,ATM_013,Rural,8056.968410169022
2024-09-20,ATM_014,Suburban,6994.706348372988
2024-09-20,ATM_015,Suburban,9997.264838161082
2024-09-20,ATM_016,Rural,7268.272769039288
2024-09-20,ATM_017,Suburban,8874.61704631863
2024-09-20,ATM_018,Urban,9013.374534418115
2024-09-20,ATM_019,Urban,7328.661816990281
2024-09-20,ATM_020,Rural,7184.787322306638
2024-09-21,ATM_001,Urban,11345.813285380318
2024-09-21,ATM_002,Rural,4024.688942550119
2024-09-21,ATM_003,Suburban,7788.460965359597
2024-09-21,ATM_004,Suburban,5657.672687233903
2024-09-21,ATM_005,Rural,7299.249832257367
2024-09-21,ATM_006,Urban,11501.799554837877
2024-09-21,ATM_007,Urban,7807.4590160135385
2024-09-21,ATM_008,Rural,8438.114071102045
2024-09-21,ATM_009,Rural,7470.330346743395
2024-09-21,ATM_010,Suburban,6486.557431956852
2024-09-21,ATM_011,Rural,8529.977968017507
2024-09-21,ATM_012,Urban,13769.542155209887
2024-09-21,ATM_013,Rural,5114.359148671418
2024-09-21,ATM_014,Suburban,10713.900306250627
2024-09-21,ATM_015,Suburban,7435.247236787451
2024-09-21,ATM_016,Rural,8185.419496888775
2024-09-21,ATM_017,Suburban,8102.114033025144
2024-09-21,ATM_018,Urban,14055.447513708059
2024-09-21,ATM_019,Urban,10301.129484202615
2024-09-21,ATM_020,Rural,3959.0638545831457
2024-09-22,ATM_001,Urban,6854.297990586668
2024-09-22,ATM_002,Rural,9784.345296823634
2024-09-22,ATM_003,Suburban,12398.760895854608
2024-09-22,ATM_004,Suburban,6846.820568696494
2024-09-22,ATM_005,Rural,5733.355337245282
2024-09-22,ATM_006,Urban,9810.8052295123
2024-09-22,ATM_007,Urban,10759.81710031048
2024-09-22,ATM_008,Rural,9196.141358031897
2024-09-22,ATM_009,Rural,8777.067382135117
2024-09-22,ATM_010,Suburban,11431.066993967159
2024-09-22,ATM_011,Rural,8757.283171267918
2024-09-22,ATM_012,Urban,11606.134630468368
2024-09-22,ATM_013,Rural,9029.042369209448
2024-09-22,ATM_014,Suburban,8294.556890515569
2024-09-22,ATM_015,Suburban,10516.147805953009
2024-09-22,ATM_016,Rural,7330.554732404523
2024-09-22,ATM_017,Suburban,6097.3127405338655
2024-09-22,ATM_018,Urban,6478.610628205268
2024-09-22,ATM_019,Urban,6627.708115460818
2024-09-22,ATM_020,Rural,7593.2210147664555
2024-09-23,ATM_001,Urban,5220.432550815731
2024-09-23,ATM_002,Rural,6786.716099637519
2024-09-23,ATM_003,Suburban,4748.620566404498
2024-09-23,ATM_004,Suburban,8152.679139153654
2024-09-23,ATM_005,Rural,3525.639784709024
2024-09-23,ATM_006,Urban,10311.030312638679
2024-09-23,ATM_007,Urban,6916.9366623206215
2024-09-23,ATM_008,Rural,6229.586435088431
2024-09-23,ATM_009,Rural,4580.4229397105555
2024-09-23,ATM_010,Suburban,8215.595312839516
2024-09-23,ATM_011,Rural,3447.229541472375
2024-09-23,ATM_012,Urban,8946.760695539766
2024-09-23,ATM_013,Rural,8226.103587954687
2024-09-23,ATM_014,Suburban,6077.675567477959
2024-09-23,ATM_015,Suburban,7620.099421827367
2024-09-23,ATM_016,Rural,4310.592227572941
2024-09-23,ATM_017,Suburban,7197.0483963798815
2024-09-23,ATM_018,Urban,10427.85046597059
2024-09-23,ATM_019,Urban,8660.770118609189
2024-09-23,ATM_020,Rural,4106.145228228526
2024-09-24,ATM_001,Urban,9374.921344186634
2024-09-24,ATM_002,Rural,6884.882980523953
2024-09-24,ATM_003,Suburban,6864.511406481222
2024-09-24,ATM_004,Suburban,7722.5492044305765
2024-09-24,ATM_005,Rural,2966.032249721893
2024-09-24,ATM_006,Urban,10199.611512421749
2024-09-24,ATM_007,Urban,9003.24856314963
2024-09-24,ATM_008,Rural,5880.731924435751
2024-09-24,ATM_009,Rural,5513.394717929006
2024-09-24,ATM_010,Suburban,7593.688140319426
2024-09-24,ATM_011,Rural,4429.511823190316
2024-09-24,ATM_012,Urban,8381.053864425252
2024-09-24,ATM_013,Rural,6521.747597539013
2024-09-24,ATM_014,Suburban,7478.246957538858
2024-09-24,ATM_015,Suburban,6850.941316996466
2024-09-24,ATM_016,Rural,3270.6159123873995
2024-09-24,ATM_017,Suburban,7761.084896502107
2024-09-24,ATM_018,Urban,9423.470030586248
2024-09-24,ATM_019,Urban,7088.525326562428
2024-09-24,ATM_020,Rural,6173.194047092282
2024-09-25,ATM_001,Urban,7944.768301061539
2024-09-25,ATM_002,Rural,7638.722378023021
2024-09-25,ATM_003,Suburban,6795.771385938787
2024-09-25,ATM_004,Suburban,9106.624870207483
2024-09-25,ATM_005,Rural,4333.426602896156
2024-09-25,ATM_006,Urban,9664.633571264429
2024-09-25,ATM_007,Urban,8745.007302041504
2024-09-25,ATM_008,Rural,6113.0181651263765
2024-09-25,ATM_009,Rural,2740.2936808155027
2024-09-25,ATM_010,Suburban,5845.695275593081
2024-09-25,ATM_011,Rural,4120.170721453826
2024-09-25,ATM_012,Urban,9637.983476332982
2024-09-25,ATM_013,Rural,4022.881113196809
2024-09-25,ATM_014,Suburban,6309.407960799366
2024-09-25,ATM_015,Suburban,3796.1814444230085
2024-09-25,ATM_016,Rural,4256.882051302292
2024-09-25,ATM_017,Suburban,5384.844433920193
2024-09-25,ATM_018,Urban,9655.702701971233
2024-09-25,ATM_019,Urban,7211.535813231487
2024-09-25,ATM_020,Rural,7138.685149445874
2024-09-26,ATM_001,Urban,9710.843732936253
2024-09-26,ATM_002,Rural,6395.02424154841
2024-09-26,ATM_003,Suburban,7788.916061030135
2024-09-26,ATM_004,Suburban,5634.465973691842
2024-09-26,ATM_005,Rural,4667.674838239728
2024-09-26,ATM_006,Urban,10267.405959546
2024-09-26,ATM_007,Urban,11358.611899281697
2024-09-26,ATM_008,Rural,6059.604748479672
2024-09-26,ATM_009,Rural,7060.117241245826
2024-09-26,ATM_010,Suburban,9037.536951378906
2024-09-26,ATM_011,Rural,4708.63904988056
2024-09-26,ATM_012,Urban,7629.060297095954
2024-09-26,ATM_013,Rural,5784.527432296282
2024-09-26,ATM_014,Suburban,7723.884320993806
2024-09-26,ATM_015,Suburban,9237.462465864348
2024-09-26,ATM_016,Rural,6188.987918469857
2024-09-26,ATM_017,Suburban,6556.524815324762
2024-09-26,ATM_018,Urban,10225.7535955741
2024-09-26,ATM_019,Urban,9902.602762934048
2024-09-26,ATM_020,Rural,7375.47850406016
2024-09-27,ATM_001,Urban,9561.610971963732
2024-09-27,ATM_002,Rural,6770.502304402393
2024-09-27,ATM_003,Suburban,7165.344282943984
2024-09-27,ATM_004,Suburban,8075.6690426368905
2024-09-27,ATM_005,Rural,3393.7161898978898
2024-09-27,ATM_006,Urban,10451.363375801031
2024-09-27,ATM_007,Urban,8560.4571172141
2024-09-27,ATM_008,Rural,3696.375486301956
2024-09-27,ATM_009,Rural,7723.0259713596615
2024-09-27,ATM_010,Suburban,10643.586748027963
2024-09-27,ATM_011,Rural,6666.8145594351
2024-09-27,ATM_012,Urban,8091.95900619448
2024-09-27,ATM_013,Rural,8317.10615221963
2024-09-27,ATM_014,Suburban,9134.263521664881
2024-09-27,ATM_015,Suburban,7328.721120320014
2024-09-27,ATM_016,Rural,5983.687046570648
2024-09-27,ATM_017,Suburban,4537.491826328346
2024-09-27,ATM_018,Urban,9146.210319442422
2024-09-27,ATM_019,Urban,7930.690326133285
2024-09-27,ATM_020,Rural,6560.156863255726
2024-09-28,ATM_001,Urban,10565.66470886977
2024-09-28,ATM_002,Rural,8002.547604798388
2024-09-28,ATM_003,Suburban,9984.338653047036
2024-09-28,ATM_004,Suburban,7058.047855650591
2024-09-28,ATM_005,Rural,8840.71647556004
2024-09-28,ATM_006,Urban,9946.690596982888
2024-09-28,ATM_007,Urban,10047.803727219147
2024-09-28,ATM_008,Rural,4386.2974993040225
2024-09-28,ATM_009,Rural,6168.056421475554
2024-09-28,ATM_010,Suburban,12862.871839423942
2024-09-28,ATM_011,Rural,6016.375276244215
2024-09-28,ATM_012,Urban,13171.278478108055
2024-09-28,ATM_013,Rural,7334.337914368059
2024-09-28,ATM_014,Suburban,8109.113559356152
2024-09-28,ATM_015,Suburban,11823.070166062435
2024-09-28,ATM_016,Rural,3297.1930931149504
2024-09-28,ATM_017,Suburban,6489.894944877606
2024-09-28,ATM_018,Urban,11109.57425582625
2024-09-28,ATM_019,Urban,10091.124014177349
2024-09-28,ATM_020,Rural,8910.932492846487
2024-09-29,ATM_001,Urban,12143.456179406352
2024-09-29,ATM_002,Rural,5624.8740095865805
2024-09-29,ATM_003,Suburban,9622.85059844992
2024-09-29,ATM_004,Suburban,7065.903726158008
2024-09-29,ATM_005,Rural,4399.471306807663
2024-09-29,ATM_006,Urban,8807.160095669682
2024-09-29,ATM_007,Urban,11463.466717261334
2024-09-29,ATM_008,Rural,4771.009393575464
2024-09-29,ATM_009,Rural,9006.053031321107
2024-09-29,ATM_010,Suburban,8329.015957388974
2024-09-29,ATM_011,Rural,4780.089969470464
2024-09-29,ATM_012,Urban,7223.633474498695
2024-09-29,ATM_013,Rural,6151.947366335918
2024-09-29,ATM_014,Suburban,7504.97441586278
2024-09-29,ATM_015,Suburban,5114.888391696068
2024-09-29,ATM_016,Rural,7434.256548928358
2024-09-29,ATM_017,Suburban,8816.00803119873
2024-09-29,ATM_018,Urban,13675.826318663583
2024-09-29,ATM_019,Urban,13909.144162128387
2024-09-29,ATM_020,Rural,5680.66770252747
2024-09-30,ATM_001,Urban,15156.689454466952
2024-09-30,ATM_002,Rural,5724.9476481528245
2024-09-30,ATM_003,Suburban,8817.360182349546
2024-09-30,ATM_004,Suburban,12731.823187687449
2024-09-30,ATM_005,Rural,8066.1362891006975
2024-09-30,ATM_006,Urban,11487.543814506018
2024-09-30,ATM_007,Urban,9441.936248586066
2024-09-30,ATM_008,Rural,4979.806742436433
2024-09-30,ATM_009,Rural,8840.493948420983
2024-09-30,ATM_010,Suburban,9143.483973220897
2024-09-30,ATM_011,Rural,6368.667129964251
2024-09-30,ATM_012,Urban,11636.94588082015
2024-09-30,ATM_013,Rural,6527.512755469623
2024-09-30,ATM_014,Suburban,13438.741141490273
2024-09-30,ATM_015,Suburban,6354.012466239857
2024-09-30,ATM_016,Rural,8953.24610455288
2024-09-30,ATM_017,Suburban,8079.021430757443
2024-09-30,ATM_018,Urban,14366.33266256889
2024-09-30,ATM_019,Urban,13108.291881233818
2024-09-30,ATM_020,Rural,7118.345426152222
2024-10-01,ATM_001,Urban,8691.114252472471
2024-10-01,ATM_002,Rural,4966.820303083505
2024-10-01,ATM_003,Suburban,8418.897072434704
2024-10-01,ATM_004,Suburban,9515.050202002365
2024-10-01,ATM_005,Rural,4433.948564199662
2024-10-01,ATM_006,Urban,7958.336016216196
2024-10-01,ATM_007,Urban,12872.335974970458
2024-10-01,ATM_008,Rural,3255.7381163015966
2024-10-01,ATM_009,Rural,4068.830040709854
2024-10-01,ATM_010,Suburban,9858.096365397098
2024-10-01,ATM_011,Rural,3387.0739348512507
2024-10-01,ATM_012,Urban,8505.101902325392
2024-10-01,ATM_013,Rural,5117.346381574345
2024-10-01,ATM_014,Suburban,8328.632640781218
2024-10-01,ATM_015,Suburban,10459.722971025407
2024-10-01,ATM_016,Rural,6184.505456558758
2024-10-01,ATM_017,Suburban,8122.463023512222
2024-10-01,ATM_018,Urban,10396.824276974234
2024-10-01,ATM_019,Urban,11987.774249663395
2024-10-01,ATM_020,Rural,5485.4625582061635
2024-10-02,ATM_001,Urban,7402.309501610098
2024-10-02,ATM_002,Rural,4817.789095845179
2024-10-02,ATM_003,Suburban,7570.098329613582
2024-10-02,ATM_004,Suburban,6292.340417462815
2024-10-02,ATM_005,Rural,5972.493373708247
2024-10-02,ATM_006,Urban,7676.809378673291
2024-10-02,ATM_007,Urban,7413.925984298613
2024-10-02,ATM_008,Rural,3958.863276807905
2024-10-02,ATM_009,Rural,3120.6151863010996
2024-10-02,ATM_010,Suburban,8476.658327976349
2024-10-02,ATM_011,Rural,5759.149446685079
2024-10-02,ATM_012,Urban,11090.287616770445
2024-10-02,ATM_013,Rural,6579.432432051874
2024-10-02,ATM_014,Suburban,5022.153673735399
2024-10-02,ATM_015,Suburban,7227.342206679872
2024-10-02,ATM_016,Rural,5798.6236738971
2024-10-02,ATM_017,Suburban,6608.865851000643
2024-10-02,ATM_018,Urban,10495.538436291394
2024-10-02,ATM_019,Urban,8436.434636624064
2024-10-02,ATM_020,Rural,3330.8491213816787
2024-10-03,ATM_001,Urban,9503.641492070721
2024-10-03,ATM_002,Rural,7282.2338413441175
2024-10-03,ATM_003,Suburban,8005.6504422758035
2024-10-03,ATM_004,Suburban,8854.21803663132
2024-10-03,ATM_005,Rural,3462.12480051284
2024-10-03,ATM_006,Urban,11804.7659296805
2024-10-03,ATM_007,Urban,12590.3320198457
2024-10-03,ATM_008,Rural,4143.742804687499
2024-10-03,ATM_009,Rural,4421.774874341763
2024-10-03,ATM_010,Suburban,6520.069468267985
2024-10-03,ATM_011,Rural,4256.566590859533
2024-10-03,ATM_012,Urban,10411.374783877689
2024-10-03,ATM_013,Rural,4024.485389332457
2024-10-03,ATM_014,Suburban,8584.879955205404
2024-10-03,ATM_015,Suburban,8214.259538440218
2024-10-03,ATM_016,Rural,7669.432570534667
2024-10-03,ATM_017,Suburban,8231.215537735121
2024-10-03,ATM_018,Urban,9751.910924113377
2024-10-03,ATM_019,Urban,6898.989496347783
2024-10-03,ATM_020,Rural,4105.920234350206
2024-10-04,ATM_001,Urban,8798.284080798145
2024-10-04,ATM_002,Rural,6127.568858821076
2024-10-04,ATM_003,Suburban,8310.863133475108
2024-10-04,ATM_004,Suburban,6437.833109049516
2024-10-04,ATM_005,Rural,3681.2631895633053
2024-10-04,ATM_006,Urban,8023.443253387525
2024-10-04,ATM_007,Urban,9198.401455303543
2024-10-04,ATM_008,Rural,3393.6439929257613
2024-10-04,ATM_009,Rural,5574.835766904318
2024-10-04,ATM_010,Suburban,6181.621832956168
2024-10-04,ATM_011,Rural,6913.048391605946
2024-10-04,ATM_012,Urban,10035.648780662032
2024-10-04,ATM_013,Rural,7610.696116317871
2024-10-04,ATM_014,Suburban,4538.828833577658
2024-10-04,ATM_015,Suburban,6179.422208063667
2024-10-04,ATM_016,Rural,6730.751721010881
2024-10-04,ATM_017,Suburban,7008.299754385168
2024-10-04,ATM_018,Urban,7249.442680784912
2024-10-04,ATM_019,Urban,8885.257482737617
2024-10-04,ATM_020,Rural,3262.725618083065
2024-10-05,ATM_001,Urban,8156.929486951182
2024-10-05,ATM_002,Rural,9356.052948082566
2024-10-05,ATM_003,Suburban,10853.387833379662
2024-10-05,ATM_004,Suburban,11593.314429131507
2024-10-05,ATM_005,Rural,6444.782319928998
2024-10-05,ATM_006,Urban,10413.748453480408
2024-10-05,ATM_007,Urban,10352.088711607492
2024-10-05,ATM_008,Rural,7340.4583727984
2024-10-05,ATM_009,Rural,4946.101902768449
2024-10-05,ATM_010,Suburban,7683.3193368082875
2024-10-05,ATM_011,Rural,9280.31476932118
2024-10-05,ATM_012,Urban,9959.914292688018
2024-10-05,ATM_013,Rural,6284.385852554961
2024-10-05,ATM_014,Suburban,9534.735308676105
2024-10-05,ATM_015,Suburban,6736.3512584402115
2024-10-05,ATM_016,Rural,6120.614572488777
2024-10-05,ATM_017,Suburban,9481.444213879555
2024-10-05,ATM_018,Urban,9808.911117805219
2024-10-05,ATM_019,Urban,9863.577472283981
2024-10-05,ATM_020,Rural,8343.375715077553
2024-10-06,ATM_001,Urban,9881.227759569407
2024-10-06,ATM_002,Rural,4680.704179245926
2024-10-06,ATM_003,Suburban,7464.388947247781
2024-10-06,ATM_004,Suburban,7897.661488488619
2024-10-06,ATM_005,Rural,3282.836331875961
2024-10-06,ATM_006,Urban,15816.468555759637
2024-10-06,ATM_007,Urban,11470.785006637683
2024-10-06,ATM_008,Rural,9583.118823214352
2024-10-06,ATM_009,Rural,4186.63280732459
2024-10-06,ATM_010,Suburban,9650.731592637752
2024-10-06,ATM_011,Rural,4744.602377635219
2024-10-06,ATM_012,Urban,10569.875567196777
2024-10-06,ATM_013,Rural,4654.643523173061
2024-10-06,ATM_014,Suburban,7515.437078551788
2024-10-06,ATM_015,Suburban,13278.342709385706
2024-10-06,ATM_016,Rural,6132.215207700296
2024-10-06,ATM_017,Suburban,5632.907535335884
2024-10-06,ATM_018,Urban,9616.764163348395
2024-10-06,ATM_019,Urban,11849.455458868202
2024-10-06,ATM_020,Rural,3117.193615790783
2024-10-07,ATM_001,Urban,9955.58262812023
2024-10-07,ATM_002,Rural,2651.083538341185
2024-10-07,ATM_003,Suburban,10941.470099289005
2024-10-07,ATM_004,Suburban,8413.14068301279
2024-10-07,ATM_005,Rural,6656.23316094584
2024-10-07,ATM_006,Urban,8801.915230272865
2024-10-07,ATM_007,Urban,7458.604385899539
2024-10-07,ATM_008,Rural,5682.9780836331365
2024-10-07,ATM_009,Rural,5945.826134290956
2024-10-07,ATM_010,Suburban,7760.198934542233
2024-10-07,ATM_011,Rural,7495.866271773524
2024-10-07,ATM_012,Urban,6361.35721333683
2024-10-07,ATM_013,Rural,3211.091700647619
2024-10-07,ATM_014,Suburban,6221.378238235816
2024-10-07,ATM_015,Suburban,5918.143912154759
2024-10-07,ATM_016,Rural,7828.7078736071935
2024-10-07,ATM_017,Suburban,4589.450632883535
2024-10-07,ATM_018,Urban,8442.542161396355
2024-10-07,ATM_019,Urban,11408.13777139378
2024-10-07,ATM_020,Rural,4297.36268252081
2024-10-08,ATM_001,Urban,8910.662874350966
2024-10-08,ATM_002,Rural,4281.343774453655
2024-10-08,ATM_003,Suburban,7543.49190662351
2024-10-08,ATM_004,Suburban,6227.296620272406
2024-10-08,ATM_005,Rural,8505.26064286219
2024-10-08,ATM_006,Urban,10277.10238407102
2024-10-08,ATM_007,Urban,5492.860846266062
2024-10-08,ATM_008,Rural,3811.0847716911553
2024-10-08,ATM_009,Rural,6586.3728254783955
2024-10-08,ATM_010,Suburban,7437.68397873643
2024-10-08,ATM_011,Rural,5301.6341949657335
2024-10-08,ATM_012,Urban,9591.267447902377
2024-10-08,ATM_013,Rural,6828.339088173584
2024-10-08,ATM_014,Suburban,9512.433468333236
2024-10-08,ATM_015,Suburban,9123.936033478702
2024-10-08,ATM_016,Rural,6495.37802855243
2024-10-08,ATM_017,Suburban,9573.728325519116
2024-10-08,ATM_018,Urban,9339.954343243997
2024-10-08,ATM_019,Urban,10592.482625720706
2024-10-08,ATM_020,Rural,5379.638045569358
2024-10-09,ATM_001,Urban,9748.176572877892
2024-10-09,ATM_002,Rural,7011.447925863809
2024-10-09,ATM_003,Suburban,6188.846637989492
2024-10-09,ATM_004,Suburban,7825.21396623974
2024-10-09,ATM_005,Rural,6413.895984167902
2024-10-09,ATM_006,Urban,11387.484853205016
2024-10-09,ATM_007,Urban,10184.530194396635
2024-10-09,ATM_008,Rural,4511.888473686636
2024-10-09,ATM_009,Rural,6018.126676921512
2024-10-09,ATM_010,Suburban,7522.261718163038
2024-10-09,ATM_011,Rural,5899.025203983996
2024-10-09,ATM_012,Urban,11738.280594162075
2024-10-09,ATM_013,Rural,3822.3521284276385
2024-10-09,ATM_014,Suburban,6087.008884929127
2024-10-09,ATM_015,Suburban,9695.898956509955
2024-10-09,ATM_016,Rural,6096.1088351868275
2024-10-09,ATM_017,Suburban,5214.551636381676
2024-10-09,ATM_018,Urban,10487.975666643924
2024-10-09,ATM_019,Urban,7589.066891808288
2024-10-09,ATM_020,Rural,5289.760925619896
2024-10-10,ATM_001,Urban,9658.589948023275
2024-10-10,ATM_002,Rural,8249.595035157523
2024-10-10,ATM_003,Suburban,6771.774809352301
2024-10-10,ATM_004,Suburban,6999.814670894696
2024-10-10,ATM_005,Rural,7804.360441911781
2024-10-10,ATM_006,Urban,7677.078420479078
2024-10-10,ATM_007,Urban,7777.136005631748
2024-10-10,ATM_008,Rural,4602.959235570583
2024-10-10,ATM_009,Rural,6435.586290719471
2024-10-10,ATM_010,Suburban,8156.498376340662
2024-10-10,ATM_011,Rural,7057.88236406203
2024-10-10,ATM_012,Urban,9696.00408760964
2024-10-10,ATM_013,Rural,7791.902613720789
2024-10-10,ATM_014,Suburban,6527.07701890081
2024-10-10,ATM_015,Suburban,7034.048311298713
2024-10-10,ATM_016,Rural,4552.609261429285
2024-10-10,ATM_017,Suburban,8528.071246905212
2024-10-10,ATM_018,Urban,6461.189336523967
2024-10-10,ATM_019,Urban,6409.799745944416
2024-10-10,ATM_020,Rural,6213.551895007199
2024-10-11,ATM_001,Urban,8998.603399602944
2024-10-11,ATM_002,Rural,6568.135892358998
2024-10-11,ATM_003,Suburban,8964.212974011958
2024-10-11,ATM_004,Suburban,8573.701354706485
2024-10-11,ATM_005,Rural,4785.743627390955
2024-10-11,ATM_006,Urban,8134.44551890839
2024-10-11,ATM_007,Urban,7300.9640506853175
2024-10-11,ATM_008,Rural,4540.611744168243
2024-10-11,ATM_009,Rural,7304.083051243377
2024-10-11,ATM_010,Suburban,5556.98111307956
2024-10-11,ATM_011,Rural,5564.99906098236
2024-10-11,ATM_012,Urban,11226.171011984346
2024-10-11,ATM_013,Rural,7718.304754229789
2024-10-11,ATM_014,Suburban,3794.2175724245158
2024-10-11,ATM_015,Suburban,9823.526294948137
2024-10-11,ATM_016,Rural,6989.587908571221
2024-10-11,ATM_017,Suburban,8517.367452926517
2024-10-11,ATM_018,Urban,8559.276825945322
2024-10-11,ATM_019,Urban,10707.604159823097
2024-10-11,ATM_020,Rural,7200.941400570689
2024-10-12,ATM_001,Urban,13364.958709917026
2024-10-12,ATM_002,Rural,9172.868540662254
2024-10-12,ATM_003,Suburban,11880.41914929412
2024-10-12,ATM_004,Suburban,6247.510259850337
2024-10-12,ATM_005,Rural,9223.293425326767
2024-10-12,ATM_006,Urban,12791.961909377374
2024-10-12,ATM_007,Urban,10379.217906095342
2024-10-12,ATM_008,Rural,5207.775015935061
2024-10-12,ATM_009,Rural,3561.663841683608
2024-10-12,ATM_010,Suburban,12042.442215600824
2024-10-12,ATM_011,Rural,3584.9431689659586
2024-10-12,ATM_012,Urban,13178.420162624878
2024-10-12,ATM_013,Rural,9183.188240727719
2024-10-12,ATM_014,Suburban,11714.66844012808
2024-10-12,ATM_015,Suburban,11477.217410281231
2024-10-12,ATM_016,Rural,7668.2640639299925
2024-10-12,ATM_017,Suburban,8646.668329305961
2024-10-12,ATM_018,Urban,8152.098773124988
2024-10-12,ATM_019,Urban,8155.847776323488
2024-10-12,ATM_020,Rural,3004.759716487711
2024-10-13,ATM_001,Urban,7474.590349395969
2024-10-13,ATM_002,Rural,3691.897604347264
2024-10-13,ATM_003,Suburban,8827.9294602009
2024-10-13,ATM_004,Suburban,5045.255593729882
2024-10-13,ATM_005,Rural,8385.034905068394
2024-10-13,ATM_006,Urban,9486.96182347352
2024-10-13,ATM_007,Urban,8767.922601398754
2024-10-13,ATM_008,Rural,6327.0677671328785
2024-10-13,ATM_009,Rural,4649.130834593452
2024-10-13,ATM_010,Suburban,5788.429423809814
2024-10-13,ATM_011,Rural,8500.127142188809
2024-10-13,ATM_012,Urban,11519.52022878508
2024-10-13,ATM_013,Rural,5186.275902276668
2024-10-13,ATM_014,Suburban,9476.53423461541
2024-10-13,ATM_015,Suburban,7623.87423593793
2024-10-13,ATM_016,Rural,4578.734250729152
2024-10-13,ATM_017,Suburban,5440.086381581599
2024-10-13,ATM_018,Urban,9152.63015801138
2024-10-13,ATM_019,Urban,9391.132921778168
2024-10-13,ATM_020,Rural,4695.512787130366
2024-10-14,ATM_001,Urban,7004.881345377969
2024-10-14,ATM_002,Rural,3743.259028495797
2024-10-14,ATM_003,Suburban,5582.484667356202
2024-10-14,ATM_004,Suburban,10455.393362746101
2024-10-14,ATM_005,Rural,6120.2885815387035
2024-10-14,ATM_006,Urban,10646.256153292823
2024-10-14,ATM_007,Urban,6658.733483453791
2024-10-14,ATM_008,Rural,6204.071373296091
2024-10-14,ATM_009,Rural,4456.238308736777
2024-10-14,ATM_010,Suburban,8842.200201000049
2024-10-14,ATM_011,Rural,2979.4220374396405
2024-10-14,ATM_012,Urban,10302.36121091922
2024-10-14,ATM_013,Rural,8148.318229241408
2024-10-14,ATM_014,Suburban,8135.440868970491
2024-10-14,ATM_015,Suburban,9348.675981576658
2024-10-14,ATM_016,Rural,6665.338480677619
2024-10-14,ATM_017,Suburban,8981.13162668106
2024-10-14,ATM_018,Urban,7040.321536082863
2024-10-14,ATM_019,Urban,6750.4746928996665
2024-10-14,ATM_020,Rural,3994.201030318796
2024-10-15,ATM_001,Urban,9931.369855352972
2024-10-15,ATM_002,Rural,5910.444389067792
2024-10-15,ATM_003,Suburban,7133.708759787632
2024-10-15,ATM_004,Suburban,9938.455352389607
2024-10-15,ATM_005,Rural,4334.780228275101
2024-10-15,ATM_006,Urban,11651.250590454087
2024-10-15,ATM_007,Urban,11362.465967502247
2024-10-15,ATM_008,Rural,4626.803719491804
2024-10-15,ATM_009,Rural,5605.500996464475
2024-10-15,ATM_010,Suburban,6656.570774372138
2024-10-15,ATM_011,Rural,3925.5915896031634
2024-10-15,ATM_012,Urban,6982.539188352423
2024-10-15,ATM_013,Rural,4297.425699678096
2024-10-15,ATM_014,Suburban,5626.497168625427
2024-10-15,ATM_015,Suburban,9674.855270856078
2024-10-15,ATM_016,Rural,5825.068354028075
2024-10-15,ATM_017,Suburban,8184.243455514213
2024-10-15,ATM_018,Urban,9118.853166399504
2024-10-15,ATM_019,Urban,8261.438053459366
2024-10-15,ATM_020,Rural,5352.373583694794
2024-10-16,ATM_001,Urban,11419.505685494792
2024-10-16,ATM_002,Rural,7419.318209076387
2024-10-16,ATM_003,Suburban,6126.416874297415
2024-10-16,ATM_004,Suburban,8877.9905289212
2024-10-16,ATM_005,Rural,3028.097420403217
2024-10-16,ATM_006,Urban,10971.641408090672
2024-10-16,ATM_007,Urban,9675.156066674126
2024-10-16,ATM_008,Rural,7307.320828371268
2024-10-16,ATM_009,Rural,7406.617620994438
2024-10-16,ATM_010,Suburban,7124.387424711539
2024-10-16,ATM_011,Rural,4992.882664921746
2024-10-16,ATM_012,Urban,11360.57168678874
2024-10-16,ATM_013,Rural,3345.93319457687
2024-10-16,ATM_014,Suburban,6873.251326356039
2024-10-16,ATM_015,Suburban,5712.112695775466
2024-10-16,ATM_016,Rural,6531.556287774523
2024-10-16,ATM_017,Suburban,6262.117610142357
2024-10-16,ATM_018,Urban,10231.8522149578
2024-10-16,ATM_019,Urban,9648.805274993963
2024-10-16,ATM_020,Rural,6936.766387904493
2024-10-17,ATM_001,Urban,10134.711645603773
2024-10-17,ATM_002,Rural,4326.343288845176
2024-10-17,ATM_003,Suburban,7164.072135892649
2024-10-17,ATM_004,Suburban,6228.207276560561
2024-10-17,ATM_005,Rural,5105.698455898186
2024-10-17,ATM_006,Urban,10800.385745974223
2024-10-17,ATM_007,Urban,6934.478203833483
2024-10-17,ATM_008,Rural,7818.020179292214
2024-10-17,ATM_009,Rural,4075.6109741114606
2024-10-17,ATM_010,Suburban,5877.843513215212
2024-10-17,ATM_011,Rural,5031.43634787126
2024-10-17,ATM_012,Urban,12255.430798934281
2024-10-17,ATM_013,Rural,4482.042785759006
2024-10-17,ATM_014,Suburban,6929.4825388778645
2024-10-17,ATM_015,Suburban,8402.760091317581
2024-10-17,ATM_016,Rural,5936.234119664918
2024-10-17,ATM_017,Suburban,8168.172891670358
2024-10-17,ATM_018,Urban,6493.209865683885
2024-10-17,ATM_019,Urban,7061.421499282491
2024-10-17,ATM_020,Rural,5329.30125871234
2024-10-18,ATM_001,Urban,9622.962309470951
2024-10-18,ATM_002,Rural,8148.957186385389
2024-10-18,ATM_003,Suburban,6770.078837999913
2024-10-18,ATM_004,Suburban,7469.81612723864
2024-10-18,ATM_005,Rural,6530.111851202296
2024-10-18,ATM_006,Urban,10297.087793209423
2024-10-18,ATM_007,Urban,8552.164105015512
2024-10-18,ATM_008,Rural,6354.338875167169
2024-10-18,ATM_009,Rural,5703.1610568377455
2024-10-18,ATM_010,Suburban,3904.1261763017515
2024-10-18,ATM_011,Rural,5703.755681895123
2024-10-18,ATM_012,Urban,11200.76616554202
2024-10-18,ATM_013,Rural,4221.704144095659
2024-10-18,ATM_014,Suburban,6179.61060433998
2024-10-18,ATM_015,Suburban,5907.302202903671
2024-10-18,ATM_016,Rural,6380.600893575047
2024-10-18,ATM_017,Suburban,9556.167118964753
2024-10-18,ATM_018,Urban,7097.3809332640585
2024-10-18,ATM_019,Urban,6504.561303798644
2024-10-18,ATM_020,Rural,8276.891591611642
2024-10-19,ATM_001,Urban,11046.438713580848
2024-10-19,ATM_002,Rural,6729.1704203715135
2024-10-19,ATM_003,Suburban,8409.269575795946
2024-10-19,ATM_004,Suburban,11344.092242434343
2024-10-19,ATM_005,Rural,5103.8617070492555
2024-10-19,ATM_006,Urban,6744.332383623124
2024-10-19,ATM_007,Urban,15069.814952872854
2024-10-19,ATM_008,Rural,7533.945207728566
2024-10-19,ATM_009,Rural,3424.338557011451
2024-10-19,ATM_010,Suburban,10380.630937117437
2024-10-19,ATM_011,Rural,4009.8940408912044
2024-10-19,ATM_012,Urban,5994.308115348383
2024-10-19,ATM_013,Rural,9083.569930832902
2024-10-19,ATM_014,Suburban,12066.942257286924
2024-10-19,ATM_015,Suburban,8596.054203356778
2024-10-19,ATM_016,Rural,7344.177292352369
2024-10-19,ATM_017,Suburban,8009.086652703924
2024-10-19,ATM_018,Urban,9995.39749263726
2024-10-19,ATM_019,Urban,8388.212633685514
2024-10-19,ATM_020,Rural,5622.638176196916
2024-10-20,ATM_001,Urban,10101.730135840267
2024-10-20,ATM_002,Rural,5716.976064865812
2024-10-20,ATM_003,Suburban,8007.14127979855
2024-10-20,ATM_004,Suburban,6468.90507677834
2024-10-20,ATM_005,Rural,8786.348742789944
2024-10-20,ATM_006,Urban,10238.436676565574
2024-10-20,ATM_007,Urban,8681.411296979924
2024-10-20,ATM_008,Rural,6243.747836073303
2024-10-20,ATM_009,Rural,7339.655667416396
2024-10-20,ATM_010,Suburban,7857.793496626631
2024-10-20,ATM_011,Rural,3657.9274177962466
2024-10-20,ATM_012,Urban,11685.218604370299
2024-10-20,ATM_013,Rural,4914.816352091362
2024-10-20,ATM_014,Suburban,8986.079670434996
2024-10-20,ATM_015,Suburban,11474.5455366078
2024-10-20,ATM_016,Rural,8290.268824291477
2024-10-20,ATM_017,Suburban,9585.88447984293
2024-10-20,ATM_018,Urban,11475.664462521436
2024-10-20,ATM_019,Urban,12618.684563846817
2024-10-20,ATM_020,Rural,6775.427404192939
2024-10-21,ATM_001,Urban,10253.832473321589
2024-10-21,ATM_002,Rural,4647.952505991248
2024-10-21,ATM_003,Suburban,5189.366845687056
2024-10-21,ATM_004,Suburban,7623.374632735158
2024-10-21,ATM_005,Rural,4840.313335603983
2024-10-21,ATM_006,Urban,8005.149894313992
2024-10-21,ATM_007,Urban,7203.981765506224
2024-10-21,ATM_008,Rural,6203.432358913899
2024-10-21,ATM_009,Rural,8510.606216732222
2024-10-21,ATM_010,Suburban,6154.9093383800155
2024-10-21,ATM_011,Rural,5860.988270806345
2024-10-21,ATM_012,Urban,8597.287315947622
2024-10-21,ATM_013,Rural,3664.4780411563306
2024-10-21,ATM_014,Suburban,8154.44295220212
2024-10-21,ATM_015,Suburban,4830.407010554487
2024-10-21,ATM_016,Rural,7705.24186515483
2024-10-21,ATM_017,Suburban,4745.007733563495
2024-10-21,ATM_018,Urban,9538.567307372443
2024-10-21,ATM_019,Urban,7302.071397379458
2024-10-21,ATM_020,Rural,2657.222577905825
2024-10-22,ATM_001,Urban,9394.0730853999
2024-10-22,ATM_002,Rural,7713.459608502644
2024-10-22,ATM_003,Suburban,5262.620112790937
2024-10-22,ATM_004,Suburban,10167.891679499442
2024-10-22,ATM_005,Rural,4878.940699510568
2024-10-22,ATM_006,Urban,12206.262732416491
2024-10-22,ATM_007,Urban,8335.218569854555
2024-10-22,ATM_008,Rural,3433.299677074849
2024-10-22,ATM_009,Rural,6420.184157836404
2024-10-22,ATM_010,Suburban,9127.233270907196
2024-10-22,ATM_011,Rural,4815.685296463069
2024-10-22,ATM_012,Urban,9708.993066685623
2024-10-22,ATM_013,Rural,3425.5588496340206
2024-10-22,ATM_014,Suburban,7733.641009354937
2024-10-22,ATM_015,Suburban,6064.934920379517
2024-10-22,ATM_016,Rural,5646.805153946474
2024-10-22,ATM_017,Suburban,9870.33907080277
2024-10-22,ATM_018,Urban,8599.396080967414
2024-10-22,ATM_019,Urban,8016.874194129034
2024-10-22,ATM_020,Rural,6889.08290695016
2024-10-23,ATM_001,Urban,9093.195539895889
2024-10-23,ATM_002,Rural,8053.3212331980285
2024-10-23,ATM_003,Suburban,6960.081428145635
2024-10-23,ATM_004,Suburban,7035.129304581419
2024-10-23,ATM_005,Rural,7048.7621835609825
2024-10-23,ATM_006,Urban,8440.287131500298
2024-10-23,ATM_007,Urban,11113.43606333286
2024-10-23,ATM_008,Rural,7082.2869882194545
2024-10-23,ATM_009,Rural,8134.6321571700055
2024-10-23,ATM_010,Suburban,7083.951847652041
2024-10-23,ATM_011,Rural,4180.951739225932
2024-10-23,ATM_012,Urban,10566.663340048732
2024-10-23,ATM_013,Rural,4340.115834262643
2024-10-23,ATM_014,Suburban,8386.148612520876
2024-10-23,ATM_015,Suburban,6154.6088317219355
2024-10-23,ATM_016,Rural,6130.199499557542
2024-10-23,ATM_017,Suburban,9762.118523987925
2024-10-23,ATM_018,Urban,8880.537558081789
2024-10-23,ATM_019,Urban,7476.401558003105
2024-10-23,ATM_020,Rural,3626.6765265907334
2024-10-24,ATM_001,Urban,8195.66244108463
2024-10-24,ATM_002,Rural,5970.1083272776
2024-10-24,ATM_003,Suburban,9438.928510355016
2024-10-24,ATM_004,Suburban,7289.3293063874735
2024-10-24,ATM_005,Rural,7076.878498517888
2024-10-24,ATM_006,Urban,9068.488784929132
2024-10-24,ATM_007,Urban,9069.132870103382
2024-10-24,ATM_008,Rural,7221.127033313345
2024-10-24,ATM_009,Rural,8030.201923561263
2024-10-24,ATM_010,Suburban,6903.217147370715
2024-10-24,ATM_011,Rural,5617.996912816091
2024-10-24,ATM_012,Urban,8184.461135155203
2024-10-24,ATM_013,Rural,5823.275520841742
2024-10-24,ATM_014,Suburban,6671.134099414564
2024-10-24,ATM_015,Suburban,6241.579456184954
2024-10-24,ATM_016,Rural,4058.800915127742
2024-10-24,ATM_017,Suburban,8580.061985431257
2024-10-24,ATM_018,Urban,8130.0455970670155
2024-10-24,ATM_019,Urban,10317.81798161588
2024-10-24,ATM_020,Rural,5982.498161242109
2024-10-25,ATM_001,Urban,7195.412150616735
2024-10-25,ATM_002,Rural,5825.3546687835515
2024-10-25,ATM_003,Suburban,7616.774749933417
2024-10-25,ATM_004,Suburban,6178.7271527022
2024-10-25,ATM_005,Rural,2631.4725131425066
2024-10-25,ATM_006,Urban,8505.529177955606
2024-10-25,ATM_007,Urban,9773.874706834127
2024-10-25,ATM_008,Rural,3931.808911577593
2024-10-25,ATM_009,Rural,7429.091295513214
2024-10-25,ATM_010,Suburban,7380.144804678127
2024-10-25,ATM_011,Rural,6593.247096457664
2024-10-25,ATM_012,Urban,8838.040168866468
2024-10-25,ATM_013,Rural,7257.909798808845
2024-10-25,ATM_014,Suburban,6419.649208236969
2024-10-25,ATM_015,Suburban,7933.577232112241
2024-10-25,ATM_016,Rural,7719.760064521418
2024-10-25,ATM_017,Suburban,6561.175319814325
2024-10-25,ATM_018,Urban,8638.88617240421
2024-10-25,ATM_019,Urban,12715.112359130653
2024-10-25,ATM_020,Rural,7453.464672051732
2024-10-26,ATM_001,Urban,13373.795101247635
2024-10-26,ATM_002,Rural,8462.641500269014
2024-10-26,ATM_003,Suburban,8658.126248092412
2024-10-26,ATM_004,Suburban,10363.029392115586
2024-10-26,ATM_005,Rural,7743.438580008319
2024-10-26,ATM_006,Urban,13220.19765642299
2024-10-26,ATM_007,Urban,12845.249967903173
2024-10-26,ATM_008,Rural,4712.256293159595
2024-10-26,ATM_009,Rural,5142.363917344666
2024-10-26,ATM_010,Suburban,9393.171893274646
2024-10-26,ATM_011,Rural,7308.747668496537
2024-10-26,ATM_012,Urban,12728.527752545864
2024-10-26,ATM_013,Rural,8120.448880045505
2024-10-26,ATM_014,Suburban,7814.714678278087
2024-10-26,ATM_015,Suburban,11860.832744276304
2024-10-26,ATM_016,Rural,9333.228242974921
2024-10-26,ATM_017,Suburban,10409.337854251593
2024-10-26,ATM_018,Urban,9879.769394968293
2024-10-26,ATM_019,Urban,13358.11385943812
2024-10-26,ATM_020,Rural,8244.34521426459
2024-10-27,ATM_001,Urban,10734.423527956118
2024-10-27,ATM_002,Rural,8121.932702153325
2024-10-27,ATM_003,Suburban,7240.423889181884
2024-10-27,ATM_004,Suburban,8658.071158809782
2024-10-27,ATM_005,Rural,7258.017635887798
2024-10-27,ATM_006,Urban,14193.25600012508
2024-10-27,ATM_007,Urban,8724.841287534886
2024-10-27,ATM_008,Rural,3748.8855284799615
2024-10-27,ATM_009,Rural,3706.6719134098616
2024-10-27,ATM_010,Suburban,6090.442613829967
2024-10-27,ATM_011,Rural,5089.31901057576
2024-10-27,ATM_012,Urban,12990.559622705003
2024-10-27,ATM_013,Rural,7863.7330126698635
2024-10-27,ATM_014,Suburban,8484.738784534225
2024-10-27,ATM_015,Suburban,6966.317155454724
2024-10-27,ATM_016,Rural,3112.141189710975
2024-10-27,ATM_017,Suburban,12877.810212443435
2024-10-27,ATM_018,Urban,13405.9572013424
2024-10-27,ATM_019,Urban,11603.03397904253
2024-10-27,ATM_020,Rural,4665.56492147904
2024-10-28,ATM_001,Urban,7733.89590396441
2024-10-28,ATM_002,Rural,2813.8250089439007
2024-10-28,ATM_003,Suburban,8942.06602974791
2024-10-28,ATM_004,Suburban,9052.592237643054
2024-10-28,ATM_005,Rural,4567.752239952629
2024-10-28,ATM_006,Urban,8661.541252485385
2024-10-28,ATM_007,Urban,9652.172316990102
2024-10-28,ATM_008,Rural,7362.567233976616
2024-10-28,ATM_009,Rural,6723.879071771587
2024-10-28,ATM_010,Suburban,8378.959683367291
2024-10-28,ATM_011,Rural,5546.961551396601
2024-10-28,ATM_012,Urban,10445.174195665537
2024-10-28,ATM_013,Rural,2780.945973463559
2024-10-28,ATM_014,Suburban,8645.974830529713
2024-10-28,ATM_015,Suburban,5300.554646978825
2024-10-28,ATM_016,Rural,4135.522472961412
2024-10-28,ATM_017,Suburban,6593.089388421031
2024-10-28,ATM_018,Urban,5432.976314909562
2024-10-28,ATM_019,Urban,7732.058784387458
2024-10-28,ATM_020,Rural,4501.342787163855
2024-10-29,ATM_001,Urban,11601.08898801497
2024-10-29,ATM_002,Rural,5400.445773860343
2024-10-29,ATM_003,Suburban,6939.807138623681
2024-10-29,ATM_004,Suburban,4550.844545863652
2024-10-29,ATM_005,Rural,4471.315037944775
2024-10-29,ATM_006,Urban,10181.64992378473
2024-10-29,ATM_007,Urban,10034.76266229307
2024-10-29,ATM_008,Rural,4240.968625295895
2024-10-29,ATM_009,Rural,4304.043099990049
2024-10-29,ATM_010,Suburban,4516.369456600318
2024-10-29,ATM_011,Rural,6788.151859189504
2024-10-29,ATM_012,Urban,9862.746077217507
2024-10-29,ATM_013,Rural,6017.4907364580995
2024-10-29,ATM_014,Suburban,7313.000615376889
2024-10-29,ATM_015,Suburban,6064.162290086758
2024-10-29,ATM_016,Rural,5692.787657891492
2024-10-29,ATM_017,Suburban,6962.998667180547
2024-10-29,ATM_018,Urban,7494.761228120136
2024-10-29,ATM_019,Urban,7753.1238826516665
2024-10-29,ATM_020,Rural,5527.716469386431
2024-10-30,ATM_001,Urban,11480.96862144799
2024-10-30,ATM_002,Rural,3252.8071578877484
2024-10-30,ATM_003,Suburban,6325.3117560567
2024-10-30,ATM_004,Suburban,6382.284900995488
2024-10-30,ATM_005,Rural,7112.042546900841
2024-10-30,ATM_006,Urban,9876.356346665883
2024-10-30,ATM_007,Urban,8727.864964264629
2024-10-30,ATM_008,Rural,4308.4468052908705
2024-10-30,ATM_009,Rural,6153.160264792271
2024-10-30,ATM_010,Suburban,7101.117987744767
2024-10-30,ATM_011,Rural,2913.063748072107
2024-10-30,ATM_012,Urban,9300.681916206033
2024-10-30,ATM_013,Rural,3919.833564267149
2024-10-30,ATM_014,Suburban,7627.464039217033
2024-10-30,ATM_015,Suburban,7454.354430853549
2024-10-30,ATM_016,Rural,5137.077166079967
2024-10-30,ATM_017,Suburban,8814.342455054406
2024-10-30,ATM_018,Urban,10194.347413753183
2024-10-30,ATM_019,Urban,8324.483706500096
2024-10-30,ATM_020,Rural,6624.895195842015
2024-10-31,ATM_001,Urban,11127.790385455171
2024-10-31,ATM_002,Rural,6487.490233331756
2024-10-31,ATM_003,Suburban,10730.430900203652
2024-10-31,ATM_004,Suburban,11849.980418325928
2024-10-31,ATM_005,Rural,6700.146353542095
2024-10-31,ATM_006,Urban,12236.421194005203
2024-10-31,ATM_007,Urban,8691.104163148757
2024-10-31,ATM_008,Rural,9693.896252764327
2024-10-31,ATM_009,Rural,8019.605565002683
2024-10-31,ATM_010,Suburban,10577.803224313911
2024-10-31,ATM_011,Rural,10098.58503651501
2024-10-31,ATM_012,Urban,12268.181838623163
2024-10-31,ATM_013,Rural,6169.6791482592425
2024-10-31,ATM_014,Suburban,13306.54094614893
2024-10-31,ATM_015,Suburban,11212.814225350337
2024-10-31,ATM_016,Rural,5281.995337804273
2024-10-31,ATM_017,Suburban,7886.7759053506325
2024-10-31,ATM_018,Urban,10950.262613224348
2024-10-31,ATM_019,Urban,11916.759075473617
2024-10-31,ATM_020,Rural,5189.875593703778
2024-11-01,ATM_001,Urban,9949.739285992138
2024-11-01,ATM_002,Rural,7826.3474848917685
2024-11-01,ATM_003,Suburban,9154.373865675154
2024-11-01,ATM_004,Suburban,4288.222289608174
2024-11-01,ATM_005,Rural,4248.814005011229
2024-11-01,ATM_006,Urban,10375.607440826092
2024-11-01,ATM_007,Urban,7433.955135751875
2024-11-01,ATM_008,Rural,8149.88294988833
2024-11-01,ATM_009,Rural,4017.8325737997675
2024-11-01,ATM_010,Suburban,9177.222673369604
2024-11-01,ATM_011,Rural,5240.962508911597
2024-11-01,ATM_012,Urban,8395.9796780513
2024-11-01,ATM_013,Rural,6280.962798319495
2024-11-01,ATM_014,Suburban,4308.043796931367
2024-11-01,ATM_015,Suburban,7824.231065367892
2024-11-01,ATM_016,Rural,5923.706629610498
2024-11-01,ATM_017,Suburban,5507.980762440427
2024-11-01,ATM_018,Urban,7775.01930475216
2024-11-01,ATM_019,Urban,9073.05802140353
2024-11-01,ATM_020,Rural,4918.760086155171
2024-11-02,ATM_001,Urban,14111.371827829067
2024-11-02,ATM_002,Rural,6178.798324383811
2024-11-02,ATM_003,Suburban,9047.147800440256
2024-11-02,ATM_004,Suburban,12179.778999510558
2024-11-02,ATM_005,Rural,6384.117586874235
2024-11-02,ATM_006,Urban,12919.69683813352
2024-11-02,ATM_007,Urban,11779.25422117046
2024-11-02,ATM_008,Rural,5473.3232687980635
2024-11-02,ATM_009,Rural,4035.7758223555848
2024-11-02,ATM_010,Suburban,9940.419502468349
2024-11-02,ATM_011,Rural,8322.17563391346
2024-11-02,ATM_012,Urban,11138.591183737188
2024-11-02,ATM_013,Rural,9420.859924203822
2024-11-02,ATM_014,Suburban,8602.704623113774
2024-11-02,ATM_015,Suburban,9175.100730402235
2024-11-02,ATM_016,Rural,8472.016991356706
2024-11-02,ATM_017,Suburban,7950.727139613765
2024-11-02,ATM_018,Urban,10876.674234052241
2024-11-02,ATM_019,Urban,8478.585167584728
2024-11-02,ATM_020,Rural,4687.176417625735
2024-11-03,ATM_001,Urban,12173.855261095478
2024-11-03,ATM_002,Rural,4891.577360386076
2024-11-03,ATM_003,Suburban,8700.637177070443
2024-11-03,ATM_004,Suburban,11252.542534649852
2024-11-03,ATM_005,Rural,7968.932082828247
2024-11-03,ATM_006,Urban,9490.044980776756
2024-11-03,ATM_007,Urban,10730.993163192868
2024-11-03,ATM_008,Rural,7578.927282621781
2024-11-03,ATM_009,Rural,4508.84567544241
2024-11-03,ATM_010,Suburban,6436.4118507050125
2024-11-03,ATM_011,Rural,5053.56055198119
2024-11-03,ATM_012,Urban,9928.801712550588
2024-11-03,ATM_013,Rural,8241.492402805694
2024-11-03,ATM_014,Suburban,11053.485860892542
2024-11-03,ATM_015,Suburban,5614.37566269188
2024-11-03,ATM_016,Rural,5151.966784269686
2024-11-03,ATM_017,Suburban,6100.104339318145
2024-11-03,ATM_018,Urban,9000.776386414007
2024-11-03,ATM_019,Urban,9676.396793160031
2024-11-03,ATM_020,Rural,9242.746421935886
2024-11-04,ATM_001,Urban,12281.575236374589
2024-11-04,ATM_002,Rural,4488.259201622271
2024-11-04,ATM_003,Suburban,7457.189610002521
2024-11-04,ATM_004,Suburban,7976.406389759867
2024-11-04,ATM_005,Rural,5487.829591242448
2024-11-04,ATM_006,Urban,10816.441884230157
2024-11-04,ATM_007,Urban,5863.839544447737
2024-11-04,ATM_008,Rural,4487.244925002442
2024-11-04,ATM_009,Rural,5487.627000319101
2024-11-04,ATM_010,Suburban,6795.530916004155
2024-11-04,ATM_011,Rural,6666.731978431857
2024-11-04,ATM_012,Urban,7733.058021571519
2024-11-04,ATM_013,Rural,5076.435401492169
2024-11-04,ATM_014,Suburban,7951.046677309075
2024-11-04,ATM_015,Suburban,6520.649680708217
2024-11-04,ATM_016,Rural,4659.723949830399
2024-11-04,ATM_017,Suburban,9974.543763280211
2024-11-04,ATM_018,Urban,8110.226642887055
2024-11-04,ATM_019,Urban,11478.636765017305
2024-11-04,ATM_020,Rural,6775.44851269598
2024-11-05,ATM_001,Urban,7698.7275485064265
2024-11-05,ATM_002,Rural,7194.9897995359
2024-11-05,ATM_003,Suburban,9638.757216180922
2024-11-05,ATM_004,Suburban,6601.751659647226
2024-11-05,ATM_005,Rural,5340.792075294233
2024-11-05,ATM_006,Urban,11231.897107583442
2024-11-05,ATM_007,Urban,8018.991065794786
2024-11-05,ATM_008,Rural,6353.308683651009
2024-11-05,ATM_009,Rural,5252.507101348647
2024-11-05,ATM_010,Suburban,7745.487771393094
2024-11-05,ATM_011,Rural,8462.689649926286
2024-11-05,ATM_012,Urban,9130.610400254984
2024-11-05,ATM_013,Rural,5841.200287060614
2024-11-05,ATM_014,Suburban,9400.227146045014
2024-11-05,ATM_015,Suburban,5236.453651114857
2024-11-05,ATM_016,Rural,5201.823892671214
2024-11-05,ATM_017,Suburban,9034.764254945701
2024-11-05,ATM_018,Urban,8153.666980899133
2024-11-05,ATM_019,Urban,5570.612189751509
2024-11-05,ATM_020,Rural,4494.8151291723325
2024-11-06,ATM_001,Urban,9957.766031705027
2024-11-06,ATM_002,Rural,6067.0635578196125
2024-11-06,ATM_003,Suburban,8567.1467032704
2024-11-06,ATM_004,Suburban,8042.387018877614
2024-11-06,ATM_005,Rural,4546.908748591306
2024-11-06,ATM_006,Urban,8289.00328861858
2024-11-06,ATM_007,Urban,10451.351412015474
2024-11-06,ATM_008,Rural,5725.013005838831
2024-11-06,ATM_009,Rural,3297.4672073436136
2024-11-06,ATM_010,Suburban,7869.528142027451
2024-11-06,ATM_011,Rural,3245.5465340069372
2024-11-06,ATM_012,Urban,10441.64941391613
2024-11-06,ATM_013,Rural,7675.334137064052
2024-11-06,ATM_014,Suburban,9606.57972724068
2024-11-06,ATM_015,Suburban,7896.168077453829
2024-11-06,ATM_016,Rural,3922.4799006391286
2024-11-06,ATM_017,Suburban,8266.320594199853
2024-11-06,ATM_018,Urban,5360.257263913034
2024-11-06,ATM_019,Urban,11359.203980636079
2024-11-06,ATM_020,Rural,6335.5234689980025
2024-11-07,ATM_001,Urban,9969.472405225977
2024-11-07,ATM_002,Rural,4596.65843067202
2024-11-07,ATM_003,Suburban,10309.933143887049
2024-11-07,ATM_004,Suburban,8279.42515530086
2024-11-07,ATM_005,Rural,6837.15442190761
2024-11-07,ATM_006,Urban,8136.697265764725
2024-11-07,ATM_007,Urban,12367.833341976067
2024-11-07,ATM_008,Rural,2620.039520044591
2024-11-07,ATM_009,Rural,3681.02911751871
2024-11-07,ATM_010,Suburban,7681.974750802958
2024-11-07,ATM_011,Rural,6332.846640097692
2024-11-07,ATM_012,Urban,10070.863054291254
2024-11-07,ATM_013,Rural,5891.726583100536
2024-11-07,ATM_014,Suburban,8245.8640653498
2024-11-07,ATM_015,Suburban,9194.382169726303
2024-11-07,ATM_016,Rural,7928.364003419341
2024-11-07,ATM_017,Suburban,7351.276978196484
2024-11-07,ATM_018,Urban,9998.310791143456
2024-11-07,ATM_019,Urban,7265.872923683433
2024-11-07,ATM_020,Rural,8531.448089547857
2024-11-08,ATM_001,Urban,7394.721455482214
2024-11-08,ATM_002,Rural,4702.013931029718
2024-11-08,ATM_003,Suburban,7999.575777698348
2024-11-08,ATM_004,Suburban,8650.572846430165
2024-11-08,ATM_005,Rural,7637.343453724872
2024-11-08,ATM_006,Urban,9674.866506336906
2024-11-08,ATM_007,Urban,6993.719113350475
2024-11-08,ATM_008,Rural,3007.887653586934
2024-11-08,ATM_009,Rural,6973.602139131998
2024-11-08,ATM_010,Suburban,8485.950783527125
2024-11-08,ATM_011,Rural,6718.731623884475
2024-11-08,ATM_012,Urban,9744.083975689598
2024-11-08,ATM_013,Rural,4337.066378906354
2024-11-08,ATM_014,Suburban,8397.003962851222
2024-11-08,ATM_015,Suburban,5067.804851470597
2024-11-08,ATM_016,Rural,6402.335776261112
2024-11-08,ATM_017,Suburban,5914.32154918022
2024-11-08,ATM_018,Urban,10520.751687293006
2024-11-08,ATM_019,Urban,9348.838924130214
2024-11-08,ATM_020,Rural,7271.368140931113
2024-11-09,ATM_001,Urban,9145.075643196667
2024-11-09,ATM_002,Rural,6892.122879332855
2024-11-09,ATM_003,Suburban,9524.134885685005
2024-11-09,ATM_004,Suburban,11665.375509624311
2024-11-09,ATM_005,Rural,6412.222854780327
2024-11-09,ATM_006,Urban,10630.487927527478
2024-11-09,ATM_007,Urban,10159.227854853176
2024-11-09,ATM_008,Rural,4067.6092156437835
2024-11-09,ATM_009,Rural,4472.003650453366
2024-11-09,ATM_010,Suburban,8388.17566356873
2024-11-09,ATM_011,Rural,7995.624802216496
2024-11-09,ATM_012,Urban,7874.09450980191
2024-11-09,ATM_013,Rural,5935.613811345234
2024-11-09,ATM_014,Suburban,7938.957128665131
2024-11-09,ATM_015,Suburban,10344.420470392772
2024-11-09,ATM_016,Rural,6418.46546653773
2024-11-09,ATM_017,Suburban,8345.917838717442
2024-11-09,ATM_018,Urban,11941.881483565821
2024-11-09,ATM_019,Urban,12063.67386307142
2024-11-09,ATM_020,Rural,3866.2631136526866
2024-11-10,ATM_001,Urban,11333.617860604227
2024-11-10,ATM_002,Rural,5529.777293577762
2024-11-10,ATM_003,Suburban,8031.287875691516
2024-11-10,ATM_004,Suburban,9401.24057459978
2024-11-10,ATM_005,Rural,5267.693028141221
2024-11-10,ATM_006,Urban,14332.279954769481
2024-11-10,ATM_007,Urban,11064.010513108002
2024-11-10,ATM_008,Rural,8054.751410745662
2024-11-10,ATM_009,Rural,5036.252371429012
2024-11-10,ATM_010,Suburban,8694.711878457914
2024-11-10,ATM_011,Rural,9406.704013487599
2024-11-10,ATM_012,Urban,13596.704483603742
2024-11-10,ATM_013,Rural,7547.344514920696
2024-11-10,ATM_014,Suburban,12735.382491266988
2024-11-10,ATM_015,Suburban,8306.72272367544
2024-11-10,ATM_016,Rural,9313.70928756987
2024-11-10,ATM_017,Suburban,11150.793865749734
2024-11-10,ATM_018,Urban,12052.804684916788
2024-11-10,ATM_019,Urban,8027.285153106883
2024-11-10,ATM_020,Rural,4782.67148720681
2024-11-11,ATM_001,Urban,6455.248217527522
2024-11-11,ATM_002,Rural,3146.038033536417
2024-11-11,ATM_003,Suburban,6063.4089509266205
2024-11-11,ATM_004,Suburban,8553.738771924982
2024-11-11,ATM_005,Rural,3946.47386970985
2024-11-11,ATM_006,Urban,10330.915125180753
2024-11-11,ATM_007,Urban,8856.468446374936
2024-11-11,ATM_008,Rural,4669.77399347111
2024-11-11,ATM_009,Rural,4806.689347599982
2024-11-11,ATM_010,Suburban,7823.988604771441
2024-11-11,ATM_011,Rural,6317.671780454134
2024-11-11,ATM_012,Urban,8931.473583532952
2024-11-11,ATM_013,Rural,3754.604398894561
2024-11-11,ATM_014,Suburban,8638.324327374461
2024-11-11,ATM_015,Suburban,9724.765730599935
2024-11-11,ATM_016,Rural,7377.214273824365
2024-11-11,ATM_017,Suburban,7990.950750836605
2024-11-11,ATM_018,Urban,7805.117327548572
2024-11-11,ATM_019,Urban,11043.752116802167
2024-11-11,ATM_020,Rural,5857.610778374573
2024-11-12,ATM_001,Urban,4699.105702530798
2024-11-12,ATM_002,Rural,6850.931962496082
2024-11-12,ATM_003,Suburban,9103.214161833392
2024-11-12,ATM_004,Suburban,8619.373721611673
2024-11-12,ATM_005,Rural,3871.398113202044
2024-11-12,ATM_006,Urban,9488.538065055453
2024-11-12,ATM_007,Urban,8550.558021482382
2024-11-12,ATM_008,Rural,4821.408771745928
2024-11-12,ATM_009,Rural,7462.864770039673
2024-11-12,ATM_010,Suburban,6451.1537757398355
2024-11-12,ATM_011,Rural,7458.817756415565
2024-11-12,ATM_012,Urban,7719.329392830987
2024-11-12,ATM_013,Rural,8294.781726670268
2024-11-12,ATM_014,Suburban,6228.573710885798
2024-11-12,ATM_015,Suburban,6305.671312883814
2024-11-12,ATM_016,Rural,4587.670733359164
2024-11-12,ATM_017,Suburban,9199.960422051081
2024-11-12,ATM_018,Urban,9664.50645622026
2024-11-12,ATM_019,Urban,7770.31732679593
2024-11-12,ATM_020,Rural,5289.817813992874
2024-11-13,ATM_001,Urban,7755.367704212266
2024-11-13,ATM_002,Rural,3624.4869512550817
2024-11-13,ATM_003,Suburban,8242.106756374209
2024-11-13,ATM_004,Suburban,8132.621286056241
2024-11-13,ATM_005,Rural,7148.477587377863
2024-11-13,ATM_006,Urban,6778.962667462099
2024-11-13,ATM_007,Urban,7070.280128019576
2024-11-13,ATM_008,Rural,3606.448293347627
2024-11-13,ATM_009,Rural,7531.309898270217
2024-11-13,ATM_010,Suburban,8001.251391462078
2024-11-13,ATM_011,Rural,5935.7117115695655
2024-11-13,ATM_012,Urban,9195.413072250827
2024-11-13,ATM_013,Rural,5748.152463287855
2024-11-13,ATM_014,Suburban,7726.539114611132
2024-11-13,ATM_015,Suburban,6452.690126102413
2024-11-13,ATM_016,Rural,7374.680692749434
2024-11-13,ATM_017,Suburban,5321.8751769859555
2024-11-13,ATM_018,Urban,9470.020788697573
2024-11-13,ATM_019,Urban,12901.216840748451
2024-11-13,ATM_020,Rural,4952.258780660247
2024-11-14,ATM_001,Urban,10835.74629684053
2024-11-14,ATM_002,Rural,3669.540632110358
2024-11-14,ATM_003,Suburban,6731.491100523175
2024-11-14,ATM_004,Suburban,6646.1055972690165
2024-11-14,ATM_005,Rural,5674.11538515622
2024-11-14,ATM_006,Urban,9136.840088038844
2024-11-14,ATM_007,Urban,7205.54242815653
2024-11-14,ATM_008,Rural,4022.011812949848
2024-11-14,ATM_009,Rural,3701.5407399146497
2024-11-14,ATM_010,Suburban,9476.43926454674
2024-11-14,ATM_011,Rural,6055.372830149471
2024-11-14,ATM_012,Urban,12642.788862650625
2024-11-14,ATM_013,Rural,4371.569902433526
2024-11-14,ATM_014,Suburban,6632.467156714786
2024-11-14,ATM_015,Suburban,5057.400219681379
2024-11-14,ATM_016,Rural,3527.0009845098384
2024-11-14,ATM_017,Suburban,8240.379327276476
2024-11-14,ATM_018,Urban,9766.081512137003
2024-11-14,ATM_019,Urban,11908.495382724888
2024-11-14,ATM_020,Rural,3887.172165094261
2024-11-15,ATM_001,Urban,9974.797137778362
2024-11-15,ATM_002,Rural,7267.74073627996
2024-11-15,ATM_003,Suburban,8574.085228670645
2024-11-15,ATM_004,Suburban,7506.984901381934
2024-11-15,ATM_005,Rural,5563.522621129027
2024-11-15,ATM_006,Urban,8375.230660880268
2024-11-15,ATM_007,Urban,10093.484176968479
2024-11-15,ATM_008,Rural,8766.469837492392
2024-11-15,ATM_009,Rural,5238.685183177524
2024-11-15,ATM_010,Suburban,9051.235975840575
2024-11-15,ATM_011,Rural,8272.44040719973
2024-11-15,ATM_012,Urban,10257.355082386774
2024-11-15,ATM_013,Rural,5711.323665902312
2024-11-15,ATM_014,Suburban,6092.518971798445
2024-11-15,ATM_015,Suburban,8915.68562152319
2024-11-15,ATM_016,Rural,5121.502223424994
2024-11-15,ATM_017,Suburban,6552.230951450292
2024-11-15,ATM_018,Urban,7655.625731811948
2024-11-15,ATM_019,Urban,7820.303487225418
2024-11-15,ATM_020,Rural,4928.65189021572
2024-11-16,ATM_001,Urban,8027.90187450232
2024-11-16,ATM_002,Rural,8981.596937052202
2024-11-16,ATM_003,Suburban,7046.422385729367
2024-11-16,ATM_004,Suburban,7255.117253299015
2024-11-16,ATM_005,Rural,6088.262913613805
2024-11-16,ATM_006,Urban,6685.447600672791
2024-11-16,ATM_007,Urban,14048.15486397867
2024-11-16,ATM_008,Rural,4062.846126472621
2024-11-16,ATM_009,Rural,8443.137525399798
2024-11-16,ATM_010,Suburban,9343.707102502613
2024-11-16,ATM_011,Rural,3399.006141110784
2024-11-16,ATM_012,Urban,14301.998285695778
2024-11-16,ATM_013,Rural,5408.748877505285
2024-11-16,ATM_014,Suburban,6261.264648095625
2024-11-16,ATM_015,Suburban,6117.101391756997
2024-11-16,ATM_016,Rural,8784.490445353256
2024-11-16,ATM_017,Suburban,7682.832821422747
2024-11-16,ATM_018,Urban,14493.42253422648
2024-11-16,ATM_019,Urban,14086.401093729168
2024-11-16,ATM_020,Rural,6159.955088757693
2024-11-17,ATM_001,Urban,11429.319994740734
2024-11-17,ATM_002,Rural,6319.576708055928
2024-11-17,ATM_003,Suburban,8726.834115810063
2024-11-17,ATM_004,Suburban,11145.710193371342
2024-11-17,ATM_005,Rural,5371.565580946336
2024-11-17,ATM_006,Urban,11319.121733033167
2024-11-17,ATM_007,Urban,9677.384558124886
2024-11-17,ATM_008,Rural,7579.282319643475
2024-11-17,ATM_009,Rural,7580.608938625119
2024-11-17,ATM_010,Suburban,11157.56045876252
2024-11-17,ATM_011,Rural,6113.953847528854
2024-11-17,ATM_012,Urban,8113.503582916282
2024-11-17,ATM_013,Rural,4878.709396951178
2024-11-17,ATM_014,Suburban,8063.73876331765
2024-11-17,ATM_015,Suburban,11110.10547688424
2024-11-17,ATM_016,Rural,6223.418919430702
2024-11-17,ATM_017,Suburban,9156.004558627814
2024-11-17,ATM_018,Urban,10451.784393138683
2024-11-17,ATM_019,Urban,9674.931735115655
2024-11-17,ATM_020,Rural,5641.4490455121495
2024-11-18,ATM_001,Urban,9864.643678090977
2024-11-18,ATM_002,Rural,4768.540682489841
2024-11-18,ATM_003,Suburban,7492.714641451616
2024-11-18,ATM_004,Suburban,5975.436116301511
2024-11-18,ATM_005,Rural,8156.541511284494
2024-11-18,ATM_006,Urban,10844.364172222178
2024-11-18,ATM_007,Urban,9303.056879581054
2024-11-18,ATM_008,Rural,4856.231142323164
2024-11-18,ATM_009,Rural,7797.974643734311
2024-11-18,ATM_010,Suburban,9016.403564850103
2024-11-18,ATM_011,Rural,3600.587580482917
2024-11-18,ATM_012,Urban,8076.835450959004
2024-11-18,ATM_013,Rural,5270.476381131197
2024-11-18,ATM_014,Suburban,9953.125246667365
2024-11-18,ATM_015,Suburban,6091.131625811434
2024-11-18,ATM_016,Rural,3253.1895786389478
2024-11-18,ATM_017,Suburban,5280.472194353484
2024-11-18,ATM_018,Urban,9366.816425499734
2024-11-18,ATM_019,Urban,5513.520727575301
2024-11-18,ATM_020,Rural,7757.968949191998
2024-11-19,ATM_001,Urban,9268.03395826477
2024-11-19,ATM_002,Rural,6914.989334886263
2024-11-19,ATM_003,Suburban,8359.326308605147
2024-11-19,ATM_004,Suburban,9005.143512712782
2024-11-19,ATM_005,Rural,4402.243319414916
2024-11-19,ATM_006,Urban,9782.412328633529
2024-11-19,ATM_007,Urban,8319.091545047955
2024-11-19,ATM_008,Rural,4372.28944275353
2024-11-19,ATM_009,Rural,4056.733564027307
2024-11-19,ATM_010,Suburban,7245.37315003684
2024-11-19,ATM_011,Rural,5237.449087567675
2024-11-19,ATM_012,Urban,11859.052262259207
2024-11-19,ATM_013,Rural,4395.695170767609
2024-11-19,ATM_014,Suburban,8260.15253066022
2024-11-19,ATM_015,Suburban,5759.730900276961
2024-11-19,ATM_016,Rural,5993.890886460616
2024-11-19,ATM_017,Suburban,9103.126803867412
2024-11-19,ATM_018,Urban,10346.034282408968
2024-11-19,ATM_019,Urban,7893.578812203717
2024-11-19,ATM_020,Rural,5784.724566431206
2024-11-20,ATM_001,Urban,9487.57707403359
2024-11-20,ATM_002,Rural,6321.776913714739
2024-11-20,ATM_003,Suburban,9954.693131463122
2024-11-20,ATM_004,Suburban,9019.26035621978
2024-11-20,ATM_005,Rural,5532.3609715739985
2024-11-20,ATM_006,Urban,8846.89415491835
2024-11-20,ATM_007,Urban,13170.00830297346
2024-11-20,ATM_008,Rural,7442.552893278698
2024-11-20,ATM_009,Rural,3172.2034567070205
2024-11-20,ATM_010,Suburban,8033.9898595753775
2024-11-20,ATM_011,Rural,4346.873228996021
2024-11-20,ATM_012,Urban,10915.01209740531
2024-11-20,ATM_013,Rural,7037.3312297854945
2024-11-20,ATM_014,Suburban,6651.120525336904
2024-11-20,ATM_015,Suburban,7098.832327674143
2024-11-20,ATM_016,Rural,7930.810044677639
2024-11-20,ATM_017,Suburban,9871.159701497618
2024-11-20,ATM_018,Urban,7112.866813912062
2024-11-20,ATM_019,Urban,6412.7085676915385
2024-11-20,ATM_020,Rural,6364.789418784805
2024-11-21,ATM_001,Urban,9923.290898720239
2024-11-21,ATM_002,Rural,5187.395505645866
2024-11-21,ATM_003,Suburban,5733.794246854284
2024-11-21,ATM_004,Suburban,8306.01329301038
2024-11-21,ATM_005,Rural,6974.159917199803
2024-11-21,ATM_006,Urban,9918.246925502173
2024-11-21,ATM_007,Urban,10287.168526367062
2024-11-21,ATM_008,Rural,5810.616517283507
2024-11-21,ATM_009,Rural,6743.460973357183
2024-11-21,ATM_010,Suburban,8619.876082411703
2024-11-21,ATM_011,Rural,7626.3414916532665
2024-11-21,ATM_012,Urban,8381.886719734644
2024-11-21,ATM_013,Rural,5920.988383646026
2024-11-21,ATM_014,Suburban,9840.23564756501
2024-11-21,ATM_015,Suburban,7462.894073967007
2024-11-21,ATM_016,Rural,3928.280791326018
2024-11-21,ATM_017,Suburban,4968.418632154672
2024-11-21,ATM_018,Urban,10144.093980315107
2024-11-21,ATM_019,Urban,7048.223544002729
2024-11-21,ATM_020,Rural,6989.568101105834
2024-11-22,ATM_001,Urban,6549.264539349271
2024-11-22,ATM_002,Rural,5287.510397208393
2024-11-22,ATM_003,Suburban,7178.873374056072
2024-11-22,ATM_004,Suburban,6629.245523857244
2024-11-22,ATM_005,Rural,6984.433963167975
2024-11-22,ATM_006,Urban,10537.71674602744
2024-11-22,ATM_007,Urban,8878.774155391637
2024-11-22,ATM_008,Rural,6164.7306893128425
2024-11-22,ATM_009,Rural,4509.96852235108
2024-11-22,ATM_010,Suburban,8468.488958013086
2024-11-22,ATM_011,Rural,4031.4229528261076
2024-11-22,ATM_012,Urban,8581.218828392013
2024-11-22,ATM_013,Rural,5039.881458024401
2024-11-22,ATM_014,Suburban,8941.450940278412
2024-11-22,ATM_015,Suburban,6991.014062387551
2024-11-22,ATM_016,Rural,4149.14040885668
2024-11-22,ATM_017,Suburban,3967.607389263826
2024-11-22,ATM_018,Urban,9813.113000589898
2024-11-22,ATM_019,Urban,12406.239778942605
2024-11-22,ATM_020,Rural,3307.3240883701897
2024-11-23,ATM_001,Urban,12169.823707922626
2024-11-23,ATM_002,Rural,5342.209856731615
2024-11-23,ATM_003,Suburban,10788.184777218941
2024-11-23,ATM_004,Suburban,10657.77344974481
2024-11-23,ATM_005,Rural,6805.2411821002515
2024-11-23,ATM_006,Urban,13991.90973977315
2024-11-23,ATM_007,Urban,9789.272292195825
2024-11-23,ATM_008,Rural,7564.123051011627
2024-11-23,ATM_009,Rural,7879.9329337985855
2024-11-23,ATM_010,Suburban,11173.911262905742
2024-11-23,ATM_011,Rural,6925.786743418673
2024-11-23,ATM_012,Urban,10224.932432213485
2024-11-23,ATM_013,Rural,6383.259261419507
2024-11-23,ATM_014,Suburban,9981.550200682777
2024-11-23,ATM_015,Suburban,7869.302200917198
2024-11-23,ATM_016,Rural,8751.031560842363
2024-11-23,ATM_017,Suburban,9000.33668441425
2024-11-23,ATM_018,Urban,11907.145108372926
2024-11-23,ATM_019,Urban,12422.289557051718
2024-11-23,ATM_020,Rural,4357.899203767685
2024-11-24,ATM_001,Urban,10175.29982461975
2024-11-24,ATM_002,Rural,3547.7923620920787
2024-11-24,ATM_003,Suburban,10675.810288630451
2024-11-24,ATM_004,Suburban,12462.148765936532
2024-11-24,ATM_005,Rural,8269.110691037635
2024-11-24,ATM_006,Urban,12461.533537334237
2024-11-24,ATM_007,Urban,10314.769274438746
2024-11-24,ATM_008,Rural,4785.625199680748
2024-11-24,ATM_009,Rural,8441.18806033674
2024-11-24,ATM_010,Suburban,9739.17156708067
2024-11-24,ATM_011,Rural,8173.94531948823
2024-11-24,ATM_012,Urban,10133.390172544847
2024-11-24,ATM_013,Rural,4221.15107990766
2024-11-24,ATM_014,Suburban,11290.608036262793
2024-11-24,ATM_015,Suburban,6644.772310408997
2024-11-24,ATM_016,Rural,8289.530983441253
2024-11-24,ATM_017,Suburban,7263.693700065483
2024-11-24,ATM_018,Urban,11204.283398441341
2024-11-24,ATM_019,Urban,11981.490929989148
2024-11-24,ATM_020,Rural,5944.998759150949
2024-11-25,ATM_001,Urban,8268.969735920662
2024-11-25,ATM_002,Rural,4715.086047230702
2024-11-25,ATM_003,Suburban,9364.012851898235
2024-11-25,ATM_004,Suburban,5267.794633373505
2024-11-25,ATM_005,Rural,3292.3838031481823
2024-11-25,ATM_006,Urban,11330.36664895627
2024-11-25,ATM_007,Urban,9787.811891281142
2024-11-25,ATM_008,Rural,3017.0781723072114
2024-11-25,ATM_009,Rural,3829.1829683161045
2024-11-25,ATM_010,Suburban,5697.95962628182
2024-11-25,ATM_011,Rural,7916.511477078087
2024-11-25,ATM_012,Urban,6644.528358195437
2024-11-25,ATM_013,Rural,2819.70971303203
2024-11-25,ATM_014,Suburban,8069.587300091067
2024-11-25,ATM_015,Suburban,8664.657176696215
2024-11-25,ATM_016,Rural,6955.328488180022
2024-11-25,ATM_017,Suburban,8583.814059758799
2024-11-25,ATM_018,Urban,11296.983730783772
2024-11-25,ATM_019,Urban,10381.09244289255
2024-11-25,ATM_020,Rural,4769.451524094147
2024-11-26,ATM_001,Urban,6609.429422402691
2024-11-26,ATM_002,Rural,5981.404887958741
2024-11-26,ATM_003,Suburban,5859.131752101296
2024-11-26,ATM_004,Suburban,7894.676877332918
2024-11-26,ATM_005,Rural,7066.5324438013695
2024-11-26,ATM_006,Urban,11806.85093568461
2024-11-26,ATM_007,Urban,10191.090846905212
2024-11-26,ATM_008,Rural,6635.039420970916
2024-11-26,ATM_009,Rural,6371.911315434917
2024-11-26,ATM_010,Suburban,8043.382453532567
2024-11-26,ATM_011,Rural,6204.3255489920175
2024-11-26,ATM_012,Urban,8866.637249236182
2024-11-26,ATM_013,Rural,7983.153869252703
2024-11-26,ATM_014,Suburban,7618.979584161452
2024-11-26,ATM_015,Suburban,6760.15087612571
2024-11-26,ATM_016,Rural,3377.7732631600966
2024-11-26,ATM_017,Suburban,9454.722548869462
2024-11-26,ATM_018,Urban,9439.06612608018
2024-11-26,ATM_019,Urban,10628.93348483875
2024-11-26,ATM_020,Rural,5334.870000766041
2024-11-27,ATM_001,Urban,11459.622442653015
2024-11-27,ATM_002,Rural,5535.584968643174
2024-11-27,ATM_003,Suburban,8904.361845306139
2024-11-27,ATM_004,Suburban,6568.248056266521
2024-11-27,ATM_005,Rural,7804.73636838541
2024-11-27,ATM_006,Urban,6968.608416756136
2024-11-27,ATM_007,Urban,10996.938580407506
2024-11-27,ATM_008,Rural,4033.280898833737
2024-11-27,ATM_009,Rural,8308.867584745867
2024-11-27,ATM_010,Suburban,7069.160689216829
2024-11-27,ATM_011,Rural,4081.5134510362977
2024-11-27,ATM_012,Urban,5889.591182552824
2024-11-27,ATM_013,Rural,5554.191652300362
2024-11-27,ATM_014,Suburban,5347.92654162983
2024-11-27,ATM_015,Suburban,10397.11051649033
2024-11-27,ATM_016,Rural,2927.085625283239
2024-11-27,ATM_017,Suburban,8059.683972244104
2024-11-27,ATM_018,Urban,5245.689483636991
2024-11-27,ATM_019,Urban,4848.676416115606
2024-11-27,ATM_020,Rural,4880.48101565623
2024-11-28,ATM_001,Urban,5199.573479715328
2024-11-28,ATM_002,Rural,6036.387240679009
2024-11-28,ATM_003,Suburban,10016.977925294568
2024-11-28,ATM_004,Suburban,4261.177066163942
2024-11-28,ATM_005,Rural,7814.327828455377
2024-11-28,ATM_006,Urban,11783.596254791357
2024-11-28,ATM_007,Urban,7530.245707270202
2024-11-28,ATM_008,Rural,7701.656918956127
2024-11-28,ATM_009,Rural,4169.485743499828
2024-11-28,ATM_010,Suburban,9431.833557061955
2024-11-28,ATM_011,Rural,3953.521562227263
2024-11-28,ATM_012,Urban,7767.830936047256
2024-11-28,ATM_013,Rural,3704.735384151618
2024-11-28,ATM_014,Suburban,6762.636350577754
2024-11-28,ATM_015,Suburban,10961.279102907327
2024-11-28,ATM_016,Rural,6043.497662008591
2024-11-28,ATM_017,Suburban,7472.248653284186
2024-11-28,ATM_018,Urban,6700.832325538434
2024-11-28,ATM_019,Urban,6268.629392931157
2024-11-28,ATM_020,Rural,6569.976402605694
2024-11-29,ATM_001,Urban,12955.098730810856
2024-11-29,ATM_002,Rural,6725.457762689215
2024-11-29,ATM_003,Suburban,8848.308109748637
2024-11-29,ATM_004,Suburban,9433.160829562323
2024-11-29,ATM_005,Rural,4890.22429743676
2024-11-29,ATM_006,Urban,11340.963503341385
2024-11-29,ATM_007,Urban,6970.104465731374
2024-11-29,ATM_008,Rural,7467.91798569342
2024-11-29,ATM_009,Rural,7383.702633256249
2024-11-29,ATM_010,Suburban,8812.73687430653
2024-11-29,ATM_011,Rural,3383.4288501319643
2024-11-29,ATM_012,Urban,6451.444866627705
2024-11-29,ATM_013,Rural,6643.541574888384
2024-11-29,ATM_014,Suburban,9332.022978692927
2024-11-29,ATM_015,Suburban,6181.10887716396
2024-11-29,ATM_016,Rural,4931.894951951934
2024-11-29,ATM_017,Suburban,9336.28426721836
2024-11-29,ATM_018,Urban,6565.095292033999
2024-11-29,ATM_019,Urban,9506.131177452708
2024-11-29,ATM_020,Rural,4959.942289566454
2024-11-30,ATM_001,Urban,16089.924179096774
2024-11-30,ATM_002,Rural,10769.991028901793
2024-11-30,ATM_003,Suburban,15383.886529085688
2024-11-30,ATM_004,Suburban,9146.722096789848
2024-11-30,ATM_005,Rural,6281.660714441578
2024-11-30,ATM_006,Urban,13286.178282651306
2024-11-30,ATM_007,Urban,17315.869204987965
2024-11-30,ATM_008,Rural,7588.275578415683
2024-11-30,ATM_009,Rural,12150.39678260073
2024-11-30,ATM_010,Suburban,8055.762561684214
2024-11-30,ATM_011,Rural,8603.927903978403
2024-11-30,ATM_012,Urban,18627.133494129455
2024-11-30,ATM_013,Rural,7499.767341518137
2024-11-30,ATM_014,Suburban,10565.958936411258
2024-11-30,ATM_015,Suburban,17131.841483858185
2024-11-30,ATM_016,Rural,6300.702133849943
2024-11-30,ATM_017,Suburban,11536.155870155933
2024-11-30,ATM_018,Urban,16336.794202169911
2024-11-30,ATM_019,Urban,19911.548972327328
2024-11-30,ATM_020,Rural,10341.722157008246
2024-12-01,ATM_001,Urban,12668.274243662509
2024-12-01,ATM_002,Rural,4004.55652928737
2024-12-01,ATM_003,Suburban,5797.002881421645
2024-12-01,ATM_004,Suburban,8990.120240223046
2024-12-01,ATM_005,Rural,8947.551168440246
2024-12-01,ATM_006,Urban,11225.763595382323
2024-12-01,ATM_007,Urban,8830.00033324345
2024-12-01,ATM_008,Rural,4361.765171456311
2024-12-01,ATM_009,Rural,8400.767478802252
2024-12-01,ATM_010,Suburban,8703.401897367492
2024-12-01,ATM_011,Rural,5137.886224447694
2024-12-01,ATM_012,Urban,8772.293342428025
2024-12-01,ATM_013,Rural,5977.383874685842
2024-12-01,ATM_014,Suburban,9958.4200495627
2024-12-01,ATM_015,Suburban,7150.251627738232
2024-12-01,ATM_016,Rural,5007.801120578007
2024-12-01,ATM_017,Suburban,9110.435612136329
2024-12-01,ATM_018,Urban,11752.700156324137
2024-12-01,ATM_019,Urban,9874.209153349815
2024-12-01,ATM_020,Rural,7055.815161473814
2024-12-02,ATM_001,Urban,8789.447207616775
2024-12-02,ATM_002,Rural,6472.1343235138975
2024-12-02,ATM_003,Suburban,9476.933543865567
2024-12-02,ATM_004,Suburban,7419.416743320937
2024-12-02,ATM_005,Rural,4251.6674477297665
2024-12-02,ATM_006,Urban,8866.79989725417
2024-12-02,ATM_007,Urban,11047.993515231256
2024-12-02,ATM_008,Rural,4411.018575582083
2024-12-02,ATM_009,Rural,3005.2197786046754
2024-12-02,ATM_010,Suburban,7026.42813456895
2024-12-02,ATM_011,Rural,5075.7561631307435
2024-12-02,ATM_012,Urban,8073.522756700651
2024-12-02,ATM_013,Rural,5195.85417081406
2024-12-02,ATM_014,Suburban,9154.973384426105
2024-12-02,ATM_015,Suburban,7467.095063563307
2024-12-02,ATM_016,Rural,7017.36247227727
2024-12-02,ATM_017,Suburban,8462.981168360324
2024-12-02,ATM_018,Urban,10095.552248397018
2024-12-02,ATM_019,Urban,6944.366862851586
2024-12-02,ATM_020,Rural,4089.3482842001335
2024-12-03,ATM_001,Urban,12893.05520364397
2024-12-03,ATM_002,Rural,5106.642630881577
2024-12-03,ATM_003,Suburban,7119.054309846975
2024-12-03,ATM_004,Suburban,9704.877674703816
2024-12-03,ATM_005,Rural,3092.0524909579326
2024-12-03,ATM_006,Urban,9183.913766711377
2024-12-03,ATM_007,Urban,11060.436768664058
2024-12-03,ATM_008,Rural,5272.487618836515
2024-12-03,ATM_009,Rural,7494.284508227871
2024-12-03,ATM_010,Suburban,7040.215567459266
2024-12-03,ATM_011,Rural,4880.825238019704
2024-12-03,ATM_012,Urban,9367.52126933579
2024-12-03,ATM_013,Rural,4066.9406300826768
2024-12-03,ATM_014,Suburban,9517.978102704606
2024-12-03,ATM_015,Suburban,9852.013049958201
2024-12-03,ATM_016,Rural,3232.8562126409397
2024-12-03,ATM_017,Suburban,6370.3028645205095
2024-12-03,ATM_018,Urban,10077.31550957133
2024-12-03,ATM_019,Urban,10983.832033374367
2024-12-03,ATM_020,Rural,7255.930530821549
2024-12-04,ATM_001,Urban,6884.997831008213
2024-12-04,ATM_002,Rural,3864.837895816006
2024-12-04,ATM_003,Suburban,5577.575807474997
2024-12-04,ATM_004,Suburban,8971.958718190088
2024-12-04,ATM_005,Rural,6158.541939101993
2024-12-04,ATM_006,Urban,12129.73335369132
2024-12-04,ATM_007,Urban,7945.230186011397
2024-12-04,ATM_008,Rural,4811.939241935622
2024-12-04,ATM_009,Rural,2396.3429489053406
2024-12-04,ATM_010,Suburban,8119.458305998411
2024-12-04,ATM_011,Rural,3359.104811482864
2024-12-04,ATM_012,Urban,7168.199587530266
2024-12-04,ATM_013,Rural,3289.610149723273
2024-12-04,ATM_014,Suburban,4848.767583010021
2024-12-04,ATM_015,Suburban,5281.786958864497
2024-12-04,ATM_016,Rural,4618.318958416913
2024-12-04,ATM_017,Suburban,10389.703087317785
2024-12-04,ATM_018,Urban,8942.50160685361
2024-12-04,ATM_019,Urban,12237.027436139699
2024-12-04,ATM_020,Rural,7362.057191845173
2024-12-05,ATM_001,Urban,11689.289661000494
2024-12-05,ATM_002,Rural,6611.5869079911645
2024-12-05,ATM_003,Suburban,7826.909482211648
2024-12-05,ATM_004,Suburban,7753.996555475552
2024-12-05,ATM_005,Rural,6298.4802649608455
2024-12-05,ATM_006,Urban,11025.672347121113
2024-12-05,ATM_007,Urban,8560.850492823132
2024-12-05,ATM_008,Rural,5563.431094923931
2024-12-05,ATM_009,Rural,6233.727387598747
2024-12-05,ATM_010,Suburban,9461.728998071856
2024-12-05,ATM_011,Rural,4280.031274802857
2024-12-05,ATM_012,Urban,10303.179002951583
2024-12-05,ATM_013,Rural,5017.1171820815425
2024-12-05,ATM_014,Suburban,7485.066308843886
2024-12-05,ATM_015,Suburban,7006.919069862513
2024-12-05,ATM_016,Rural,5066.468825210235
2024-12-05,ATM_017,Suburban,9325.961962673406
2024-12-05,ATM_018,Urban,8651.872478541509
2024-12-05,ATM_019,Urban,8880.875034459392
2024-12-05,ATM_020,Rural,7558.248071323601
2024-12-06,ATM_001,Urban,12309.049061679798
2024-12-06,ATM_002,Rural,3576.3021406144812
2024-12-06,ATM_003,Suburban,7122.08023112127
2024-12-06,ATM_004,Suburban,9380.751384910443
2024-12-06,ATM_005,Rural,7355.040268622253
2024-12-06,ATM_006,Urban,8806.632476083154
2024-12-06,ATM_007,Urban,6596.866576026505
2024-12-06,ATM_008,Rural,3909.649911473651
2024-12-06,ATM_009,Rural,8086.463509480697
2024-12-06,ATM_010,Suburban,9889.385839744786
2024-12-06,ATM_011,Rural,5964.033017256451
2024-12-06,ATM_012,Urban,11086.810589188302
2024-12-06,ATM_013,Rural,4623.9837749855415
2024-12-06,ATM_014,Suburban,5727.410001300146
2024-12-06,ATM_015,Suburban,9671.968424352848
2024-12-06,ATM_016,Rural,6982.616340226311
2024-12-06,ATM_017,Suburban,8936.629507273028
2024-12-06,ATM_018,Urban,10261.026016295567
2024-12-06,ATM_019,Urban,8063.963296301158
2024-12-06,ATM_020,Rural,6206.5560543836755
2024-12-07,ATM_001,Urban,12582.357014936086
2024-12-07,ATM_002,Rural,8806.249377912862
2024-12-07,ATM_003,Suburban,9864.48238895835
2024-12-07,ATM_004,Suburban,11345.413152082445
2024-12-07,ATM_005,Rural,4685.357717581749
2024-12-07,ATM_006,Urban,12744.882490103306
2024-12-07,ATM_007,Urban,9518.00757909975
2024-12-07,ATM_008,Rural,5450.4955428588155
2024-12-07,ATM_009,Rural,8368.571522527616
2024-12-07,ATM_010,Suburban,6159.262947311112
2024-12-07,ATM_011,Rural,5075.276936291412
2024-12-07,ATM_012,Urban,10766.212950040863
2024-12-07,ATM_013,Rural,8330.45727084019
2024-12-07,ATM_014,Suburban,8824.530142063804
2024-12-07,ATM_015,Suburban,10753.360285894323
2024-12-07,ATM_016,Rural,8913.196360248008
2024-12-07,ATM_017,Suburban,8464.06845897248
2024-12-07,ATM_018,Urban,13048.142510446109
2024-12-07,ATM_019,Urban,8194.335113690022
2024-12-07,ATM_020,Rural,7626.674503408213
2024-12-08,ATM_001,Urban,11097.913842584314
2024-12-08,ATM_002,Rural,4133.801504368603
2024-12-08,ATM_003,Suburban,13174.109782066196
2024-12-08,ATM_004,Suburban,9437.770884898959
2024-12-08,ATM_005,Rural,4518.5440975289885
2024-12-08,ATM_006,Urban,8678.984945108326
2024-12-08,ATM_007,Urban,11880.579593328637
2024-12-08,ATM_008,Rural,8249.391631423583
2024-12-08,ATM_009,Rural,8483.350177165503
2024-12-08,ATM_010,Suburban,8902.872251057197
2024-12-08,ATM_011,Rural,7562.092026037614
2024-12-08,ATM_012,Urban,9830.532363073962
2024-12-08,ATM_013,Rural,8987.928990796063
2024-12-08,ATM_014,Suburban,5597.9464204462365
2024-12-08,ATM_015,Suburban,7222.661017258561
2024-12-08,ATM_016,Rural,4453.558379472808
2024-12-08,ATM_017,Suburban,11840.653852131114
2024-12-08,ATM_018,Urban,10011.452375427616
2024-12-08,ATM_019,Urban,11843.216128831775
2024-12-08,ATM_020,Rural,7337.23818982278
2024-12-09,ATM_001,Urban,9550.504851043892
2024-12-09,ATM_002,Rural,7523.084473784218
2024-12-09,ATM_003,Suburban,5326.825282078863
2024-12-09,ATM_004,Suburban,4695.0932101209355
2024-12-09,ATM_005,Rural,7994.654399621924
2024-12-09,ATM_006,Urban,6697.381829522664
2024-12-09,ATM_007,Urban,11734.011715080023
2024-12-09,ATM_008,Rural,5492.7280077017485
2024-12-09,ATM_009,Rural,3679.901454670032
2024-12-09,ATM_010,Suburban,4112.304662230113
2024-12-09,ATM_011,Rural,5274.9828645750795
2024-12-09,ATM_012,Urban,11668.968722174885
2024-12-09,ATM_013,Rural,6128.69605868055
2024-12-09,ATM_014,Suburban,7258.506699688335
2024-12-09,ATM_015,Suburban,4998.7668863661465
2024-12-09,ATM_016,Rural,4244.6741894375255
2024-12-09,ATM_017,Suburban,7898.081155849169
2024-12-09,ATM_018,Urban,8254.178647420516
2024-12-09,ATM_019,Urban,7527.4118392677265
2024-12-09,ATM_020,Rural,4415.8948972171165
2024-12-10,ATM_001,Urban,9034.032423353161
2024-12-10,ATM_002,Rural,4994.749545745498
2024-12-10,ATM_003,Suburban,7593.675506895102
2024-12-10,ATM_004,Suburban,6899.652777661993
2024-12-10,ATM_005,Rural,6523.589334700397
2024-12-10,ATM_006,Urban,8283.251832335243
2024-12-10,ATM_007,Urban,7630.252782192535
2024-12-10,ATM_008,Rural,6251.928670169949
2024-12-10,ATM_009,Rural,8080.93939831493
2024-12-10,ATM_010,Suburban,7387.063436648208
2024-12-10,ATM_011,Rural,5644.913688341343
2024-12-10,ATM_012,Urban,6798.352771886067
2024-12-10,ATM_013,Rural,3817.4068060098116
2024-12-10,ATM_014,Suburban,7943.750437017635
2024-12-10,ATM_015,Suburban,8464.475357488236
2024-12-10,ATM_016,Rural,6008.710677454681
2024-12-10,ATM_017,Suburban,6659.929330603745
2024-12-10,ATM_018,Urban,8676.155209076194
2024-12-10,ATM_019,Urban,11854.358707261026
2024-12-10,ATM_020,Rural,4041.7765991538163
2024-12-11,ATM_001,Urban,7907.702209383777
2024-12-11,ATM_002,Rural,6428.757487083249
2024-12-11,ATM_003,Suburban,5743.640176445614
2024-12-11,ATM_004,Suburban,8616.900596250087
2024-12-11,ATM_005,Rural,3839.2693690520236
2024-12-11,ATM_006,Urban,10006.709363715396
2024-12-11,ATM_007,Urban,9743.029237895724
2024-12-11,ATM_008,Rural,4147.474739205354
2024-12-11,ATM_009,Rural,6781.463681120889
2024-12-11,ATM_010,Suburban,5589.445039671147
2024-12-11,ATM_011,Rural,5927.229917679514
2024-12-11,ATM_012,Urban,6229.825122462161
2024-12-11,ATM_013,Rural,7274.490834284057
2024-12-11,ATM_014,Suburban,5388.0375313261675
2024-12-11,ATM_015,Suburban,7597.24720568237
2024-12-11,ATM_016,Rural,4282.64345484247
2024-12-11,ATM_017,Suburban,8352.39225767015
2024-12-11,ATM_018,Urban,9762.45504912445
2024-12-11,ATM_019,Urban,9342.521527832223
2024-12-11,ATM_020,Rural,3532.4535630353607
2024-12-12,ATM_001,Urban,9393.447803194797
2024-12-12,ATM_002,Rural,3338.5308242582732
2024-12-12,ATM_003,Suburban,7224.282363960323
2024-12-12,ATM_004,Suburban,9173.321809175053
2024-12-12,ATM_005,Rural,4935.0139999413705
2024-12-12,ATM_006,Urban,7545.204710237261
2024-12-12,ATM_007,Urban,11137.440996215013
2024-12-12,ATM_008,Rural,4971.787204067165
2024-12-12,ATM_009,Rural,8090.070949396262
2024-12-12,ATM_010,Suburban,6225.820234880565
2024-12-12,ATM_011,Rural,4845.7072840593155
2024-12-12,ATM_012,Urban,10729.83651422123
2024-12-12,ATM_013,Rural,5070.748247102189
2024-12-12,ATM_014,Suburban,7489.747645604697
2024-12-12,ATM_015,Suburban,4209.054165083695
2024-12-12,ATM_016,Rural,4807.045860239661
2024-12-12,ATM_017,Suburban,8473.71670171534
2024-12-12,ATM_018,Urban,7311.313515593421
2024-12-12,ATM_019,Urban,8378.893928388628
2024-12-12,ATM_020,Rural,6367.066242627878
2024-12-13,ATM_001,Urban,8462.729577768816
2024-12-13,ATM_002,Rural,5433.906692779775
2024-12-13,ATM_003,Suburban,7687.766679805072
2024-12-13,ATM_004,Suburban,8182.770263434911
2024-12-13,ATM_005,Rural,6349.729153038913
2024-12-13,ATM_006,Urban,6775.704437450037
2024-12-13,ATM_007,Urban,9476.56041242266
2024-12-13,ATM_008,Rural,5133.90449995834
2024-12-13,ATM_009,Rural,4395.402652495632
2024-12-13,ATM_010,Suburban,7791.908420805201
2024-12-13,ATM_011,Rural,5967.514509780692
2024-12-13,ATM_012,Urban,9209.465449587035
2024-12-13,ATM_013,Rural,5511.028876310844
2024-12-13,ATM_014,Suburban,5921.37193478657
2024-12-13,ATM_015,Suburban,4764.354862975357
2024-12-13,ATM_016,Rural,8133.240936454626
2024-12-13,ATM_017,Suburban,9387.078443297716
2024-12-13,ATM_018,Urban,9848.170385259653
2024-12-13,ATM_019,Urban,6963.07255997571
2024-12-13,ATM_020,Rural,5866.3087783382425
2024-12-14,ATM_001,Urban,12472.480968795882
2024-12-14,ATM_002,Rural,6596.580400619369
2024-12-14,ATM_003,Suburban,9782.034988569392
2024-12-14,ATM_004,Suburban,11113.71145726249
2024-12-14,ATM_005,Rural,5250.310039041967
2024-12-14,ATM_006,Urban,13556.901538584567
2024-12-14,ATM_007,Urban,7970.270876965207
2024-12-14,ATM_008,Rural,6291.757116750759
2024-12-14,ATM_009,Rural,4940.311500833059
2024-12-14,ATM_010,Suburban,9994.062008261071
2024-12-14,ATM_011,Rural,7470.558770879858
2024-12-14,ATM_012,Urban,10568.266551887464
2024-12-14,ATM_013,Rural,4207.899099628343
2024-12-14,ATM_014,Suburban,9708.552842879306
2024-12-14,ATM_015,Suburban,8001.573485084318
2024-12-14,ATM_016,Rural,4629.073691788008
2024-12-14,ATM_017,Suburban,6252.016930857697
2024-12-14,ATM_018,Urban,11254.359189909173
2024-12-14,ATM_019,Urban,11538.583101567485
2024-12-14,ATM_020,Rural,4302.5946560444
2024-12-15,ATM_001,Urban,9249.484089730486
2024-12-15,ATM_002,Rural,6003.75356643002
2024-12-15,ATM_003,Suburban,7333.7077835781865
2024-12-15,ATM_004,Suburban,7966.418371246052
2024-12-15,ATM_005,Rural,4928.009143949571
2024-12-15,ATM_006,Urban,12405.942747685725
2024-12-15,ATM_007,Urban,8563.048960633545
2024-12-15,ATM_008,Rural,5952.4730914609045
2024-12-15,ATM_009,Rural,9286.048343283479
2024-12-15,ATM_010,Suburban,8478.647312953513
2024-12-15,ATM_011,Rural,9999.970836523435
2024-12-15,ATM_012,Urban,10848.302208586829
2024-12-15,ATM_013,Rural,4785.183838974887
2024-12-15,ATM_014,Suburban,8077.690547337017
2024-12-15,ATM_015,Suburban,9905.294618761955
2024-12-15,ATM_016,Rural,4615.751554587895
2024-12-15,ATM_017,Suburban,7067.836627548262
2024-12-15,ATM_018,Urban,10802.657353919865
2024-12-15,ATM_019,Urban,11779.685612286392
2024-12-15,ATM_020,Rural,7958.288504203601
2024-12-16,ATM_001,Urban,7704.139078927928
2024-12-16,ATM_002,Rural,6322.292246603016
2024-12-16,ATM_003,Suburban,9514.540855057681
2024-12-16,ATM_004,Suburban,9178.128864116643
2024-12-16,ATM_005,Rural,3692.2575683131604
2024-12-16,ATM_006,Urban,10708.155653390188
2024-12-16,ATM_007,Urban,9611.443915567012
2024-12-16,ATM_008,Rural,4307.801909273987
2024-12-16,ATM_009,Rural,3333.529749252508
2024-12-16,ATM_010,Suburban,9868.698834034905
2024-12-16,ATM_011,Rural,6572.598894795178
2024-12-16,ATM_012,Urban,7708.560864440304
2024-12-16,ATM_013,Rural,4556.729429543179
2024-12-16,ATM_014,Suburban,5559.872254852273
2024-12-16,ATM_015,Suburban,8027.574141715017
2024-12-16,ATM_016,Rural,6507.284160323257
2024-12-16,ATM_017,Suburban,6731.843478084739
2024-12-16,ATM_018,Urban,9148.853070723399
2024-12-16,ATM_019,Urban,11215.411317705308
2024-12-16,ATM_020,Rural,4143.260584660376
2024-12-17,ATM_001,Urban,13020.09100179388
2024-12-17,ATM_002,Rural,5090.712962914115
2024-12-17,ATM_003,Suburban,9786.246157478463
2024-12-17,ATM_004,Suburban,7993.166675724416
2024-12-17,ATM_005,Rural,6228.628367835413
2024-12-17,ATM_006,Urban,7051.264441096669
2024-12-17,ATM_007,Urban,7792.089590775532
2024-12-17,ATM_008,Rural,6531.938850430281
2024-12-17,ATM_009,Rural,5975.539395298209
2024-12-17,ATM_010,Suburban,5484.182745341494
2024-12-17,ATM_011,Rural,7248.24276371121
2024-12-17,ATM_012,Urban,10553.652294046758
2024-12-17,ATM_013,Rural,3319.3436534102802
2024-12-17,ATM_014,Suburban,11047.812364681393
2024-12-17,ATM_015,Suburban,5287.821902806065
2024-12-17,ATM_016,Rural,5725.39227983853
2024-12-17,ATM_017,Suburban,9780.995140876372
2024-12-17,ATM_018,Urban,12082.951412961873
2024-12-17,ATM_019,Urban,6308.553307292989
2024-12-17,ATM_020,Rural,5007.730412095611
2024-12-18,ATM_001,Urban,8117.728197987165
2024-12-18,ATM_002,Rural,8045.341424526727
2024-12-18,ATM_003,Suburban,7612.426610676425
2024-12-18,ATM_004,Suburban,8077.032491603263
2024-12-18,ATM_005,Rural,3862.9582434438394
2024-12-18,ATM_006,Urban,7458.621294660435
2024-12-18,ATM_007,Urban,8400.085902995508
2024-12-18,ATM_008,Rural,7130.550328603672
2024-12-18,ATM_009,Rural,7268.298781765553
2024-12-18,ATM_010,Suburban,7931.867319381853
2024-12-18,ATM_011,Rural,3839.8886130417904
2024-12-18,ATM_012,Urban,9342.993926628485
2024-12-18,ATM_013,Rural,6428.397086927042
2024-12-18,ATM_014,Suburban,8794.991034247028
2024-12-18,ATM_015,Suburban,7083.146867544571
2024-12-18,ATM_016,Rural,5897.353200621774
2024-12-18,ATM_017,Suburban,7367.839673070745
2024-12-18,ATM_018,Urban,10220.77125617226
2024-12-18,ATM_019,Urban,9864.222114512397
2024-12-18,ATM_020,Rural,5822.842685647028
2024-12-19,ATM_001,Urban,10181.359838681838
2024-12-19,ATM_002,Rural,6473.476597145237
2024-12-19,ATM_003,Suburban,4881.802147825301
2024-12-19,ATM_004,Suburban,7782.0715680082085
2024-12-19,ATM_005,Rural,8766.186763064652
2024-12-19,ATM_006,Urban,10577.601892126622
2024-12-19,ATM_007,Urban,11106.942387804855
2024-12-19,ATM_008,Rural,4113.645797769556
2024-12-19,ATM_009,Rural,3578.166476534399
2024-12-19,ATM_010,Suburban,8795.033092603962
2024-12-19,ATM_011,Rural,7452.337654432475
2024-12-19,ATM_012,Urban,9536.987341633212
2024-12-19,ATM_013,Rural,5541.760354338238
2024-12-19,ATM_014,Suburban,4867.9892330691255
2024-12-19,ATM_015,Suburban,7029.08982986299
2024-12-19,ATM_016,Rural,7823.4024262819285
2024-12-19,ATM_017,Suburban,8746.731542220974
2024-12-19,ATM_018,Urban,6773.143405784844
2024-12-19,ATM_019,Urban,8819.465790433578
2024-12-19,ATM_020,Rural,6636.55926823796
2024-12-20,ATM_001,Urban,6107.063159361505
2024-12-20,ATM_002,Rural,4641.4629337232445
2024-12-20,ATM_003,Suburban,7401.323542813719
2024-12-20,ATM_004,Suburban,7559.187000924278
2024-12-20,ATM_005,Rural,6763.573664391561
2024-12-20,ATM_006,Urban,10716.383002416142
2024-12-20,ATM_007,Urban,8781.744231640221
2024-12-20,ATM_008,Rural,4165.495896027924
2024-12-20,ATM_009,Rural,5156.290619128001
2024-12-20,ATM_010,Suburban,6343.499947977435
2024-12-20,ATM_011,Rural,3592.7823920468177
2024-12-20,ATM_012,Urban,8992.873112248883
2024-12-20,ATM_013,Rural,3636.618607406465
2024-12-20,ATM_014,Suburban,7420.091356746282
2024-12-20,ATM_015,Suburban,7288.593659982883
2024-12-20,ATM_016,Rural,3456.0445598047063
2024-12-20,ATM_017,Suburban,8523.340060379342
2024-12-20,ATM_018,Urban,5373.395492053858
2024-12-20,ATM_019,Urban,11258.827993186667
2024-12-20,ATM_020,Rural,3821.266810697016
2024-12-21,ATM_001,Urban,13055.393278469448
2024-12-21,ATM_002,Rural,5349.447590553542
2024-12-21,ATM_003,Suburban,7857.103353766425
2024-12-21,ATM_004,Suburban,8654.54582883789
2024-12-21,ATM_005,Rural,5285.876738080574
2024-12-21,ATM_006,Urban,7670.626215824198
2024-12-21,ATM_007,Urban,10225.90173632068
2024-12-21,ATM_008,Rural,8978.614474074695
2024-12-21,ATM_009,Rural,6671.694682952898
2024-12-21,ATM_010,Suburban,12083.92034685267
2024-12-21,ATM_011,Rural,6120.33647287958
2024-12-21,ATM_012,Urban,13771.472388367156
2024-12-21,ATM_013,Rural,4688.854211484753
2024-12-21,ATM_014,Suburban,11364.813740247399
2024-12-21,ATM_015,Suburban,11224.301813365835
2024-12-21,ATM_016,Rural,6886.978569677057
2024-12-21,ATM_017,Suburban,6015.071524870958
2024-12-21,ATM_018,Urban,7409.269727617482
2024-12-21,ATM_019,Urban,11317.62692423718
2024-12-21,ATM_020,Rural,8207.167808820444
2024-12-22,ATM_001,Urban,10121.798005347078
2024-12-22,ATM_002,Rural,6482.47568672301
2024-12-22,ATM_003,Suburban,10252.482295012303
2024-12-22,ATM_004,Suburban,6719.639930393552
2024-12-22,ATM_005,Rural,4257.097395059566
2024-12-22,ATM_006,Urban,7866.30536061371
2024-12-22,ATM_007,Urban,9902.7938287774
2024-12-22,ATM_008,Rural,8072.962126678642
2024-12-22,ATM_009,Rural,5857.024231867259
2024-12-22,ATM_010,Suburban,6543.857800226402
2024-12-22,ATM_011,Rural,3549.7644002217958
2024-12-22,ATM_012,Urban,10724.588857815223
2024-12-22,ATM_013,Rural,8806.272034820659
2024-12-22,ATM_014,Suburban,11411.196269012988
2024-12-22,ATM_015,Suburban,9679.469391723864
2024-12-22,ATM_016,Rural,6728.019765606993
2024-12-22,ATM_017,Suburban,6740.739884299105
2024-12-22,ATM_018,Urban,7804.63489048287
2024-12-22,ATM_019,Urban,10334.018626726507
2024-12-22,ATM_020,Rural,7962.876083737534
2024-12-23,ATM_001,Urban,12699.326799015309
2024-12-23,ATM_002,Rural,6473.3353490979625
2024-12-23,ATM_003,Suburban,5963.07212095284
2024-12-23,ATM_004,Suburban,8232.630237047713
2024-12-23,ATM_005,Rural,7858.901975392415
2024-12-23,ATM_006,Urban,7574.949678143951
2024-12-23,ATM_007,Urban,8748.892519588251
2024-12-23,ATM_008,Rural,6552.911192292916
2024-12-23,ATM_009,Rural,6633.3822797160965
2024-12-23,ATM_010,Suburban,7365.307747356947
2024-12-23,ATM_011,Rural,5501.187035083046
2024-12-23,ATM_012,Urban,9008.469020906843
2024-12-23,ATM_013,Rural,3464.738080404515
2024-12-23,ATM_014,Suburban,6773.6451695581845
2024-12-23,ATM_015,Suburban,8561.01940282945
2024-12-23,ATM_016,Rural,6448.606159584626
2024-12-23,ATM_017,Suburban,9002.625218430438
2024-12-23,ATM_018,Urban,10365.523857828282
2024-12-23,ATM_019,Urban,9720.130732498761
2024-12-23,ATM_020,Rural,6528.438291100312
2024-12-24,ATM_001,Urban,8424.01269118323
2024-12-24,ATM_002,Rural,7158.315636644535
2024-12-24,ATM_003,Suburban,7713.444079311044
2024-12-24,ATM_004,Suburban,8366.999127927098
2024-12-24,ATM_005,Rural,3510.2580194444104
2024-12-24,ATM_006,Urban,8255.066874761405
2024-12-24,ATM_007,Urban,8239.270525987571
2024-12-24,ATM_008,Rural,7467.603872489939
2024-12-24,ATM_009,Rural,6585.8492720220165
2024-12-24,ATM_010,Suburban,8899.348141541683
2024-12-24,ATM_011,Rural,5969.6193347073695
2024-12-24,ATM_012,Urban,5982.290310787621
2024-12-24,ATM_013,Rural,5506.984215302535
2024-12-24,ATM_014,Suburban,9508.966847219948
2024-12-24,ATM_015,Suburban,6175.585373220277
2024-12-24,ATM_016,Rural,7585.03330793972
2024-12-24,ATM_017,Suburban,9674.633039336957
2024-12-24,ATM_018,Urban,6821.092880791404
2024-12-24,ATM_019,Urban,7187.379816012465
2024-12-24,ATM_020,Rural,3479.570337009134
2024-12-25,ATM_001,Urban,9478.804026341666
2024-12-25,ATM_002,Rural,5624.0518112572245
2024-12-25,ATM_003,Suburban,7288.842111262026
2024-12-25,ATM_004,Suburban,7339.384301632628
2024-12-25,ATM_005,Rural,8300.543554016487
2024-12-25,ATM_006,Urban,7351.845036250774
2024-12-25,ATM_007,Urban,5686.436199385281
2024-12-25,ATM_008,Rural,6907.136319418034
2024-12-25,ATM_009,Rural,5794.680032442161
2024-12-25,ATM_010,Suburban,7461.434150658825
2024-12-25,ATM_011,Rural,4983.767389915027
2024-12-25,ATM_012,Urban,10828.96710793647
2024-12-25,ATM_013,Rural,6500.18310782925
2024-12-25,ATM_014,Suburban,8498.289382613933
2024-12-25,ATM_015,Suburban,8485.253300263834
2024-12-25,ATM_016,Rural,4037.6587749100254
2024-12-25,ATM_017,Suburban,8452.120380096232
2024-12-25,ATM_018,Urban,9617.731433700443
2024-12-25,ATM_019,Urban,11321.171772290718
2024-12-25,ATM_020,Rural,6515.946956380945
2024-12-26,ATM_001,Urban,7582.28861081689
2024-12-26,ATM_002,Rural,5361.124055767186
2024-12-26,ATM_003,Suburban,5982.59144232066
2024-12-26,ATM_004,Suburban,6928.067188461022
2024-12-26,ATM_005,Rural,2602.828529240316
2024-12-26,ATM_006,Urban,8095.850941797195
2024-12-26,ATM_007,Urban,9897.021004677821
2024-12-26,ATM_008,Rural,6773.673041869185
2024-12-26,ATM_009,Rural,2881.7783933368464
2024-12-26,ATM_010,Suburban,9217.866293082283
2024-12-26,ATM_011,Rural,7807.012176952956
2024-12-26,ATM_012,Urban,6668.92535278238
2024-12-26,ATM_013,Rural,3562.5907822806116
2024-12-26,ATM_014,Suburban,8910.306194140923
2024-12-26,ATM_015,Suburban,6802.411124586056
2024-12-26,ATM_016,Rural,4851.665835740797
2024-12-26,ATM_017,Suburban,5400.4055041536185
2024-12-26,ATM_018,Urban,9151.383602994214
2024-12-26,ATM_019,Urban,11614.94851885376
2024-12-26,ATM_020,Rural,7318.316737018802
2024-12-27,ATM_001,Urban,8106.5640683162455
2024-12-27,ATM_002,Rural,7318.888341647793
2024-12-27,ATM_003,Suburban,4131.375833014586
2024-12-27,ATM_004,Suburban,8005.875965308091
2024-12-27,ATM_005,Rural,4021.7692717083023
2024-12-27,ATM_006,Urban,6669.745700017142
2024-12-27,ATM_007,Urban,9344.414092523823
2024-12-27,ATM_008,Rural,2421.20753214068
2024-12-27,ATM_009,Rural,7474.217803562738
2024-12-27,ATM_010,Suburban,7795.057691512454
2024-12-27,ATM_011,Rural,4771.692148744711
2024-12-27,ATM_012,Urban,8481.676650651563
2024-12-27,ATM_013,Rural,5812.614606362795
2024-12-27,ATM_014,Suburban,7783.026609344261
2024-12-27,ATM_015,Suburban,6416.412308596955
2024-12-27,ATM_016,Rural,4921.943628410318
2024-12-27,ATM_017,Suburban,10559.835801912048
2024-12-27,ATM_018,Urban,8886.248161946356
2024-12-27,ATM_019,Urban,8604.430735750107
2024-12-27,ATM_020,Rural,7619.381664678556
2024-12-28,ATM_001,Urban,10001.87216150625
2024-12-28,ATM_002,Rural,4353.502408888449
2024-12-28,ATM_003,Suburban,11262.52446575713
2024-12-28,ATM_004,Suburban,8123.669170855297
2024-12-28,ATM_005,Rural,5528.208894418078
2024-12-28,ATM_006,Urban,13027.616721794042
2024-12-28,ATM_007,Urban,9224.215806731212
2024-12-28,ATM_008,Rural,4460.635006056561
2024-12-28,ATM_009,Rural,9200.966109015393
2024-12-28,ATM_010,Suburban,9370.699754684245
2024-12-28,ATM_011,Rural,5414.8040090523555
2024-12-28,ATM_012,Urban,12472.680734547272
2024-12-28,ATM_013,Rural,5512.0679321604675
2024-12-28,ATM_014,Suburban,9912.745304689994
2024-12-28,ATM_015,Suburban,8639.509400776844
2024-12-28,ATM_016,Rural,5584.448844402159
2024-12-28,ATM_017,Suburban,9878.603282665354
2024-12-28,ATM_018,Urban,9243.780213529484
2024-12-28,ATM_019,Urban,10640.843592242052
2024-12-28,ATM_020,Rural,7848.6455823291535
2024-12-29,ATM_001,Urban,11355.054410430565
2024-12-29,ATM_002,Rural,5112.0152893179775
2024-12-29,ATM_003,Suburban,8141.448337823147
2024-12-29,ATM_004,Suburban,8712.268943214427
2024-12-29,ATM_005,Rural,8615.012444601114
2024-12-29,ATM_006,Urban,6778.6533610043025
2024-12-29,ATM_007,Urban,9680.892603162587
2024-12-29,ATM_008,Rural,8732.311112790112
2024-12-29,ATM_009,Rural,7968.055041529451
2024-12-29,ATM_010,Suburban,5371.054496435509
2024-12-29,ATM_011,Rural,4037.194521058491
2024-12-29,ATM_012,Urban,13295.820575761034
2024-12-29,ATM_013,Rural,8157.848959461675
2024-12-29,ATM_014,Suburban,7606.112407140808
2024-12-29,ATM_015,Suburban,7566.661255846956
2024-12-29,ATM_016,Rural,4423.911972681117
2024-12-29,ATM_017,Suburban,12475.8116184608
2024-12-29,ATM_018,Urban,13205.34026812331
2024-12-29,ATM_019,Urban,8264.040598406536
2024-12-29,ATM_020,Rural,9365.713317288044
2024-12-30,ATM_001,Urban,6631.852472662639
2024-12-30,ATM_002,Rural,7914.11495518233
2024-12-30,ATM_003,Suburban,8861.262044064832
2024-12-30,ATM_004,Suburban,5702.385047169866
2024-12-30,ATM_005,Rural,8089.712041164522
2024-12-30,ATM_006,Urban,6598.246903150484
2024-12-30,ATM_007,Urban,11398.565332340755
2024-12-30,ATM_008,Rural,7311.751017462983
2024-12-30,ATM_009,Rural,3624.7880455796085
2024-12-30,ATM_010,Suburban,8969.589503799118
2024-12-30,ATM_011,Rural,7151.127587761973
2024-12-30,ATM_012,Urban,10185.747829644897
2024-12-30,ATM_013,Rural,7841.904854739034
2024-12-30,ATM_014,Suburban,6103.598484412071
2024-12-30,ATM_015,Suburban,7884.69247092405
2024-12-30,ATM_016,Rural,3552.070591273187
2024-12-30,ATM_017,Suburban,6440.3313236253525
2024-12-30,ATM_018,Urban,8987.981827819196
2024-12-30,ATM_019,Urban,7952.4823073389925
2024-12-30,ATM_020,Rural,8148.987263259986
2024-12-31,ATM_001,Urban,13497.530492847769
2024-12-31,ATM_002,Rural,9220.898858923412
2024-12-31,ATM_003,Suburban,6282.960336850727
2024-12-31,ATM_004,Suburban,12336.898423936598
2024-12-31,ATM_005,Rural,8944.96467450919
2024-12-31,ATM_006,Urban,10575.830947383842
2024-12-31,ATM_007,Urban,12792.382764675407
2024-12-31,ATM_008,Rural,6792.337148560028
2024-12-31,ATM_009,Rural,5543.245377890763
2024-12-31,ATM_010,Suburban,10358.784437566619
2024-12-31,ATM_011,Rural,11203.388691841603
2024-12-31,ATM_012,Urban,11799.931143298109
2024-12-31,ATM_013,Rural,5622.892347399399
2024-12-31,ATM_014,Suburban,6994.211000891598
2024-12-31,ATM_015,Suburban,6898.658523097171
2024-12-31,ATM_016,Rural,4156.642373515916
2024-12-31,ATM_017,Suburban,9906.102753973904
2024-12-31,ATM_018,Urban,12871.381128608922
2024-12-31,ATM_019,Urban,11824.369866534542
2024-12-31,ATM_020,Rural,6343.900060825811
2025-01-01,ATM_001,Urban,7011.384627436663
2025-01-01,ATM_002,Rural,5706.97405140347
2025-01-01,ATM_003,Suburban,8240.10742252339
2025-01-01,ATM_004,Suburban,4100.610408456032
2025-01-01,ATM_005,Rural,6280.298037172383
2025-01-01,ATM_006,Urban,5244.5061746013
2025-01-01,ATM_007,Urban,9704.321732240353
2025-01-01,ATM_008,Rural,3766.606523544796
2025-01-01,ATM_009,Rural,4506.874657045866
2025-01-01,ATM_010,Suburban,8893.762032374623
2025-01-01,ATM_011,Rural,8363.178977824218
2025-01-01,ATM_012,Urban,10156.602515116536
2025-01-01,ATM_013,Rural,3123.9269073708556
2025-01-01,ATM_014,Suburban,6187.002297219234
2025-01-01,ATM_015,Suburban,11519.468570109046
2025-01-01,ATM_016,Rural,7160.569442744808
2025-01-01,ATM_017,Suburban,9351.204458549477
2025-01-01,ATM_018,Urban,6129.353063527884
2025-01-01,ATM_019,Urban,11436.743266239248
2025-01-01,ATM_020,Rural,7015.14204616237
2025-01-02,ATM_001,Urban,9163.741188776743
2025-01-02,ATM_002,Rural,4137.710059214361
2025-01-02,ATM_003,Suburban,7391.038950129609
2025-01-02,ATM_004,Suburban,10204.88206676969
2025-01-02,ATM_005,Rural,4001.315255841867
2025-01-02,ATM_006,Urban,10599.996744760963
2025-01-02,ATM_007,Urban,6742.8305333410035
2025-01-02,ATM_008,Rural,6706.486545188823
2025-01-02,ATM_009,Rural,4166.661131201616
2025-01-02,ATM_010,Suburban,8770.475425849869
2025-01-02,ATM_011,Rural,4047.553534313717
2025-01-02,ATM_012,Urban,6844.578789341801
2025-01-02,ATM_013,Rural,5174.202702965443
2025-01-02,ATM_014,Suburban,7989.5414592684865
2025-01-02,ATM_015,Suburban,5278.815860922421
2025-01-02,ATM_016,Rural,4879.687021559542
2025-01-02,ATM_017,Suburban,10312.890937466524
2025-01-02,ATM_018,Urban,11031.061544112845
2025-01-02,ATM_019,Urban,8979.07685508721
2025-01-02,ATM_020,Rural,4906.545105043369
2025-01-03,ATM_001,Urban,8143.015477605133
2025-01-03,ATM_002,Rural,6187.012356132411
2025-01-03,ATM_003,Suburban,6264.4244539393385
2025-01-03,ATM_004,Suburban,8445.383901330371
2025-01-03,ATM_005,Rural,6759.045819893135
2025-01-03,ATM_006,Urban,10038.337209990459
2025-01-03,ATM_007,Urban,10863.413046959582
2025-01-03,ATM_008,Rural,3646.3453408547844
2025-01-03,ATM_009,Rural,5057.033861408884
2025-01-03,ATM_010,Suburban,6835.085687723922
2025-01-03,ATM_011,Rural,3430.6250696804973
2025-01-03,ATM_012,Urban,6201.505975157568
2025-01-03,ATM_013,Rural,4136.047710158331
2025-01-03,ATM_014,Suburban,8399.583731756828
2025-01-03,ATM_015,Suburban,6546.523405590007
2025-01-03,ATM_016,Rural,3322.104671966326
2025-01-03,ATM_017,Suburban,10455.852118216362
2025-01-03,ATM_018,Urban,7501.712595896989
2025-01-03,ATM_019,Urban,8620.20147391348
2025-01-03,ATM_020,Rural,5606.801418322487
2025-01-04,ATM_001,Urban,11460.345325369464
2025-01-04,ATM_002,Rural,4325.815190547233
2025-01-04,ATM_003,Suburban,7279.895998647887
2025-01-04,ATM_004,Suburban,6641.840588299862
2025-01-04,ATM_005,Rural,5636.965883068881
2025-01-04,ATM_006,Urban,14103.345425687621
2025-01-04,ATM_007,Urban,11563.472916781888
2025-01-04,ATM_008,Rural,8414.294164593362
2025-01-04,ATM_009,Rural,7230.913985224697
2025-01-04,ATM_010,Suburban,8925.68778643448
2025-01-04,ATM_011,Rural,7391.89141573908
2025-01-04,ATM_012,Urban,8093.698218112672
2025-01-04,ATM_013,Rural,6023.506479667655
2025-01-04,ATM_014,Suburban,7484.864168309362
2025-01-04,ATM_015,Suburban,8637.269801870516
2025-01-04,ATM_016,Rural,5224.670627634885
2025-01-04,ATM_017,Suburban,10981.321655672722
2025-01-04,ATM_018,Urban,10795.738478370013
2025-01-04,ATM_019,Urban,13479.179235400507
2025-01-04,ATM_020,Rural,3955.691926253875
2025-01-05,ATM_001,Urban,11565.70660822046
2025-01-05,ATM_002,Rural,4534.726604498356
2025-01-05,ATM_003,Suburban,8773.752240013402
2025-01-05,ATM_004,Suburban,9660.89208964622
2025-01-05,ATM_005,Rural,7360.379278805893
2025-01-05,ATM_006,Urban,12548.010171845586
2025-01-05,ATM_007,Urban,9508.331201747465
2025-01-05,ATM_008,Rural,6637.957141241709
2025-01-05,ATM_009,Rural,4347.741393339952
2025-01-05,ATM_010,Suburban,8296.383099111146
2025-01-05,ATM_011,Rural,3880.682202800621
2025-01-05,ATM_012,Urban,12797.085416263242
2025-01-05,ATM_013,Rural,8373.639594748858
2025-01-05,ATM_014,Suburban,8329.605691942126
2025-01-05,ATM_015,Suburban,10813.030887838535
2025-01-05,ATM_016,Rural,6593.50947750778
2025-01-05,ATM_017,Suburban,12740.796579913806
2025-01-05,ATM_018,Urban,8819.91214468687
2025-01-05,ATM_019,Urban,13964.712981165841
2025-01-05,ATM_020,Rural,6256.6201820492
2025-01-06,ATM_001,Urban,8976.256840668435
2025-01-06,ATM_002,Rural,4079.826919175462
2025-01-06,ATM_003,Suburban,8254.577896971336
2025-01-06,ATM_004,Suburban,7493.3616767003
2025-01-06,ATM_005,Rural,5102.051168839862
2025-01-06,ATM_006,Urban,9681.883530107738
2025-01-06,ATM_007,Urban,6097.121766963804
2025-01-06,ATM_008,Rural,8103.112575807831
2025-01-06,ATM_009,Rural,5603.66849780065
2025-01-06,ATM_010,Suburban,4941.895945164913
2025-01-06,ATM_011,Rural,7507.0222856007185
2025-01-06,ATM_012,Urban,8924.66096070952
2025-01-06,ATM_013,Rural,6999.887923426211
2025-01-06,ATM_014,Suburban,7585.415982759772
2025-01-06,ATM_015,Suburban,4712.832222340467
2025-01-06,ATM_016,Rural,3029.9578076268817
2025-01-06,ATM_017,Suburban,4437.511721572215
2025-01-06,ATM_018,Urban,9774.753625881416
2025-01-06,ATM_019,Urban,11646.075859641049
2025-01-06,ATM_020,Rural,5581.094910734837
2025-01-07,ATM_001,Urban,11030.70369505753
2025-01-07,ATM_002,Rural,5060.542202365626
2025-01-07,ATM_003,Suburban,5883.924802706095
2025-01-07,ATM_004,Suburban,7751.582845152854
2025-01-07,ATM_005,Rural,4609.577042502156
2025-01-07,ATM_006,Urban,9526.553605554966
2025-01-07,ATM_007,Urban,7603.963801702954
2025-01-07,ATM_008,Rural,1946.5410650044253
2025-01-07,ATM_009,Rural,7807.093015349592
2025-01-07,ATM_010,Suburban,9402.601198322549
2025-01-07,ATM_011,Rural,3394.8537775569202
2025-01-07,ATM_012,Urban,9091.383594035855
2025-01-07,ATM_013,Rural,4990.763368633113
2025-01-07,ATM_014,Suburban,7030.468443429752
2025-01-07,ATM_015,Suburban,9343.192861219539
2025-01-07,ATM_016,Rural,6672.317825736225
2025-01-07,ATM_017,Suburban,6372.355920229696
2025-01-07,ATM_018,Urban,7759.827535358324
2025-01-07,ATM_019,Urban,9598.35374706844
2025-01-07,ATM_020,Rural,4199.401756905779
2025-01-08,ATM_001,Urban,8556.350272144658
2025-01-08,ATM_002,Rural,6789.435949428471
2025-01-08,ATM_003,Suburban,7890.34744621042
2025-01-08,ATM_004,Suburban,8707.991979104889
2025-01-08,ATM_005,Rural,3265.494969888424
2025-01-08,ATM_006,Urban,7048.697457268901
2025-01-08,ATM_007,Urban,7574.31524406437
2025-01-08,ATM_008,Rural,2870.0993872008094
2025-01-08,ATM_009,Rural,8776.8091395356
2025-01-08,ATM_010,Suburban,7339.720548521367
2025-01-08,ATM_011,Rural,3209.2293761079354
2025-01-08,ATM_012,Urban,5880.954671693516
2025-01-08,ATM_013,Rural,5497.5690647562715
2025-01-08,ATM_014,Suburban,7861.146572080857
2025-01-08,ATM_015,Suburban,6306.494598124771
2025-01-08,ATM_016,Rural,2891.0797393005287
2025-01-08,ATM_017,Suburban,5246.736446142722
2025-01-08,ATM_018,Urban,6356.643720752817
2025-01-08,ATM_019,Urban,12129.34285154459
2025-01-08,ATM_020,Rural,7076.196722134291
2025-01-09,ATM_001,Urban,8559.703708511395
2025-01-09,ATM_002,Rural,5607.584614851945
2025-01-09,ATM_003,Suburban,8499.962508078806
2025-01-09,ATM_004,Suburban,8033.382859504589
2025-01-09,ATM_005,Rural,4128.090635984471
2025-01-09,ATM_006,Urban,7605.36143588671
2025-01-09,ATM_007,Urban,6899.704211301228
2025-01-09,ATM_008,Rural,7547.59637737247
2025-01-09,ATM_009,Rural,4424.628139741671
2025-01-09,ATM_010,Suburban,7742.87170263107
2025-01-09,ATM_011,Rural,7531.913646495161
2025-01-09,ATM_012,Urban,6522.400558018694
2025-01-09,ATM_013,Rural,3408.44432929655
2025-01-09,ATM_014,Suburban,6569.982620369497
2025-01-09,ATM_015,Suburban,6275.907256096996
2025-01-09,ATM_016,Rural,3907.5645334667365
2025-01-09,ATM_017,Suburban,8154.143280115127
2025-01-09,ATM_018,Urban,9095.896505009085
2025-01-09,ATM_019,Urban,9085.1454254703
2025-01-09,ATM_020,Rural,7610.6206469097015
2025-01-10,ATM_001,Urban,10196.885697682786
2025-01-10,ATM_002,Rural,4365.697233557998
2025-01-10,ATM_003,Suburban,10000.077213250794
2025-01-10,ATM_004,Suburban,6430.81082482984
2025-01-10,ATM_005,Rural,6399.61762791938
2025-01-10,ATM_006,Urban,6037.839076454698
2025-01-10,ATM_007,Urban,8494.747625352047
2025-01-10,ATM_008,Rural,4737.85697119278
2025-01-10,ATM_009,Rural,6246.098345155098
2025-01-10,ATM_010,Suburban,10462.67570022104
2025-01-10,ATM_011,Rural,6864.080245430692
2025-01-10,ATM_012,Urban,10028.54922046011
2025-01-10,ATM_013,Rural,7247.968081222029
2025-01-10,ATM_014,Suburban,7436.068833568628
2025-01-10,ATM_015,Suburban,5573.611025465423
2025-01-10,ATM_016,Rural,6063.057601883421
2025-01-10,ATM_017,Suburban,6845.370976162198
2025-01-10,ATM_018,Urban,9576.75950894002
2025-01-10,ATM_019,Urban,8979.88690482341
2025-01-10,ATM_020,Rural,5831.455238056836
2025-01-11,ATM_001,Urban,7065.225286579324
2025-01-11,ATM_002,Rural,7632.453167444037
2025-01-11,ATM_003,Suburban,10235.378878423593
2025-01-11,ATM_004,Suburban,7395.680751609228
2025-01-11,ATM_005,Rural,5851.18111247418
2025-01-11,ATM_006,Urban,13321.999551789873
2025-01-11,ATM_007,Urban,11332.237378967919
2025-01-11,ATM_008,Rural,8415.203334078997
2025-01-11,ATM_009,Rural,6308.129045583596
2025-01-11,ATM_010,Suburban,10132.785979520371
2025-01-11,ATM_011,Rural,5844.175113594399
2025-01-11,ATM_012,Urban,12778.814305455817
2025-01-11,ATM_013,Rural,5043.824995462237
2025-01-11,ATM_014,Suburban,7232.825643819063
2025-01-11,ATM_015,Suburban,9639.70156921459
2025-01-11,ATM_016,Rural,8159.157562776725
2025-01-11,ATM_017,Suburban,7730.594862269841
2025-01-11,ATM_018,Urban,11819.998083351238
2025-01-11,ATM_019,Urban,8388.951382799602
2025-01-11,ATM_020,Rural,4573.74740597607
2025-01-12,ATM_001,Urban,11881.580931784778
2025-01-12,ATM_002,Rural,5989.826895485398
2025-01-12,ATM_003,Suburban,6943.7442412483415
2025-01-12,ATM_004,Suburban,11148.510960293912
2025-01-12,ATM_005,Rural,6200.023263029225
2025-01-12,ATM_006,Urban,7325.624312698754
2025-01-12,ATM_007,Urban,9671.135359619422
2025-01-12,ATM_008,Rural,7591.768534714467
2025-01-12,ATM_009,Rural,5415.011927799549
2025-01-12,ATM_010,Suburban,9717.808290168858
2025-01-12,ATM_011,Rural,4941.449484699503
2025-01-12,ATM_012,Urban,9981.505564781484
2025-01-12,ATM_013,Rural,9196.477958349178
2025-01-12,ATM_014,Suburban,12367.91791797778
2025-01-12,ATM_015,Suburban,6622.440884589129
2025-01-12,ATM_016,Rural,3985.934185934855
2025-01-12,ATM_017,Suburban,10259.775035603512
2025-01-12,ATM_018,Urban,6551.70142503986
2025-01-12,ATM_019,Urban,12476.591543101802
2025-01-12,ATM_020,Rural,8442.126804399522
2025-01-13,ATM_001,Urban,10420.837321338286
2025-01-13,ATM_002,Rural,7457.966947809352
2025-01-13,ATM_003,Suburban,8355.249697973542
2025-01-13,ATM_004,Suburban,5637.517306197738
2025-01-13,ATM_005,Rural,3410.0490241917264
2025-01-13,ATM_006,Urban,10821.545956968439
2025-01-13,ATM_007,Urban,8789.382464799135
2025-01-13,ATM_008,Rural,7132.482169450678
2025-01-13,ATM_009,Rural,4394.211360835655
2025-01-13,ATM_010,Suburban,7711.588950180859
2025-01-13,ATM_011,Rural,7787.226588074804
2025-01-13,ATM_012,Urban,10579.9280528231
2025-01-13,ATM_013,Rural,5178.2909261705745
2025-01-13,ATM_014,Suburban,7078.288750978028
2025-01-13,ATM_015,Suburban,6015.922663455507
2025-01-13,ATM_016,Rural,7602.9309481659175
2025-01-13,ATM_017,Suburban,7861.638675922775
2025-01-13,ATM_018,Urban,11851.497607422321
2025-01-13,ATM_019,Urban,9552.478767187797
2025-01-13,ATM_020,Rural,5713.490444334399
2025-01-14,ATM_001,Urban,11283.548254215644
2025-01-14,ATM_002,Rural,5197.653281918254
2025-01-14,ATM_003,Suburban,6292.578767782988
2025-01-14,ATM_004,Suburban,7561.06630041355
2025-01-14,ATM_005,Rural,3987.57913915948
2025-01-14,ATM_006,Urban,6590.423203866275
2025-01-14,ATM_007,Urban,8963.422631027002
2025-01-14,ATM_008,Rural,6430.849643551851
2025-01-14,ATM_009,Rural,4736.161273078079
2025-01-14,ATM_010,Suburban,9943.09111017521
2025-01-14,ATM_011,Rural,5204.280122123129
2025-01-14,ATM_012,Urban,8073.885114705815
2025-01-14,ATM_013,Rural,7574.665954813885
2025-01-14,ATM_014,Suburban,7845.979795169479
2025-01-14,ATM_015,Suburban,7939.179925415328
2025-01-14,ATM_016,Rural,5681.53780206946
2025-01-14,ATM_017,Suburban,9312.975929604967
2025-01-14,ATM_018,Urban,9789.281099991927
2025-01-14,ATM_019,Urban,9141.616686150594
2025-01-14,ATM_020,Rural,4427.229907883258
2025-01-15,ATM_001,Urban,12210.414524433289
2025-01-15,ATM_002,Rural,7333.678162249845
2025-01-15,ATM_003,Suburban,9269.472025477142
2025-01-15,ATM_004,Suburban,7135.983614781565
2025-01-15,ATM_005,Rural,3473.1828415352884
2025-01-15,ATM_006,Urban,5027.64025909448
2025-01-15,ATM_007,Urban,9588.321609309465
2025-01-15,ATM_008,Rural,6631.662141574568
2025-01-15,ATM_009,Rural,7588.545756657534
2025-01-15,ATM_010,Suburban,4382.3565154423295
2025-01-15,ATM_011,Rural,7354.154594647971
2025-01-15,ATM_012,Urban,6073.416219353021
2025-01-15,ATM_013,Rural,7714.156005312192
2025-01-15,ATM_014,Suburban,7557.086686301224
2025-01-15,ATM_015,Suburban,9112.849816520658
2025-01-15,ATM_016,Rural,3808.481266099041
2025-01-15,ATM_017,Suburban,6809.120633420393
2025-01-15,ATM_018,Urban,7188.530827761798
2025-01-15,ATM_019,Urban,8012.566464370518
2025-01-15,ATM_020,Rural,7653.737394530145
2025-01-16,ATM_001,Urban,9779.19658892625
2025-01-16,ATM_002,Rural,3849.7728746675357
2025-01-16,ATM_003,Suburban,9475.384163390001
2025-01-16,ATM_004,Suburban,8032.549488152468
2025-01-16,ATM_005,Rural,5564.00630715297
2025-01-16,ATM_006,Urban,8991.967239460082
2025-01-16,ATM_007,Urban,9594.435691734176
2025-01-16,ATM_008,Rural,3480.444312994879
2025-01-16,ATM_009,Rural,2898.6341280857346
2025-01-16,ATM_010,Suburban,4853.534996186652
2025-01-16,ATM_011,Rural,4917.695233933272
2025-01-16,ATM_012,Urban,6608.6921255958005
2025-01-16,ATM_013,Rural,4587.0273607647805
2025-01-16,ATM_014,Suburban,6251.141746173617
2025-01-16,ATM_015,Suburban,8397.95257776859
2025-01-16,ATM_016,Rural,5969.069788957507
2025-01-16,ATM_017,Suburban,9117.660608635397
2025-01-16,ATM_018,Urban,10836.978002719892
2025-01-16,ATM_019,Urban,8091.720625775671
2025-01-16,ATM_020,Rural,5631.531300945571
2025-01-17,ATM_001,Urban,7849.831782494026
2025-01-17,ATM_002,Rural,5521.504720574119
2025-01-17,ATM_003,Suburban,9589.372669150145
2025-01-17,ATM_004,Suburban,6076.909675159835
2025-01-17,ATM_005,Rural,3782.128451554506
2025-01-17,ATM_006,Urban,9361.88420715969
2025-01-17,ATM_007,Urban,9961.819592686548
2025-01-17,ATM_008,Rural,6082.738340584581
2025-01-17,ATM_009,Rural,5161.154860183958
2025-01-17,ATM_010,Suburban,5521.456321834167
2025-01-17,ATM_011,Rural,8646.948148570109
2025-01-17,ATM_012,Urban,7535.7418693502395
2025-01-17,ATM_013,Rural,4367.303698586265
2025-01-17,ATM_014,Suburban,6561.078244926937
2025-01-17,ATM_015,Suburban,7449.890364356617
2025-01-17,ATM_016,Rural,6029.16244810307
2025-01-17,ATM_017,Suburban,7494.465789465135
2025-01-17,ATM_018,Urban,10224.81670954155
2025-01-17,ATM_019,Urban,11534.489768986043
2025-01-17,ATM_020,Rural,5640.502992660069
2025-01-18,ATM_001,Urban,7158.614434256804
2025-01-18,ATM_002,Rural,7274.917202325305
2025-01-18,ATM_003,Suburban,6525.632425566443
2025-01-18,ATM_004,Suburban,12704.437704137685
2025-01-18,ATM_005,Rural,7748.088287948441
2025-01-18,ATM_006,Urban,9643.156497948883
2025-01-18,ATM_007,Urban,9850.891605558978
2025-01-18,ATM_008,Rural,6195.104164536666
2025-01-18,ATM_009,Rural,6850.707926152144
2025-01-18,ATM_010,Suburban,5572.218347733766
2025-01-18,ATM_011,Rural,4386.403902107093
2025-01-18,ATM_012,Urban,10411.9883610256
2025-01-18,ATM_013,Rural,7669.5035366079555
2025-01-18,ATM_014,Suburban,7881.4337672096035
2025-01-18,ATM_015,Suburban,5277.538432674785
2025-01-18,ATM_016,Rural,7109.384089909129
2025-01-18,ATM_017,Suburban,8161.032420446402
2025-01-18,ATM_018,Urban,13190.183082017009
2025-01-18,ATM_019,Urban,10718.754831422217
2025-01-18,ATM_020,Rural,7312.450226768739
2025-01-19,ATM_001,Urban,11787.212800794918
2025-01-19,ATM_002,Rural,7306.8896164544485
2025-01-19,ATM_003,Suburban,8480.23023590733
2025-01-19,ATM_004,Suburban,10093.031709598985
2025-01-19,ATM_005,Rural,8977.564263055225
2025-01-19,ATM_006,Urban,12814.058690326976
2025-01-19,ATM_007,Urban,11742.544754793264
2025-01-19,ATM_008,Rural,4434.222250881015
2025-01-19,ATM_009,Rural,7387.013654098548
2025-01-19,ATM_010,Suburban,8868.057519362404
2025-01-19,ATM_011,Rural,4115.366686713109
2025-01-19,ATM_012,Urban,11886.992873838282
2025-01-19,ATM_013,Rural,7428.947754037695
2025-01-19,ATM_014,Suburban,8774.008374623167
2025-01-19,ATM_015,Suburban,9602.767625191313
2025-01-19,ATM_016,Rural,5066.0801902838
2025-01-19,ATM_017,Suburban,7030.872385695247
2025-01-19,ATM_018,Urban,11579.31742436181
2025-01-19,ATM_019,Urban,7290.983967460666
2025-01-19,ATM_020,Rural,8256.461741409954
2025-01-20,ATM_001,Urban,12500.71721225425
2025-01-20,ATM_002,Rural,7011.057601497337
2025-01-20,ATM_003,Suburban,6189.901575937203
2025-01-20,ATM_004,Suburban,6896.405904958782
2025-01-20,ATM_005,Rural,4242.989689042026
2025-01-20,ATM_006,Urban,11246.775007279817
2025-01-20,ATM_007,Urban,8670.7870617385
2025-01-20,ATM_008,Rural,4831.799037217877
2025-01-20,ATM_009,Rural,2553.7949286457756
2025-01-20,ATM_010,Suburban,9354.838683423694
2025-01-20,ATM_011,Rural,5716.290244310832
2025-01-20,ATM_012,Urban,10260.726061588797
2025-01-20,ATM_013,Rural,5412.536968276827
2025-01-20,ATM_014,Suburban,6924.900233877093
2025-01-20,ATM_015,Suburban,7620.694162778353
2025-01-20,ATM_016,Rural,7645.251988900002
2025-01-20,ATM_017,Suburban,10090.103325208811
2025-01-20,ATM_018,Urban,6816.820395497914
2025-01-20,ATM_019,Urban,8126.982374726258
2025-01-20,ATM_020,Rural,6758.257607037668
2025-01-21,ATM_001,Urban,10880.051595950123
2025-01-21,ATM_002,Rural,6329.992862355556
2025-01-21,ATM_003,Suburban,7916.436363416345
2025-01-21,ATM_004,Suburban,7093.0663377181745
2025-01-21,ATM_005,Rural,6893.901849508875
2025-01-21,ATM_006,Urban,9074.52436215362
2025-01-21,ATM_007,Urban,11715.52810170274
2025-01-21,ATM_008,Rural,5714.90907387247
2025-01-21,ATM_009,Rural,5553.194423705756
2025-01-21,ATM_010,Suburban,3454.2517521433065
2025-01-21,ATM_011,Rural,6721.521080558013
2025-01-21,ATM_012,Urban,8012.610975852728
2025-01-21,ATM_013,Rural,6820.279480528476
2025-01-21,ATM_014,Suburban,5969.779129011562
2025-01-21,ATM_015,Suburban,9192.044902431784
2025-01-21,ATM_016,Rural,5756.190940174321
2025-01-21,ATM_017,Suburban,6380.692307910402
2025-01-21,ATM_018,Urban,11331.904100253536
2025-01-21,ATM_019,Urban,7153.134343385783
2025-01-21,ATM_020,Rural,5544.100581322642
2025-01-22,ATM_001,Urban,9561.209252651
2025-01-22,ATM_002,Rural,7545.522112124011
2025-01-22,ATM_003,Suburban,8268.107630280467
2025-01-22,ATM_004,Suburban,8510.460744991784
2025-01-22,ATM_005,Rural,8231.050171160703
2025-01-22,ATM_006,Urban,10228.44182050286
2025-01-22,ATM_007,Urban,7756.164581558857
2025-01-22,ATM_008,Rural,8290.929690102357
2025-01-22,ATM_009,Rural,6634.772384828257
2025-01-22,ATM_010,Suburban,6835.626846973246
2025-01-22,ATM_011,Rural,5542.060659669438
2025-01-22,ATM_012,Urban,8356.035172731314
2025-01-22,ATM_013,Rural,6158.292941727278
2025-01-22,ATM_014,Suburban,10448.70382638759
2025-01-22,ATM_015,Suburban,10226.018105184938
2025-01-22,ATM_016,Rural,3801.2366209429847
2025-01-22,ATM_017,Suburban,9941.901008645526
2025-01-22,ATM_018,Urban,8201.837091652984
2025-01-22,ATM_019,Urban,7574.1908640681
2025-01-22,ATM_020,Rural,6543.537782815003
2025-01-23,ATM_001,Urban,8881.608354602917
2025-01-23,ATM_002,Rural,6568.140662878266
2025-01-23,ATM_003,Suburban,8925.020198327013
2025-01-23,ATM_004,Suburban,5641.406522216857
2025-01-23,ATM_005,Rural,6983.384979007151
2025-01-23,ATM_006,Urban,10255.53383196173
2025-01-23,ATM_007,Urban,5934.0085474761045
2025-01-23,ATM_008,Rural,6130.098901946455
2025-01-23,ATM_009,Rural,3687.5573548983857
2025-01-23,ATM_010,Suburban,8711.891020078381
2025-01-23,ATM_011,Rural,3653.7954794409175
2025-01-23,ATM_012,Urban,10271.77534599338
2025-01-23,ATM_013,Rural,7495.182843500562
2025-01-23,ATM_014,Suburban,8121.4412357928395
2025-01-23,ATM_015,Suburban,6593.117788764053
2025-01-23,ATM_016,Rural,5763.625411537345
2025-01-23,ATM_017,Suburban,11096.50569300268
2025-01-23,ATM_018,Urban,10707.773368108785
2025-01-23,ATM_019,Urban,7474.1465798226145
2025-01-23,ATM_020,Rural,6660.477772061987
2025-01-24,ATM_001,Urban,11049.137707534152
2025-01-24,ATM_002,Rural,2669.663437350614
2025-01-24,ATM_003,Suburban,5614.590703483904
2025-01-24,ATM_004,Suburban,8817.08676727647
2025-01-24,ATM_005,Rural,2839.0162165220354
2025-01-24,ATM_006,Urban,8432.555296331617
2025-01-24,ATM_007,Urban,8947.655940902814
2025-01-24,ATM_008,Rural,4493.594761415527
2025-01-24,ATM_009,Rural,5049.572813059634
2025-01-24,ATM_010,Suburban,7456.781377682136
2025-01-24,ATM_011,Rural,3448.0020114680656
2025-01-24,ATM_012,Urban,6546.886101109587
2025-01-24,ATM_013,Rural,4777.709438263338
2025-01-24,ATM_014,Suburban,6861.791605459705
2025-01-24,ATM_015,Suburban,6134.151290939776
2025-01-24,ATM_016,Rural,2927.481023078899
2025-01-24,ATM_017,Suburban,6392.939216073298
2025-01-24,ATM_018,Urban,7092.255272655038
2025-01-24,ATM_019,Urban,10633.54070501022
2025-01-24,ATM_020,Rural,6734.794422516785
2025-01-25,ATM_001,Urban,7600.302032865636
2025-01-25,ATM_002,Rural,8407.114134852383
2025-01-25,ATM_003,Suburban,9059.72394476305
2025-01-25,ATM_004,Suburban,8302.278444248164
2025-01-25,ATM_005,Rural,4314.745483772694
2025-01-25,ATM_006,Urban,9619.900455804263
2025-01-25,ATM_007,Urban,14077.131365578774
2025-01-25,ATM_008,Rural,6496.9829654948935
2025-01-25,ATM_009,Rural,5630.830920826684
2025-01-25,ATM_010,Suburban,9505.737517846379
2025-01-25,ATM_011,Rural,10181.684629331243
2025-01-25,ATM_012,Urban,14027.008770152583
2025-01-25,ATM_013,Rural,4018.110690550899
2025-01-25,ATM_014,Suburban,8315.655330228425
2025-01-25,ATM_015,Suburban,12307.81103031428
2025-01-25,ATM_016,Rural,6040.641843223223
2025-01-25,ATM_017,Suburban,10329.955611148083
2025-01-25,ATM_018,Urban,9171.550225182593
2025-01-25,ATM_019,Urban,13619.359369905085
2025-01-25,ATM_020,Rural,4622.1215424190095
2025-01-26,ATM_001,Urban,13162.355816001691
2025-01-26,ATM_002,Rural,4231.394530277378
2025-01-26,ATM_003,Suburban,5548.171616661695
2025-01-26,ATM_004,Suburban,6280.723662319174
2025-01-26,ATM_005,Rural,7322.524862108398
2025-01-26,ATM_006,Urban,9024.499325137453
2025-01-26,ATM_007,Urban,7714.632835639594
2025-01-26,ATM_008,Rural,4868.316798245186
2025-01-26,ATM_009,Rural,5097.665467672431
2025-01-26,ATM_010,Suburban,7231.943576448592
2025-01-26,ATM_011,Rural,5704.744056424264
2025-01-26,ATM_012,Urban,10912.918577079643
2025-01-26,ATM_013,Rural,9573.745502025287
2025-01-26,ATM_014,Suburban,11470.402507248797
2025-01-26,ATM_015,Suburban,10600.748412624374
2025-01-26,ATM_016,Rural,5619.852348611636
2025-01-26,ATM_017,Suburban,7786.062297267796
2025-01-26,ATM_018,Urban,12697.991048852064
2025-01-26,ATM_019,Urban,12867.62753790957
2025-01-26,ATM_020,Rural,9199.912911239737
2025-01-27,ATM_001,Urban,10161.18113536834
2025-01-27,ATM_002,Rural,4895.838018285614
2025-01-27,ATM_003,Suburban,7216.4941258250965
2025-01-27,ATM_004,Suburban,4790.912682311435
2025-01-27,ATM_005,Rural,2882.9679009093657
2025-01-27,ATM_006,Urban,10101.517509423233
2025-01-27,ATM_007,Urban,7378.797814785202
2025-01-27,ATM_008,Rural,7649.435171578732
2025-01-27,ATM_009,Rural,3866.1784161347036
2025-01-27,ATM_010,Suburban,7909.70539443887
2025-01-27,ATM_011,Rural,5929.149512791522
2025-01-27,ATM_012,Urban,9051.620697207203
2025-01-27,ATM_013,Rural,7209.020462449502
2025-01-27,ATM_014,Suburban,5381.278701414345
2025-01-27,ATM_015,Suburban,6047.640239980415
2025-01-27,ATM_016,Rural,7216.5776052153315
2025-01-27,ATM_017,Suburban,8934.664918883207
2025-01-27,ATM_018,Urban,10044.335648783583
2025-01-27,ATM_019,Urban,8592.803459067502
2025-01-27,ATM_020,Rural,6287.603104640845
2025-01-28,ATM_001,Urban,5825.692263489885
2025-01-28,ATM_002,Rural,6714.720567803816
2025-01-28,ATM_003,Suburban,8565.212697045961
2025-01-28,ATM_004,Suburban,6079.060969748946
2025-01-28,ATM_005,Rural,5092.7135840729325
2025-01-28,ATM_006,Urban,6638.927162898458
2025-01-28,ATM_007,Urban,11530.447729619451
2025-01-28,ATM_008,Rural,5790.714828001348
2025-01-28,ATM_009,Rural,3472.296875438008
2025-01-28,ATM_010,Suburban,6536.658376955407
2025-01-28,ATM_011,Rural,3047.0691140550016
2025-01-28,ATM_012,Urban,11498.149070903959
2025-01-28,ATM_013,Rural,6004.124069714757
2025-01-28,ATM_014,Suburban,9616.336315543987
2025-01-28,ATM_015,Suburban,10857.056475274881
2025-01-28,ATM_016,Rural,4575.7508334335735
2025-01-28,ATM_017,Suburban,8203.648214400084
2025-01-28,ATM_018,Urban,9332.238918756886
2025-01-28,ATM_019,Urban,10923.600284175793
2025-01-28,ATM_020,Rural,4676.985127823869
2025-01-29,ATM_001,Urban,8291.017900711731
2025-01-29,ATM_002,Rural,4427.05602797354
2025-01-29,ATM_003,Suburban,6557.790629469213
2025-01-29,ATM_004,Suburban,8681.632689520417
2025-01-29,ATM_005,Rural,6410.797730986489
2025-01-29,ATM_006,Urban,9248.302105970957
2025-01-29,ATM_007,Urban,9009.442431431698
2025-01-29,ATM_008,Rural,3868.9910638559386
2025-01-29,ATM_009,Rural,5088.752357496465
2025-01-29,ATM_010,Suburban,6823.719387064561
2025-01-29,ATM_011,Rural,4396.098034670411
2025-01-29,ATM_012,Urban,9142.516055228176
2025-01-29,ATM_013,Rural,3050.1914439952257
2025-01-29,ATM_014,Suburban,8051.273097914213
2025-01-29,ATM_015,Suburban,5424.479532254655
2025-01-29,ATM_016,Rural,4260.773472766091
2025-01-29,ATM_017,Suburban,7205.353403770613
2025-01-29,ATM_018,Urban,6573.090391253287
2025-01-29,ATM_019,Urban,10381.073429102898
2025-01-29,ATM_020,Rural,6106.638881302719
2025-01-30,ATM_001,Urban,6706.557433914682
2025-01-30,ATM_002,Rural,6821.3466329100065
2025-01-30,ATM_003,Suburban,8127.570889702582
2025-01-30,ATM_004,Suburban,10328.79271341898
2025-01-30,ATM_005,Rural,5092.575053185077
2025-01-30,ATM_006,Urban,6889.4993477873295
2025-01-30,ATM_007,Urban,6650.147679872003
2025-01-30,ATM_008,Rural,6122.518621148827
2025-01-30,ATM_009,Rural,2788.6942708256975
2025-01-30,ATM_010,Suburban,5077.213539602942
2025-01-30,ATM_011,Rural,5621.303539780848
2025-01-30,ATM_012,Urban,5577.3802649838535
2025-01-30,ATM_013,Rural,7985.134212109251
2025-01-30,ATM_014,Suburban,9851.185943876186
2025-01-30,ATM_015,Suburban,10742.81126292148
2025-01-30,ATM_016,Rural,4452.05759389049
2025-01-30,ATM_017,Suburban,8093.214261615604
2025-01-30,ATM_018,Urban,12561.134769567141
2025-01-30,ATM_019,Urban,6302.938917363713
2025-01-30,ATM_020,Rural,6689.912257958858
2025-01-31,ATM_001,Urban,9814.592817388455
2025-01-31,ATM_002,Rural,6191.422263398391
2025-01-31,ATM_003,Suburban,11478.886576583496
2025-01-31,ATM_004,Suburban,7310.963225909556
2025-01-31,ATM_005,Rural,5090.1197406178735
2025-01-31,ATM_006,Urban,9579.68606320602
2025-01-31,ATM_007,Urban,13365.730330776118
2025-01-31,ATM_008,Rural,8245.92221229586
2025-01-31,ATM_009,Rural,5261.259803288284
2025-01-31,ATM_010,Suburban,12149.605210702883
2025-01-31,ATM_011,Rural,7821.452755022064
2025-01-31,ATM_012,Urban,14477.230786832875
2025-01-31,ATM_013,Rural,7252.686146581865
2025-01-31,ATM_014,Suburban,6962.170334641387
2025-01-31,ATM_015,Suburban,11511.74254449892
2025-01-31,ATM_016,Rural,5157.531460243285
2025-01-31,ATM_017,Suburban,9432.337822139625
2025-01-31,ATM_018,Urban,10099.444661529584
2025-01-31,ATM_019,Urban,10165.504613160949
2025-01-31,ATM_020,Rural,9222.263480695332
2025-02-01,ATM_001,Urban,9486.246782685528
2025-02-01,ATM_002,Rural,7298.050218330722
2025-02-01,ATM_003,Suburban,9132.084714715469
2025-02-01,ATM_004,Suburban,6966.497069381255
2025-02-01,ATM_005,Rural,7453.877721795799
2025-02-01,ATM_006,Urban,11545.195101694024
2025-02-01,ATM_007,Urban,11804.507167441756
2025-02-01,ATM_008,Rural,6812.497794528829
2025-02-01,ATM_009,Rural,7273.47496039008
2025-02-01,ATM_010,Suburban,10730.102714285265
2025-02-01,ATM_011,Rural,6445.1351194532335
2025-02-01,ATM_012,Urban,8745.024616167992
2025-02-01,ATM_013,Rural,6102.3075451784
2025-02-01,ATM_014,Suburban,8629.350159202208
2025-02-01,ATM_015,Suburban,10755.63605311958
2025-02-01,ATM_016,Rural,8147.318678148751
2025-02-01,ATM_017,Suburban,12052.649613862704
2025-02-01,ATM_018,Urban,9293.108546932359
2025-02-01,ATM_019,Urban,9280.403898639364
2025-02-01,ATM_020,Rural,5377.606650842453
2025-02-02,ATM_001,Urban,12130.344397057728
2025-02-02,ATM_002,Rural,8792.802859948277
2025-02-02,ATM_003,Suburban,9039.225108830202
2025-02-02,ATM_004,Suburban,6842.568820456816
2025-02-02,ATM_005,Rural,8573.047184782165
2025-02-02,ATM_006,Urban,9448.3971511541
2025-02-02,ATM_007,Urban,8051.526628500665
2025-02-02,ATM_008,Rural,4582.1218392476685
2025-02-02,ATM_009,Rural,6980.331719968326
2025-02-02,ATM_010,Suburban,10533.499596520936
2025-02-02,ATM_011,Rural,6635.175545107243
2025-02-02,ATM_012,Urban,13555.426048543595
2025-02-02,ATM_013,Rural,7785.861075485129
2025-02-02,ATM_014,Suburban,5360.507143245663
2025-02-02,ATM_015,Suburban,5564.810425947829
2025-02-02,ATM_016,Rural,6036.266342030148
2025-02-02,ATM_017,Suburban,9150.54907510997
2025-02-02,ATM_018,Urban,13949.376059928552
2025-02-02,ATM_019,Urban,11281.599978578495
2025-02-02,ATM_020,Rural,5004.671721102804
2025-02-03,ATM_001,Urban,9747.482732294497
2025-02-03,ATM_002,Rural,5599.828791851079
2025-02-03,ATM_003,Suburban,5592.989449681319
2025-02-03,ATM_004,Suburban,6966.235098574101
2025-02-03,ATM_005,Rural,6630.315509865019
2025-02-03,ATM_006,Urban,8207.277433072686
2025-02-03,ATM_007,Urban,6088.0078350567765
2025-02-03,ATM_008,Rural,3472.6757566203346
2025-02-03,ATM_009,Rural,4017.1786088192907
2025-02-03,ATM_010,Suburban,6103.2893538465905
2025-02-03,ATM_011,Rural,3872.422776920316
2025-02-03,ATM_012,Urban,9108.18672285385
2025-02-03,ATM_013,Rural,7787.872687690684
2025-02-03,ATM_014,Suburban,5420.2719095546245
2025-02-03,ATM_015,Suburban,6521.0668554513595
2025-02-03,ATM_016,Rural,8093.275493132751
2025-02-03,ATM_017,Suburban,8556.867244017347
2025-02-03,ATM_018,Urban,9198.118731966928
2025-02-03,ATM_019,Urban,10758.385563083639
2025-02-03,ATM_020,Rural,5715.315651359347
2025-02-04,ATM_001,Urban,11400.228663885235
2025-02-04,ATM_002,Rural,8603.984399772686
2025-02-04,ATM_003,Suburban,8598.57556959387
2025-02-04,ATM_004,Suburban,7653.90979103232
2025-02-04,ATM_005,Rural,6946.645261357862
2025-02-04,ATM_006,Urban,7884.550233730923
2025-02-04,ATM_007,Urban,10266.412568208694
2025-02-04,ATM_008,Rural,4287.640372693087
2025-02-04,ATM_009,Rural,5021.925883857121
2025-02-04,ATM_010,Suburban,7517.140315471692
2025-02-04,ATM_011,Rural,8220.219901460088
2025-02-04,ATM_012,Urban,6640.273685751463
2025-02-04,ATM_013,Rural,3908.3312549775205
2025-02-04,ATM_014,Suburban,9419.648316622744
2025-02-04,ATM_015,Suburban,10782.774904565134
2025-02-04,ATM_016,Rural,7263.447974136036
2025-02-04,ATM_017,Suburban,5776.955415166196
2025-02-04,ATM_018,Urban,9576.3057215266
2025-02-04,ATM_019,Urban,7881.446520216802
2025-02-04,ATM_020,Rural,2929.820457869973
2025-02-05,ATM_001,Urban,9491.77800817896
2025-02-05,ATM_002,Rural,5248.419008037613
2025-02-05,ATM_003,Suburban,10097.56284040004
2025-02-05,ATM_004,Suburban,7333.474155069827
2025-02-05,ATM_005,Rural,4794.247549732073
2025-02-05,ATM_006,Urban,5636.591494912022
2025-02-05,ATM_007,Urban,6396.528342053497
2025-02-05,ATM_008,Rural,2488.4281264889223
2025-02-05,ATM_009,Rural,6442.020079672957
2025-02-05,ATM_010,Suburban,5796.819375144289
2025-02-05,ATM_011,Rural,7137.973038334833
2025-02-05,ATM_012,Urban,8649.575592199857
2025-02-05,ATM_013,Rural,4776.237162026768
2025-02-05,ATM_014,Suburban,5564.137215866327
2025-02-05,ATM_015,Suburban,6629.096929637444
2025-02-05,ATM_016,Rural,7484.843858546032
2025-02-05,ATM_017,Suburban,7465.755101955408
2025-02-05,ATM_018,Urban,11772.935224848583
2025-02-05,ATM_019,Urban,12018.371825047372
2025-02-05,ATM_020,Rural,3295.000686607662
2025-02-06,ATM_001,Urban,9061.006759320298
2025-02-06,ATM_002,Rural,5384.237343352295
2025-02-06,ATM_003,Suburban,7231.223367768452
2025-02-06,ATM_004,Suburban,7721.508770709438
2025-02-06,ATM_005,Rural,7394.546336888798
2025-02-06,ATM_006,Urban,8900.56342619543
2025-02-06,ATM_007,Urban,6964.416902300985
2025-02-06,ATM_008,Rural,5973.300996441997
2025-02-06,ATM_009,Rural,7502.734051806685
2025-02-06,ATM_010,Suburban,9579.74375228
2025-02-06,ATM_011,Rural,4601.997491277054
2025-02-06,ATM_012,Urban,7155.761267696361
2025-02-06,ATM_013,Rural,7120.329876625374
2025-02-06,ATM_014,Suburban,6485.200197883232
2025-02-06,ATM_015,Suburban,8986.09701662629
2025-02-06,ATM_016,Rural,4170.355255991261
2025-02-06,ATM_017,Suburban,8580.999393483726
2025-02-06,ATM_018,Urban,9270.081851390594
2025-02-06,ATM_019,Urban,10934.76903058295
2025-02-06,ATM_020,Rural,7142.179343245973
2025-02-07,ATM_001,Urban,10424.197214813646
2025-02-07,ATM_002,Rural,5960.462636789826
2025-02-07,ATM_003,Suburban,10726.70278349589
2025-02-07,ATM_004,Suburban,7183.651505005376
2025-02-07,ATM_005,Rural,7305.670925097201
2025-02-07,ATM_006,Urban,6762.1959751142
2025-02-07,ATM_007,Urban,8158.744935187133
2025-02-07,ATM_008,Rural,6723.899775578571
2025-02-07,ATM_009,Rural,6531.281672613677
2025-02-07,ATM_010,Suburban,8871.319766721437
2025-02-07,ATM_011,Rural,4480.287853499685
2025-02-07,ATM_012,Urban,7035.283811564653
2025-02-07,ATM_013,Rural,7421.52999598147
2025-02-07,ATM_014,Suburban,6090.0326091452935
2025-02-07,ATM_015,Suburban,6165.056224479118
2025-02-07,ATM_016,Rural,4855.821363255249
2025-02-07,ATM_017,Suburban,6701.78049271323
2025-02-07,ATM_018,Urban,10821.937336554725
2025-02-07,ATM_019,Urban,9525.944810859763
2025-02-07,ATM_020,Rural,6115.441113798341
2025-02-08,ATM_001,Urban,11117.146027916182
2025-02-08,ATM_002,Rural,8161.783045087305
2025-02-08,ATM_003,Suburban,9453.797669529386
2025-02-08,ATM_004,Suburban,8788.896701203063
2025-02-08,ATM_005,Rural,5093.343509707262
2025-02-08,ATM_006,Urban,10730.198567905938
2025-02-08,ATM_007,Urban,11590.06230108449
2025-02-08,ATM_008,Rural,4286.24853713384
2025-02-08,ATM_009,Rural,9239.84479924333
2025-02-08,ATM_010,Suburban,8749.890833010188
2025-02-08,ATM_011,Rural,4953.845960693537
2025-02-08,ATM_012,Urban,11146.122539307824
2025-02-08,ATM_013,Rural,4328.482832896866
2025-02-08,ATM_014,Suburban,5423.621586804815
2025-02-08,ATM_015,Suburban,6596.104487527766
2025-02-08,ATM_016,Rural,6201.118366170866
2025-02-08,ATM_017,Suburban,11776.111768165012
2025-02-08,ATM_018,Urban,7587.310379593184
2025-02-08,ATM_019,Urban,10441.006731576614
2025-02-08,ATM_020,Rural,4786.190798611009
2025-02-09,ATM_001,Urban,9726.125258185037
2025-02-09,ATM_002,Rural,3571.740060600371
2025-02-09,ATM_003,Suburban,9134.711376511248
2025-02-09,ATM_004,Suburban,7456.26397846105
2025-02-09,ATM_005,Rural,10081.747990122733
2025-02-09,ATM_006,Urban,12771.158044584141
2025-02-09,ATM_007,Urban,7077.777743122867
2025-02-09,ATM_008,Rural,5435.7627206405505
2025-02-09,ATM_009,Rural,6729.284973122331
2025-02-09,ATM_010,Suburban,8387.57826003366
2025-02-09,ATM_011,Rural,8481.859057933336
2025-02-09,ATM_012,Urban,12061.210859472927
2025-02-09,ATM_013,Rural,8672.827759911026
2025-02-09,ATM_014,Suburban,6276.342303697737
2025-02-09,ATM_015,Suburban,5505.296940529305
2025-02-09,ATM_016,Rural,8858.794738563034
2025-02-09,ATM_017,Suburban,10151.759935806835
2025-02-09,ATM_018,Urban,10941.332907870436
2025-02-09,ATM_019,Urban,12754.691894012989
2025-02-09,ATM_020,Rural,6357.357132480333
2025-02-10,ATM_001,Urban,11116.650359672318
2025-02-10,ATM_002,Rural,6871.1414786370315
2025-02-10,ATM_003,Suburban,7154.15574402596
2025-02-10,ATM_004,Suburban,8256.783274612475
2025-02-10,ATM_005,Rural,7563.78857993755
2025-02-10,ATM_006,Urban,10908.872008285643
2025-02-10,ATM_007,Urban,10187.301481696617
2025-02-10,ATM_008,Rural,4899.554720096728
2025-02-10,ATM_009,Rural,4288.970108200675
2025-02-10,ATM_010,Suburban,5187.178162257397
2025-02-10,ATM_011,Rural,3131.3348331230586
2025-02-10,ATM_012,Urban,8986.144717875995
2025-02-10,ATM_013,Rural,8046.35027078203
2025-02-10,ATM_014,Suburban,5289.188919748272
2025-02-10,ATM_015,Suburban,5565.999354229557
2025-02-10,ATM_016,Rural,7218.578982504364
2025-02-10,ATM_017,Suburban,7177.49126971411
2025-02-10,ATM_018,Urban,8759.03323675656
2025-02-10,ATM_019,Urban,8356.931827166778
2025-02-10,ATM_020,Rural,7254.373351421229
2025-02-11,ATM_001,Urban,9168.356028895101
2025-02-11,ATM_002,Rural,7435.365895359606
2025-02-11,ATM_003,Suburban,8184.955273009015
2025-02-11,ATM_004,Suburban,9265.49972599919
2025-02-11,ATM_005,Rural,3472.98150909495
2025-02-11,ATM_006,Urban,9054.696003929686
2025-02-11,ATM_007,Urban,5072.087839288212
2025-02-11,ATM_008,Rural,4117.824533642315
2025-02-11,ATM_009,Rural,6718.448583673607
2025-02-11,ATM_010,Suburban,6397.979784703054
2025-02-11,ATM_011,Rural,7008.305477852384
2025-02-11,ATM_012,Urban,10017.916372359297
2025-02-11,ATM_013,Rural,4920.20326946828
2025-02-11,ATM_014,Suburban,10601.089593016583
2025-02-11,ATM_015,Suburban,5901.830592656611
2025-02-11,ATM_016,Rural,6232.650679052397
2025-02-11,ATM_017,Suburban,6539.453237987683
2025-02-11,ATM_018,Urban,9476.493418275853
2025-02-11,ATM_019,Urban,8396.833290887835
2025-02-11,ATM_020,Rural,2609.061684485894
2025-02-12,ATM_001,Urban,9643.63750454424
2025-02-12,ATM_002,Rural,5076.764580862242
2025-02-12,ATM_003,Suburban,8366.499606967713
2025-02-12,ATM_004,Suburban,6961.134483656433
2025-02-12,ATM_005,Rural,5901.754518985316
2025-02-12,ATM_006,Urban,6681.160149288509
2025-02-12,ATM_007,Urban,8620.55157092194
2025-02-12,ATM_008,Rural,6951.2200970191525
2025-02-12,ATM_009,Rural,3439.7009706891577
2025-02-12,ATM_010,Suburban,5960.3290059992305
2025-02-12,ATM_011,Rural,7252.146907961021
2025-02-12,ATM_012,Urban,11468.952534128195
2025-02-12,ATM_013,Rural,4083.3415493529287
2025-02-12,ATM_014,Suburban,7541.799184400614
2025-02-12,ATM_015,Suburban,6427.525518134299
2025-02-12,ATM_016,Rural,3604.877316967634
2025-02-12,ATM_017,Suburban,5314.263328692407
2025-02-12,ATM_018,Urban,10017.996879666945
2025-02-12,ATM_019,Urban,5743.1111344926
2025-02-12,ATM_020,Rural,6231.915829630117
2025-02-13,ATM_001,Urban,11153.693663425096
2025-02-13,ATM_002,Rural,6225.144112646007
2025-02-13,ATM_003,Suburban,8049.141916146317
2025-02-13,ATM_004,Suburban,5527.273679234206
2025-02-13,ATM_005,Rural,7356.502141741722
2025-02-13,ATM_006,Urban,7277.51918216891
2025-02-13,ATM_007,Urban,8394.233522131746
2025-02-13,ATM_008,Rural,7027.965895115304
2025-02-13,ATM_009,Rural,5982.202158992829
2025-02-13,ATM_010,Suburban,8232.725583519155
2025-02-13,ATM_011,Rural,6471.687023544985
2025-02-13,ATM_012,Urban,8569.676776893044
2025-02-13,ATM_013,Rural,4854.277608453153
2025-02-13,ATM_014,Suburban,7668.884928435572
2025-02-13,ATM_015,Suburban,6052.793574095079
2025-02-13,ATM_016,Rural,5815.284810499644
2025-02-13,ATM_017,Suburban,5711.712564831807
2025-02-13,ATM_018,Urban,12695.316981918413
2025-02-13,ATM_019,Urban,7655.635160673823
2025-02-13,ATM_020,Rural,4506.186339978744
2025-02-14,ATM_001,Urban,8391.860337743787
2025-02-14,ATM_002,Rural,5791.933789404176
2025-02-14,ATM_003,Suburban,8236.253935554138
2025-02-14,ATM_004,Suburban,8702.014241015431
2025-02-14,ATM_005,Rural,6677.50671612785
2025-02-14,ATM_006,Urban,7521.195453810762
2025-02-14,ATM_007,Urban,9323.861175332739
2025-02-14,ATM_008,Rural,2071.0474419186544
2025-02-14,ATM_009,Rural,5112.03764812828
2025-02-14,ATM_010,Suburban,8934.822333499887
2025-02-14,ATM_011,Rural,5080.466311118117
2025-02-14,ATM_012,Urban,7909.235477535481
2025-02-14,ATM_013,Rural,3769.9085391632484
2025-02-14,ATM_014,Suburban,8822.103305486042
2025-02-14,ATM_015,Suburban,9655.316008386588
2025-02-14,ATM_016,Rural,3882.433730386887
2025-02-14,ATM_017,Suburban,5322.139461915341
2025-02-14,ATM_018,Urban,7993.760474214422
2025-02-14,ATM_019,Urban,11148.997965318318
2025-02-14,ATM_020,Rural,3065.0968864294655
2025-02-15,ATM_001,Urban,12293.664533289428
2025-02-15,ATM_002,Rural,5791.32046255482
2025-02-15,ATM_003,Suburban,6448.858133911913
2025-02-15,ATM_004,Suburban,7853.356763354239
2025-02-15,ATM_005,Rural,7747.742973136055
2025-02-15,ATM_006,Urban,9639.56531394402
2025-02-15,ATM_007,Urban,10756.117097718097
2025-02-15,ATM_008,Rural,4682.930344617058
2025-02-15,ATM_009,Rural,8836.48682021876
2025-02-15,ATM_010,Suburban,10142.359047283577
2025-02-15,ATM_011,Rural,3719.244984472289
2025-02-15,ATM_012,Urban,13527.562239419167
2025-02-15,ATM_013,Rural,8052.329379831436
2025-02-15,ATM_014,Suburban,8239.630237622096
2025-02-15,ATM_015,Suburban,11424.893310823749
2025-02-15,ATM_016,Rural,7728.160062380748
2025-02-15,ATM_017,Suburban,8758.113143886121
2025-02-15,ATM_018,Urban,12507.241863928004
2025-02-15,ATM_019,Urban,11221.75115976681
2025-02-15,ATM_020,Rural,6598.09856626157
2025-02-16,ATM_001,Urban,7479.716427953696
2025-02-16,ATM_002,Rural,7931.6381624651385
2025-02-16,ATM_003,Suburban,10466.700902856901
2025-02-16,ATM_004,Suburban,9716.439241659511
2025-02-16,ATM_005,Rural,9399.390562581399
2025-02-16,ATM_006,Urban,10226.187185097546
2025-02-16,ATM_007,Urban,8068.077170738488
2025-02-16,ATM_008,Rural,5974.050290620668
2025-02-16,ATM_009,Rural,9778.257873002809
2025-02-16,ATM_010,Suburban,7927.917110317489
2025-02-16,ATM_011,Rural,4182.441803465978
2025-02-16,ATM_012,Urban,8988.056371962435
2025-02-16,ATM_013,Rural,4704.320535212967
2025-02-16,ATM_014,Suburban,10349.931537930343
2025-02-16,ATM_015,Suburban,9530.187288276486
2025-02-16,ATM_016,Rural,8820.339425331134
2025-02-16,ATM_017,Suburban,7379.407979287121
2025-02-16,ATM_018,Urban,10678.983727574456
2025-02-16,ATM_019,Urban,13736.834088130818
2025-02-16,ATM_020,Rural,7907.275492763317
2025-02-17,ATM_001,Urban,8552.143639883981
2025-02-17,ATM_002,Rural,7450.318777508861
2025-02-17,ATM_003,Suburban,7303.537975994699
2025-02-17,ATM_004,Suburban,4992.482568088567
2025-02-17,ATM_005,Rural,4360.208782773967
2025-02-17,ATM_006,Urban,10951.981965751806
2025-02-17,ATM_007,Urban,10939.243689720606
2025-02-17,ATM_008,Rural,7623.254601265557
2025-02-17,ATM_009,Rural,5236.125466997382
2025-02-17,ATM_010,Suburban,8414.236258569059
2025-02-17,ATM_011,Rural,7127.311646461619
2025-02-17,ATM_012,Urban,7224.394826965529
2025-02-17,ATM_013,Rural,5454.304404511915
2025-02-17,ATM_014,Suburban,4928.560281511671
2025-02-17,ATM_015,Suburban,6687.657427848859
2025-02-17,ATM_016,Rural,6877.749790128089
2025-02-17,ATM_017,Suburban,7121.539741141011
2025-02-17,ATM_018,Urban,8027.936267058305
2025-02-17,ATM_019,Urban,12611.274226621244
2025-02-17,ATM_020,Rural,6442.125338622596
2025-02-18,ATM_001,Urban,9518.416125084656
2025-02-18,ATM_002,Rural,5962.756204189788
2025-02-18,ATM_003,Suburban,8629.425261993361
2025-02-18,ATM_004,Suburban,7201.398050773567
2025-02-18,ATM_005,Rural,8060.0377193600925
2025-02-18,ATM_006,Urban,9565.387840880981
2025-02-18,ATM_007,Urban,8100.489971696195
2025-02-18,ATM_008,Rural,1986.1233378327502
2025-02-18,ATM_009,Rural,4464.511217157779
2025-02-18,ATM_010,Suburban,7900.7629504111665
2025-02-18,ATM_011,Rural,3513.9364868036423
2025-02-18,ATM_012,Urban,6422.154280542335
2025-02-18,ATM_013,Rural,5963.661665731361
2025-02-18,ATM_014,Suburban,9501.90102632665
2025-02-18,ATM_015,Suburban,9386.913291807157
2025-02-18,ATM_016,Rural,2956.29890665274
2025-02-18,ATM_017,Suburban,6240.339258497158
2025-02-18,ATM_018,Urban,12304.213214216401
2025-02-18,ATM_019,Urban,11623.022304176277
2025-02-18,ATM_020,Rural,4935.6366160660555
2025-02-19,ATM_001,Urban,8609.373768292424
2025-02-19,ATM_002,Rural,7303.684673801295
2025-02-19,ATM_003,Suburban,7441.9957079194955
2025-02-19,ATM_004,Suburban,6829.865305094556
2025-02-19,ATM_005,Rural,6458.914078402069
2025-02-19,ATM_006,Urban,8685.132654169383
2025-02-19,ATM_007,Urban,8020.455035148662
2025-02-19,ATM_008,Rural,7300.561233184318
2025-02-19,ATM_009,Rural,6577.756752738301
2025-02-19,ATM_010,Suburban,9223.445455156783
2025-02-19,ATM_011,Rural,3654.3080365014553
2025-02-19,ATM_012,Urban,8219.45068704866
2025-02-19,ATM_013,Rural,3414.0353711320417
2025-02-19,ATM_014,Suburban,9038.394393900488
2025-02-19,ATM_015,Suburban,8895.374471866724
2025-02-19,ATM_016,Rural,6816.258519994197
2025-02-19,ATM_017,Suburban,6162.462858047031
2025-02-19,ATM_018,Urban,8788.117144212341
2025-02-19,ATM_019,Urban,8216.339238039782
2025-02-19,ATM_020,Rural,7773.377766713589
2025-02-20,ATM_001,Urban,8514.733994550308
2025-02-20,ATM_002,Rural,2825.762944301833
2025-02-20,ATM_003,Suburban,6182.716164807823
2025-02-20,ATM_004,Suburban,8833.762795309443
2025-02-20,ATM_005,Rural,7176.989636161415
2025-02-20,ATM_006,Urban,8565.922850634955
2025-02-20,ATM_007,Urban,7447.319294113676
2025-02-20,ATM_008,Rural,5745.124207251518
2025-02-20,ATM_009,Rural,4372.835203515276
2025-02-20,ATM_010,Suburban,8034.16593641937
2025-02-20,ATM_011,Rural,5462.657576180859
2025-02-20,ATM_012,Urban,6955.192355274616
2025-02-20,ATM_013,Rural,7124.25221423457
2025-02-20,ATM_014,Suburban,7807.124616735109
2025-02-20,ATM_015,Suburban,8573.52564721915
2025-02-20,ATM_016,Rural,6135.439562925075
2025-02-20,ATM_017,Suburban,4756.209590765945
2025-02-20,ATM_018,Urban,5819.503671334187
2025-02-20,ATM_019,Urban,8428.487428702574
2025-02-20,ATM_020,Rural,8039.280231456759
2025-02-21,ATM_001,Urban,11426.898593888947
2025-02-21,ATM_002,Rural,4308.893222718247
2025-02-21,ATM_003,Suburban,10032.068718173206
2025-02-21,ATM_004,Suburban,4789.620783739733
2025-02-21,ATM_005,Rural,8516.95826705041
2025-02-21,ATM_006,Urban,10753.53817423907
2025-02-21,ATM_007,Urban,10360.641308783026
2025-02-21,ATM_008,Rural,4198.592795570556
2025-02-21,ATM_009,Rural,5449.686268916074
2025-02-21,ATM_010,Suburban,8836.175788852452
2025-02-21,ATM_011,Rural,8638.519450175732
2025-02-21,ATM_012,Urban,11743.439380430289
2025-02-21,ATM_013,Rural,3782.174150567196
2025-02-21,ATM_014,Suburban,7419.442988616266
2025-02-21,ATM_015,Suburban,3922.332695490881
2025-02-21,ATM_016,Rural,7729.53068029467
2025-02-21,ATM_017,Suburban,8803.983598658699
2025-02-21,ATM_018,Urban,6096.01257429406
2025-02-21,ATM_019,Urban,6985.598416388863
2025-02-21,ATM_020,Rural,6165.816589926986
2025-02-22,ATM_001,Urban,11791.482221541777
2025-02-22,ATM_002,Rural,6169.070446106364
2025-02-22,ATM_003,Suburban,8362.10947297335
2025-02-22,ATM_004,Suburban,9814.898115259588
2025-02-22,ATM_005,Rural,7798.049604030597
2025-02-22,ATM_006,Urban,7282.722671356918
2025-02-22,ATM_007,Urban,9268.747425894688
2025-02-22,ATM_008,Rural,3433.564910481404
2025-02-22,ATM_009,Rural,3698.2830227574773
2025-02-22,ATM_010,Suburban,8385.936071204294
2025-02-22,ATM_011,Rural,4936.550824675398
2025-02-22,ATM_012,Urban,13187.895256283253
2025-02-22,ATM_013,Rural,5919.14346024813
2025-02-22,ATM_014,Suburban,9179.32619784826
2025-02-22,ATM_015,Suburban,8767.089862872435
2025-02-22,ATM_016,Rural,3494.6711791200614
2025-02-22,ATM_017,Suburban,8714.558696244314
2025-02-22,ATM_018,Urban,12726.926606035786
2025-02-22,ATM_019,Urban,11209.60580736372
2025-02-22,ATM_020,Rural,7115.495384285064
2025-02-23,ATM_001,Urban,11442.25649254778
2025-02-23,ATM_002,Rural,7607.5595291360405
2025-02-23,ATM_003,Suburban,7119.252578914393
2025-02-23,ATM_004,Suburban,10727.577917250415
2025-02-23,ATM_005,Rural,7035.003842053584
2025-02-23,ATM_006,Urban,15446.857578844356
2025-02-23,ATM_007,Urban,10431.546215813283
2025-02-23,ATM_008,Rural,6755.54886079475
2025-02-23,ATM_009,Rural,6475.81821937687
2025-02-23,ATM_010,Suburban,7325.714179531054
2025-02-23,ATM_011,Rural,3742.9965335995967
2025-02-23,ATM_012,Urban,11440.131575611535
2025-02-23,ATM_013,Rural,5365.5065701068725
2025-02-23,ATM_014,Suburban,6854.330814002566
2025-02-23,ATM_015,Suburban,9041.635774952765
2025-02-23,ATM_016,Rural,5023.168697264258
2025-02-23,ATM_017,Suburban,12003.12737298926
2025-02-23,ATM_018,Urban,12218.347482572191
2025-02-23,ATM_019,Urban,6849.361031032218
2025-02-23,ATM_020,Rural,7433.80762009443
2025-02-24,ATM_001,Urban,8350.770240905964
2025-02-24,ATM_002,Rural,7171.528319016219
2025-02-24,ATM_003,Suburban,6610.315484142434
2025-02-24,ATM_004,Suburban,5501.97424554389
2025-02-24,ATM_005,Rural,5923.989211043255
2025-02-24,ATM_006,Urban,9753.979789461715
2025-02-24,ATM_007,Urban,9979.015713430159
2025-02-24,ATM_008,Rural,5535.63464438842
2025-02-24,ATM_009,Rural,7156.158365452786
2025-02-24,ATM_010,Suburban,10622.347536596897
2025-02-24,ATM_011,Rural,7807.647973665133
2025-02-24,ATM_012,Urban,9306.498319664966
2025-02-24,ATM_013,Rural,6468.8094775642
2025-02-24,ATM_014,Suburban,8407.035952387501
2025-02-24,ATM_015,Suburban,5042.608759786285
2025-02-24,ATM_016,Rural,7549.400255837469
2025-02-24,ATM_017,Suburban,4864.2091084890035
2025-02-24,ATM_018,Urban,8424.600604410893
2025-02-24,ATM_019,Urban,10441.19062360544
2025-02-24,ATM_020,Rural,2843.24802563818
2025-02-25,ATM_001,Urban,12732.963579664834
2025-02-25,ATM_002,Rural,4857.402986281947
2025-02-25,ATM_003,Suburban,4249.702702743023
2025-02-25,ATM_004,Suburban,5955.298950805673
2025-02-25,ATM_005,Rural,6391.672367511939
2025-02-25,ATM_006,Urban,7503.9260521215265
2025-02-25,ATM_007,Urban,9976.030307988938
2025-02-25,ATM_008,Rural,3037.444219961732
2025-02-25,ATM_009,Rural,4529.3645244258305
2025-02-25,ATM_010,Suburban,6351.977323933588
2025-02-25,ATM_011,Rural,5182.738274671643
2025-02-25,ATM_012,Urban,5788.930720226857
2025-02-25,ATM_013,Rural,3923.23414080991
2025-02-25,ATM_014,Suburban,8643.0256136705
2025-02-25,ATM_015,Suburban,9121.906703882534
2025-02-25,ATM_016,Rural,4966.336823037386
2025-02-25,ATM_017,Suburban,5751.353030606497
2025-02-25,ATM_018,Urban,9533.513728490729
2025-02-25,ATM_019,Urban,10833.716903054095
2025-02-25,ATM_020,Rural,6169.793429469681
2025-02-26,ATM_001,Urban,8078.311372994229
2025-02-26,ATM_002,Rural,6532.35939811239
2025-02-26,ATM_003,Suburban,5384.0163731488055
2025-02-26,ATM_004,Suburban,8402.109443367515
2025-02-26,ATM_005,Rural,2888.7295721898345
2025-02-26,ATM_006,Urban,8854.38318087594
2025-02-26,ATM_007,Urban,8081.306161001791
2025-02-26,ATM_008,Rural,4520.904462407736
2025-02-26,ATM_009,Rural,5759.537804354678
2025-02-26,ATM_010,Suburban,9238.974531409174
2025-02-26,ATM_011,Rural,5894.434137030545
2025-02-26,ATM_012,Urban,12783.513740819495
2025-02-26,ATM_013,Rural,6228.591010145278
2025-02-26,ATM_014,Suburban,6707.476315265721
2025-02-26,ATM_015,Suburban,7528.569750770384
2025-02-26,ATM_016,Rural,8048.699015245065
2025-02-26,ATM_017,Suburban,9228.757132607352
2025-02-26,ATM_018,Urban,7741.077716989022
2025-02-26,ATM_019,Urban,11238.781248772244
2025-02-26,ATM_020,Rural,5897.6669946645015
2025-02-27,ATM_001,Urban,7458.018693038943
2025-02-27,ATM_002,Rural,4006.6981589010443
2025-02-27,ATM_003,Suburban,6717.586638322853
2025-02-27,ATM_004,Suburban,7481.078034099419
2025-02-27,ATM_005,Rural,4556.952071406712
2025-02-27,ATM_006,Urban,10802.945355512747
2025-02-27,ATM_007,Urban,11885.682389002151
2025-02-27,ATM_008,Rural,5219.523919442744
2025-02-27,ATM_009,Rural,3358.7538487164393
2025-02-27,ATM_010,Suburban,7223.6354292812575
2025-02-27,ATM_011,Rural,5858.419046436471
2025-02-27,ATM_012,Urban,8173.032465941834
2025-02-27,ATM_013,Rural,5526.986589429245
2025-02-27,ATM_014,Suburban,6012.887399322809
2025-02-27,ATM_015,Suburban,10309.799171309041
2025-02-27,ATM_016,Rural,4584.389314372236
2025-02-27,ATM_017,Suburban,4365.73725055844
2025-02-27,ATM_018,Urban,8507.412528350367
2025-02-27,ATM_019,Urban,8069.588015812369
2025-02-27,ATM_020,Rural,4882.724487468907
2025-02-28,ATM_001,Urban,15473.722357909674
2025-02-28,ATM_002,Rural,6364.68001907715
2025-02-28,ATM_003,Suburban,8706.478503440792
2025-02-28,ATM_004,Suburban,9370.351056403422
2025-02-28,ATM_005,Rural,8345.926006011448
2025-02-28,ATM_006,Urban,8744.979735040868
2025-02-28,ATM_007,Urban,13444.386549376573
2025-02-28,ATM_008,Rural,7419.29577268312
2025-02-28,ATM_009,Rural,8798.43496027171
2025-02-28,ATM_010,Suburban,8299.033308597058
2025-02-28,ATM_011,Rural,6836.666991858478
2025-02-28,ATM_012,Urban,9007.260198786244
2025-02-28,ATM_013,Rural,8518.493196865582
2025-02-28,ATM_014,Suburban,10078.16424266002
2025-02-28,ATM_015,Suburban,8779.752929222384
2025-02-28,ATM_016,Rural,9170.944747362248
2025-02-28,ATM_017,Suburban,7126.910072026124
2025-02-28,ATM_018,Urban,9796.921062278961
2025-02-28,ATM_019,Urban,10318.799923519406
2025-02-28,ATM_020,Rural,6113.034281103851
2025-03-01,ATM_001,Urban,11491.554998032847
2025-03-01,ATM_002,Rural,9269.632097022126
2025-03-01,ATM_003,Suburban,7841.114265000203
2025-03-01,ATM_004,Suburban,11188.277547759797
2025-03-01,ATM_005,Rural,4298.118382450264
2025-03-01,ATM_006,Urban,10477.515354961737
2025-03-01,ATM_007,Urban,12455.37362705095
2025-03-01,ATM_008,Rural,4683.662428113945
2025-03-01,ATM_009,Rural,8749.425304665458
2025-03-01,ATM_010,Suburban,8688.03208390685
2025-03-01,ATM_011,Rural,4335.3422119534125
2025-03-01,ATM_012,Urban,9595.165188620875
2025-03-01,ATM_013,Rural,5774.54207053061
2025-03-01,ATM_014,Suburban,12419.67481017887
2025-03-01,ATM_015,Suburban,9480.836415340264
2025-03-01,ATM_016,Rural,4344.59909924409
2025-03-01,ATM_017,Suburban,7331.809206244216
2025-03-01,ATM_018,Urban,12475.237467990819
2025-03-01,ATM_019,Urban,10950.342302372861
2025-03-01,ATM_020,Rural,6792.090085689783
2025-03-02,ATM_001,Urban,12300.031947251477
2025-03-02,ATM_002,Rural,5862.023465716615
2025-03-02,ATM_003,Suburban,9682.194577153337
2025-03-02,ATM_004,Suburban,8089.053701285236
2025-03-02,ATM_005,Rural,9553.082257341106
2025-03-02,ATM_006,Urban,11240.653439147336
2025-03-02,ATM_007,Urban,13038.974356712439
2025-03-02,ATM_008,Rural,6056.312969865193
2025-03-02,ATM_009,Rural,4198.153952476838
2025-03-02,ATM_010,Suburban,6698.761316677862
2025-03-02,ATM_011,Rural,5201.725846735813
2025-03-02,ATM_012,Urban,11625.00712928274
2025-03-02,ATM_013,Rural,6020.788542164535
2025-03-02,ATM_014,Suburban,8759.953733592192
2025-03-02,ATM_015,Suburban,8404.568297599752
2025-03-02,ATM_016,Rural,4135.17956156989
2025-03-02,ATM_017,Suburban,9014.55426018835
2025-03-02,ATM_018,Urban,8750.198779980286
2025-03-02,ATM_019,Urban,9983.40119102518
2025-03-02,ATM_020,Rural,2783.1811411359795
2025-03-03,ATM_001,Urban,8018.116517458902
2025-03-03,ATM_002,Rural,7311.954261613678
2025-03-03,ATM_003,Suburban,8448.59033745479
2025-03-03,ATM_004,Suburban,9207.935485283248
2025-03-03,ATM_005,Rural,4538.659539242572
2025-03-03,ATM_006,Urban,8313.60437461872
2025-03-03,ATM_007,Urban,12998.422881170107
2025-03-03,ATM_008,Rural,7874.7559127043205
2025-03-03,ATM_009,Rural,3844.0995924890785
2025-03-03,ATM_010,Suburban,7144.133983223799
2025-03-03,ATM_011,Rural,6299.43381094871
2025-03-03,ATM_012,Urban,10356.653684169924
2025-03-03,ATM_013,Rural,6808.2974168294395
2025-03-03,ATM_014,Suburban,10660.195811964304
2025-03-03,ATM_015,Suburban,7692.16624817776
2025-03-03,ATM_016,Rural,4255.9554203986745
2025-03-03,ATM_017,Suburban,8696.634078677258
2025-03-03,ATM_018,Urban,9048.233616950922
2025-03-03,ATM_019,Urban,10535.939767496604
2025-03-03,ATM_020,Rural,4107.870413852338
2025-03-04,ATM_001,Urban,8133.806005034564
2025-03-04,ATM_002,Rural,5107.893496749414
2025-03-04,ATM_003,Suburban,5761.82923752207
2025-03-04,ATM_004,Suburban,4865.882310939788
2025-03-04,ATM_005,Rural,6318.52784731867
2025-03-04,ATM_006,Urban,7447.332572381454
2025-03-04,ATM_007,Urban,10111.273332001467
2025-03-04,ATM_008,Rural,3167.5077464526985
2025-03-04,ATM_009,Rural,3212.9348477762287
2025-03-04,ATM_010,Suburban,5565.189512516518
2025-03-04,ATM_011,Rural,7683.923002133325
2025-03-04,ATM_012,Urban,10842.980684072614
2025-03-04,ATM_013,Rural,3659.4158324871382
2025-03-04,ATM_014,Suburban,7777.2926832643025
2025-03-04,ATM_015,Suburban,7006.001660201022
2025-03-04,ATM_016,Rural,4138.041219757738
2025-03-04,ATM_017,Suburban,9979.65410541621
2025-03-04,ATM_018,Urban,9840.112826225764
2025-03-04,ATM_019,Urban,8130.447276546
2025-03-04,ATM_020,Rural,8436.591617112503
2025-03-05,ATM_001,Urban,10129.35443103396
2025-03-05,ATM_002,Rural,5307.732052097735
2025-03-05,ATM_003,Suburban,7014.716521047416
2025-03-05,ATM_004,Suburban,6822.353306079594
2025-03-05,ATM_005,Rural,6145.315430704703
2025-03-05,ATM_006,Urban,9073.700007081812
2025-03-05,ATM_007,Urban,9696.62655199055
2025-03-05,ATM_008,Rural,4312.299093670701
2025-03-05,ATM_009,Rural,5813.369646329396
2025-03-05,ATM_010,Suburban,9583.614098949647
2025-03-05,ATM_011,Rural,5034.142996049943
2025-03-05,ATM_012,Urban,6608.856796015115
2025-03-05,ATM_013,Rural,6582.329283321904
2025-03-05,ATM_014,Suburban,5395.2182672460385
2025-03-05,ATM_015,Suburban,4134.259381486745
2025-03-05,ATM_016,Rural,9089.824588435948
2025-03-05,ATM_017,Suburban,10063.916643061038
2025-03-05,ATM_018,Urban,8615.89205025549
2025-03-05,ATM_019,Urban,8495.268653747262
2025-03-05,ATM_020,Rural,7352.626474734226
2025-03-06,ATM_001,Urban,7379.766769503327
2025-03-06,ATM_002,Rural,6283.258902876734
2025-03-06,ATM_003,Suburban,7604.510287714386
2025-03-06,ATM_004,Suburban,6464.367448417505
2025-03-06,ATM_005,Rural,3515.2254257933473
2025-03-06,ATM_006,Urban,11932.013157957
2025-03-06,ATM_007,Urban,7314.94459588151
2025-03-06,ATM_008,Rural,3002.131658949529
2025-03-06,ATM_009,Rural,4368.363034779688
2025-03-06,ATM_010,Suburban,6267.210040757285
2025-03-06,ATM_011,Rural,6937.9960258627025
2025-03-06,ATM_012,Urban,6475.521910335094
2025-03-06,ATM_013,Rural,5579.7504651542795
2025-03-06,ATM_014,Suburban,7789.646553708032
2025-03-06,ATM_015,Suburban,6658.259100509397
2025-03-06,ATM_016,Rural,4564.290317993649
2025-03-06,ATM_017,Suburban,6265.179388370444
2025-03-06,ATM_018,Urban,10503.297622542023
2025-03-06,ATM_019,Urban,9015.459560091116
2025-03-06,ATM_020,Rural,4272.674311355624
2025-03-07,ATM_001,Urban,7373.333489301199
2025-03-07,ATM_002,Rural,4301.58903388998
2025-03-07,ATM_003,Suburban,7558.189173742839
2025-03-07,ATM_004,Suburban,7606.962594355252
2025-03-07,ATM_005,Rural,3382.0256425804487
2025-03-07,ATM_006,Urban,8447.2958055681
2025-03-07,ATM_007,Urban,6965.538959945227
2025-03-07,ATM_008,Rural,7668.51944755018
2025-03-07,ATM_009,Rural,7179.248892439549
2025-03-07,ATM_010,Suburban,10483.850301176206
2025-03-07,ATM_011,Rural,7154.248735724523
2025-03-07,ATM_012,Urban,8595.635474973695
2025-03-07,ATM_013,Rural,6213.171732997406
2025-03-07,ATM_014,Suburban,5408.462884946367
2025-03-07,ATM_015,Suburban,8940.20003787719
2025-03-07,ATM_016,Rural,7463.427328396982
2025-03-07,ATM_017,Suburban,6602.160028167736
2025-03-07,ATM_018,Urban,8448.114513633289
2025-03-07,ATM_019,Urban,8708.088750199306
2025-03-07,ATM_020,Rural,4865.005877059799
2025-03-08,ATM_001,Urban,12976.877283183469
2025-03-08,ATM_002,Rural,5915.164123138395
2025-03-08,ATM_003,Suburban,8499.318516161986
2025-03-08,ATM_004,Suburban,9292.124666831043
2025-03-08,ATM_005,Rural,6583.724078179183
2025-03-08,ATM_006,Urban,12485.680404807681
2025-03-08,ATM_007,Urban,10531.237873086402
2025-03-08,ATM_008,Rural,5906.491419551878
2025-03-08,ATM_009,Rural,5087.424584554088
2025-03-08,ATM_010,Suburban,12108.848553452483
2025-03-08,ATM_011,Rural,6164.187601690058
2025-03-08,ATM_012,Urban,8978.235646330917
2025-03-08,ATM_013,Rural,7685.583544026668
2025-03-08,ATM_014,Suburban,12426.44768625927
2025-03-08,ATM_015,Suburban,8943.346731664695
2025-03-08,ATM_016,Rural,8268.72587968378
2025-03-08,ATM_017,Suburban,5473.489610890599
2025-03-08,ATM_018,Urban,9005.018623449483
2025-03-08,ATM_019,Urban,10802.88249674808
2025-03-08,ATM_020,Rural,6800.198348511322
2025-03-09,ATM_001,Urban,11100.334155658004
2025-03-09,ATM_002,Rural,2783.5843364433313
2025-03-09,ATM_003,Suburban,9893.985214002834
2025-03-09,ATM_004,Suburban,10625.669006214355
2025-03-09,ATM_005,Rural,7851.594145602293
2025-03-09,ATM_006,Urban,14283.542002727578
2025-03-09,ATM_007,Urban,9580.241509485935
2025-03-09,ATM_008,Rural,4050.9661584663118
2025-03-09,ATM_009,Rural,6751.499981474273
2025-03-09,ATM_010,Suburban,9949.406455909962
2025-03-09,ATM_011,Rural,5265.776953807696
2025-03-09,ATM_012,Urban,10158.865511758922
2025-03-09,ATM_013,Rural,5657.506496713147
2025-03-09,ATM_014,Suburban,9438.55775258888
2025-03-09,ATM_015,Suburban,8942.002621769028
2025-03-09,ATM_016,Rural,7084.055239640148
2025-03-09,ATM_017,Suburban,6685.648700865856
2025-03-09,ATM_018,Urban,12687.148857294389
2025-03-09,ATM_019,Urban,12579.993184961379
2025-03-09,ATM_020,Rural,6723.701790356865
2025-03-10,ATM_001,Urban,7653.862437616454
2025-03-10,ATM_002,Rural,4129.1508325200575
2025-03-10,ATM_003,Suburban,8782.968352555736
2025-03-10,ATM_004,Suburban,9559.130386248888
2025-03-10,ATM_005,Rural,5667.441531118014
2025-03-10,ATM_006,Urban,10052.472231446758
2025-03-10,ATM_007,Urban,6214.62922448441
2025-03-10,ATM_008,Rural,4598.927455699488
2025-03-10,ATM_009,Rural,5935.873036364041
2025-03-10,ATM_010,Suburban,7407.797183906071
2025-03-10,ATM_011,Rural,6925.594064528554
2025-03-10,ATM_012,Urban,4817.920927199458
2025-03-10,ATM_013,Rural,3529.9723960141428
2025-03-10,ATM_014,Suburban,9800.765808224014
2025-03-10,ATM_015,Suburban,8979.953443752323
2025-03-10,ATM_016,Rural,6632.866600740901
2025-03-10,ATM_017,Suburban,6868.924675440978
2025-03-10,ATM_018,Urban,7813.6210808225105
2025-03-10,ATM_019,Urban,6475.638842374734
2025-03-10,ATM_020,Rural,4225.442652495372
2025-03-11,ATM_001,Urban,10795.849097584434
2025-03-11,ATM_002,Rural,8676.725065719584
2025-03-11,ATM_003,Suburban,6647.242891731726
2025-03-11,ATM_004,Suburban,6176.749274218989
2025-03-11,ATM_005,Rural,5247.045482849323
2025-03-11,ATM_006,Urban,7692.929133690514
2025-03-11,ATM_007,Urban,7302.0684536489625
2025-03-11,ATM_008,Rural,7055.083765613337
2025-03-11,ATM_009,Rural,5617.852238567709
2025-03-11,ATM_010,Suburban,10598.052864042704
2025-03-11,ATM_011,Rural,5228.7328606830715
2025-03-11,ATM_012,Urban,11155.962250078479
2025-03-11,ATM_013,Rural,4521.235089890255
2025-03-11,ATM_014,Suburban,9330.964517017066
2025-03-11,ATM_015,Suburban,6604.387634907282
2025-03-11,ATM_016,Rural,4304.054048857859
2025-03-11,ATM_017,Suburban,5118.20869244441
2025-03-11,ATM_018,Urban,10338.53360120254
2025-03-11,ATM_019,Urban,7679.434226082954
2025-03-11,ATM_020,Rural,7925.339366145501
2025-03-12,ATM_001,Urban,11405.238482434115
2025-03-12,ATM_002,Rural,5041.89103718073
2025-03-12,ATM_003,Suburban,5935.376710407438
2025-03-12,ATM_004,Suburban,4812.537072569445
2025-03-12,ATM_005,Rural,7708.278779201274
2025-03-12,ATM_006,Urban,9261.23118950679
2025-03-12,ATM_007,Urban,9396.73566237475
2025-03-12,ATM_008,Rural,5678.368165273165
2025-03-12,ATM_009,Rural,3404.9112671997186
2025-03-12,ATM_010,Suburban,6777.922890235105
2025-03-12,ATM_011,Rural,2574.0794118072554
2025-03-12,ATM_012,Urban,11758.14704443949
2025-03-12,ATM_013,Rural,6633.551195935431
2025-03-12,ATM_014,Suburban,7055.257154308878
2025-03-12,ATM_015,Suburban,6689.86909155248
2025-03-12,ATM_016,Rural,2420.0675421953106
2025-03-12,ATM_017,Suburban,5771.965243070485
2025-03-12,ATM_018,Urban,9224.501661613545
2025-03-12,ATM_019,Urban,10818.015967544996
2025-03-12,ATM_020,Rural,7483.960412149777
2025-03-13,ATM_001,Urban,10670.235494519047
2025-03-13,ATM_002,Rural,7279.337491645624
2025-03-13,ATM_003,Suburban,4787.993249717289
2025-03-13,ATM_004,Suburban,7482.755014094043
2025-03-13,ATM_005,Rural,4158.854349522313
2025-03-13,ATM_006,Urban,7888.093519884274
2025-03-13,ATM_007,Urban,12416.182957092318
2025-03-13,ATM_008,Rural,4935.894665854275
2025-03-13,ATM_009,Rural,4001.2925126521786
2025-03-13,ATM_010,Suburban,9627.254360701138
2025-03-13,ATM_011,Rural,5159.270458634906
2025-03-13,ATM_012,Urban,6428.731064930193
2025-03-13,ATM_013,Rural,5600.522533190034
2025-03-13,ATM_014,Suburban,4266.250854774068
2025-03-13,ATM_015,Suburban,8339.411140896522
2025-03-13,ATM_016,Rural,8432.53623205908
2025-03-13,ATM_017,Suburban,9281.56820020273
2025-03-13,ATM_018,Urban,6722.081972687731
2025-03-13,ATM_019,Urban,6616.2976794001215
2025-03-13,ATM_020,Rural,3897.54761355517
2025-03-14,ATM_001,Urban,7703.346985652246
2025-03-14,ATM_002,Rural,5168.134352241267
2025-03-14,ATM_003,Suburban,10307.250085253076
2025-03-14,ATM_004,Suburban,8926.985625901872
2025-03-14,ATM_005,Rural,7218.596555337942
2025-03-14,ATM_006,Urban,7719.00987215922
2025-03-14,ATM_007,Urban,5351.532103377961
2025-03-14,ATM_008,Rural,5217.6036736295355
2025-03-14,ATM_009,Rural,6806.512800852778
2025-03-14,ATM_010,Suburban,8535.942368137476
2025-03-14,ATM_011,Rural,3712.8422558940338
2025-03-14,ATM_012,Urban,8319.197416667424
2025-03-14,ATM_013,Rural,3226.826086867591
2025-03-14,ATM_014,Suburban,7514.77319303538
2025-03-14,ATM_015,Suburban,6713.980411991235
2025-03-14,ATM_016,Rural,4309.307954841925
2025-03-14,ATM_017,Suburban,7447.7940876500315
2025-03-14,ATM_018,Urban,9813.446340430322
2025-03-14,ATM_019,Urban,8691.837939061104
2025-03-14,ATM_020,Rural,7251.867941139459
2025-03-15,ATM_001,Urban,8798.106938183088
2025-03-15,ATM_002,Rural,8302.514905145343
2025-03-15,ATM_003,Suburban,10774.528516196757
2025-03-15,ATM_004,Suburban,10214.508880548903
2025-03-15,ATM_005,Rural,7380.1220472466575
2025-03-15,ATM_006,Urban,12458.14474822691
2025-03-15,ATM_007,Urban,12481.737624893272
2025-03-15,ATM_008,Rural,4135.399010220867
2025-03-15,ATM_009,Rural,6322.423119295842
2025-03-15,ATM_010,Suburban,9067.719124977208
2025-03-15,ATM_011,Rural,8371.313441511471
2025-03-15,ATM_012,Urban,14393.817320879065
2025-03-15,ATM_013,Rural,6714.27619685909
2025-03-15,ATM_014,Suburban,9505.232050182021
2025-03-15,ATM_015,Suburban,7445.875633102879
2025-03-15,ATM_016,Rural,7016.1028657372335
2025-03-15,ATM_017,Suburban,13044.736796722766
2025-03-15,ATM_018,Urban,12958.826955944445
2025-03-15,ATM_019,Urban,12729.493900965415
2025-03-15,ATM_020,Rural,6649.584207974069
2025-03-16,ATM_001,Urban,8769.70471374639
2025-03-16,ATM_002,Rural,7745.227734555733
2025-03-16,ATM_003,Suburban,11601.05010084322
2025-03-16,ATM_004,Suburban,7813.49614877355
2025-03-16,ATM_005,Rural,9615.715607716718
2025-03-16,ATM_006,Urban,13856.28438714804
2025-03-16,ATM_007,Urban,13177.067522842968
2025-03-16,ATM_008,Rural,8154.053886430903
2025-03-16,ATM_009,Rural,5396.56876898088
2025-03-16,ATM_010,Suburban,5613.746391002035
2025-03-16,ATM_011,Rural,8181.612175594143
2025-03-16,ATM_012,Urban,11076.516905832039
2025-03-16,ATM_013,Rural,6405.449074313793
2025-03-16,ATM_014,Suburban,6751.772705776792
2025-03-16,ATM_015,Suburban,10744.296531600865
2025-03-16,ATM_016,Rural,5140.549066349697
2025-03-16,ATM_017,Suburban,7367.5091528488665
2025-03-16,ATM_018,Urban,13282.539640740924
2025-03-16,ATM_019,Urban,8732.6057379916
2025-03-16,ATM_020,Rural,6865.7582343653285
2025-03-17,ATM_001,Urban,12356.848820013265
2025-03-17,ATM_002,Rural,7527.456380041126
2025-03-17,ATM_003,Suburban,6582.608749883021
2025-03-17,ATM_004,Suburban,8515.291301212786
2025-03-17,ATM_005,Rural,5339.971555058862
2025-03-17,ATM_006,Urban,11256.7377174292
2025-03-17,ATM_007,Urban,8685.485445782966
2025-03-17,ATM_008,Rural,6709.912726240731
2025-03-17,ATM_009,Rural,5827.297963719406
2025-03-17,ATM_010,Suburban,5803.286480014443
2025-03-17,ATM_011,Rural,6837.562767676652
2025-03-17,ATM_012,Urban,8491.769881243888
2025-03-17,ATM_013,Rural,3211.0093304608076
2025-03-17,ATM_014,Suburban,5450.107106892349
2025-03-17,ATM_015,Suburban,8032.66658723592
2025-03-17,ATM_016,Rural,4742.598368874434
2025-03-17,ATM_017,Suburban,9221.102999556091
2025-03-17,ATM_018,Urban,9566.40926566404
2025-03-17,ATM_019,Urban,9216.747422329405
2025-03-17,ATM_020,Rural,5267.964362467462
2025-03-18,ATM_001,Urban,11380.09602668819
2025-03-18,ATM_002,Rural,5309.885866749465
2025-03-18,ATM_003,Suburban,4735.240079578048
2025-03-18,ATM_004,Suburban,5316.530476131173
2025-03-18,ATM_005,Rural,4975.0073660025555
2025-03-18,ATM_006,Urban,6670.234514512404
2025-03-18,ATM_007,Urban,7590.335510428328
2025-03-18,ATM_008,Rural,4179.384503335865
2025-03-18,ATM_009,Rural,4150.963164769022
2025-03-18,ATM_010,Suburban,6671.058340003036
2025-03-18,ATM_011,Rural,4685.636964094928
2025-03-18,ATM_012,Urban,8015.568113458963
2025-03-18,ATM_013,Rural,6370.367633790318
2025-03-18,ATM_014,Suburban,8234.649872683143
2025-03-18,ATM_015,Suburban,7953.571041056475
2025-03-18,ATM_016,Rural,5142.851474133092
2025-03-18,ATM_017,Suburban,5453.059646700563
2025-03-18,ATM_018,Urban,8859.519902237991
2025-03-18,ATM_019,Urban,9810.57746088886
2025-03-18,ATM_020,Rural,2181.0486449558193
2025-03-19,ATM_001,Urban,7178.629190657283
2025-03-19,ATM_002,Rural,6980.059679737246
2025-03-19,ATM_003,Suburban,5029.098232217249
2025-03-19,ATM_004,Suburban,8271.741924346501
2025-03-19,ATM_005,Rural,3754.067352800266
2025-03-19,ATM_006,Urban,6278.519753465311
2025-03-19,ATM_007,Urban,11407.923161137403
2025-03-19,ATM_008,Rural,5297.959537801517
2025-03-19,ATM_009,Rural,8004.827777350577
2025-03-19,ATM_010,Suburban,5339.430552577131
2025-03-19,ATM_011,Rural,4744.218504091733
2025-03-19,ATM_012,Urban,10197.621684696396
2025-03-19,ATM_013,Rural,6364.697508602767
2025-03-19,ATM_014,Suburban,5936.536430070437
2025-03-19,ATM_015,Suburban,8866.557801733696
2025-03-19,ATM_016,Rural,4291.579912194731
2025-03-19,ATM_017,Suburban,5565.870680754314
2025-03-19,ATM_018,Urban,8477.941397336825
2025-03-19,ATM_019,Urban,7001.2404236978955
2025-03-19,ATM_020,Rural,6568.789306665907
2025-03-20,ATM_001,Urban,5971.547584691528
2025-03-20,ATM_002,Rural,6709.885623170376
2025-03-20,ATM_003,Suburban,8090.589077769585
2025-03-20,ATM_004,Suburban,4874.7939398402705
2025-03-20,ATM_005,Rural,3872.7730165059265
2025-03-20,ATM_006,Urban,9743.597058545152
2025-03-20,ATM_007,Urban,4883.767141082275
2025-03-20,ATM_008,Rural,8658.74764246281
2025-03-20,ATM_009,Rural,7179.215960420914
2025-03-20,ATM_010,Suburban,6156.362437188081
2025-03-20,ATM_011,Rural,2778.612202198452
2025-03-20,ATM_012,Urban,11394.446562275185
2025-03-20,ATM_013,Rural,7746.786687428912
2025-03-20,ATM_014,Suburban,9375.92736734832
2025-03-20,ATM_015,Suburban,7746.162006903483
2025-03-20,ATM_016,Rural,6294.912800623784
2025-03-20,ATM_017,Suburban,9090.336449722789
2025-03-20,ATM_018,Urban,7565.191552683664
2025-03-20,ATM_019,Urban,6368.899922799845
2025-03-20,ATM_020,Rural,5760.883096492798
2025-03-21,ATM_001,Urban,8651.932443150377
2025-03-21,ATM_002,Rural,7238.970827040819
2025-03-21,ATM_003,Suburban,6167.349750861634
2025-03-21,ATM_004,Suburban,7129.533707471703
2025-03-21,ATM_005,Rural,5833.098862040331
2025-03-21,ATM_006,Urban,6006.153872254885
2025-03-21,ATM_007,Urban,10173.991392738448
2025-03-21,ATM_008,Rural,5658.07020244119
2025-03-21,ATM_009,Rural,3990.491457138019
2025-03-21,ATM_010,Suburban,6065.5818425354955
2025-03-21,ATM_011,Rural,3864.252796472691
2025-03-21,ATM_012,Urban,11713.412265186804
2025-03-21,ATM_013,Rural,6231.119338206107
2025-03-21,ATM_014,Suburban,8693.608024501564
2025-03-21,ATM_015,Suburban,6470.786196920071
2025-03-21,ATM_016,Rural,6833.557197835495
2025-03-21,ATM_017,Suburban,5244.56242597554
2025-03-21,ATM_018,Urban,9336.4645247983
2025-03-21,ATM_019,Urban,8660.944315201967
2025-03-21,ATM_020,Rural,7056.861902651251
2025-03-22,ATM_001,Urban,9988.280173325611
2025-03-22,ATM_002,Rural,8279.324563700053
2025-03-22,ATM_003,Suburban,7124.943239225069
2025-03-22,ATM_004,Suburban,8504.580021791084
2025-03-22,ATM_005,Rural,6152.804390071357
2025-03-22,ATM_006,Urban,13462.60744140304
2025-03-22,ATM_007,Urban,13408.83025483278
2025-03-22,ATM_008,Rural,4089.612619569451
2025-03-22,ATM_009,Rural,8990.386979682067
2025-03-22,ATM_010,Suburban,11481.962402040464
2025-03-22,ATM_011,Rural,6296.157698250793
2025-03-22,ATM_012,Urban,9369.23877962051
2025-03-22,ATM_013,Rural,5570.941491453048
2025-03-22,ATM_014,Suburban,6360.426818214053
2025-03-22,ATM_015,Suburban,10804.236512654341
2025-03-22,ATM_016,Rural,4867.897478037113
2025-03-22,ATM_017,Suburban,8884.23398171701
2025-03-22,ATM_018,Urban,9980.517460126566
2025-03-22,ATM_019,Urban,9873.903451538743
2025-03-22,ATM_020,Rural,7593.394010822469
2025-03-23,ATM_001,Urban,9248.527178077795
2025-03-23,ATM_002,Rural,5164.574541945552
2025-03-23,ATM_003,Suburban,10102.962961883224
2025-03-23,ATM_004,Suburban,11768.356245509052
2025-03-23,ATM_005,Rural,9628.404548188664
2025-03-23,ATM_006,Urban,9644.31915092169
2025-03-23,ATM_007,Urban,12309.940071589204
2025-03-23,ATM_008,Rural,5778.799005132727
2025-03-23,ATM_009,Rural,8831.235112941244
2025-03-23,ATM_010,Suburban,10093.108204055829
2025-03-23,ATM_011,Rural,6758.1143509015565
2025-03-23,ATM_012,Urban,9560.747394548474
2025-03-23,ATM_013,Rural,6295.106979023089
2025-03-23,ATM_014,Suburban,9206.923200822153
2025-03-23,ATM_015,Suburban,10385.893473356386
2025-03-23,ATM_016,Rural,3740.819167598151
2025-03-23,ATM_017,Suburban,9974.515215375013
2025-03-23,ATM_018,Urban,10723.562291449884
2025-03-23,ATM_019,Urban,8822.172507337504
2025-03-23,ATM_020,Rural,4768.998947626817
2025-03-24,ATM_001,Urban,8800.00677395868
2025-03-24,ATM_002,Rural,4472.543513462983
2025-03-24,ATM_003,Suburban,8572.23460029258
2025-03-24,ATM_004,Suburban,10475.802175890143
2025-03-24,ATM_005,Rural,3068.40408779832
2025-03-24,ATM_006,Urban,8976.595034824211
2025-03-24,ATM_007,Urban,7135.743536236631
2025-03-24,ATM_008,Rural,7453.011699949041
2025-03-24,ATM_009,Rural,8404.964411433613
2025-03-24,ATM_010,Suburban,6945.1907274504265
2025-03-24,ATM_011,Rural,6812.884538124297
2025-03-24,ATM_012,Urban,11072.234512318943
2025-03-24,ATM_013,Rural,7300.714076947698
2025-03-24,ATM_014,Suburban,8971.105175858414
2025-03-24,ATM_015,Suburban,7841.651098956107
2025-03-24,ATM_016,Rural,3351.565385097713
2025-03-24,ATM_017,Suburban,6490.181676073044
2025-03-24,ATM_018,Urban,9073.858108736253
2025-03-24,ATM_019,Urban,8924.137117512337
2025-03-24,ATM_020,Rural,7851.409372712632
2025-03-25,ATM_001,Urban,7548.55045605595
2025-03-25,ATM_002,Rural,5917.676001404575
2025-03-25,ATM_003,Suburban,9444.088893283028
2025-03-25,ATM_004,Suburban,6025.406121941139
2025-03-25,ATM_005,Rural,6890.184925371283
2025-03-25,ATM_006,Urban,7758.608472200458
2025-03-25,ATM_007,Urban,9185.294346872482
2025-03-25,ATM_008,Rural,7738.8745402220775
2025-03-25,ATM_009,Rural,5267.689220975862
2025-03-25,ATM_010,Suburban,7875.925339466924
2025-03-25,ATM_011,Rural,3991.5225824284753
2025-03-25,ATM_012,Urban,8309.886963975394
2025-03-25,ATM_013,Rural,6020.147129772389
2025-03-25,ATM_014,Suburban,5827.170261989125
2025-03-25,ATM_015,Suburban,6859.06460569804
2025-03-25,ATM_016,Rural,3952.3633527556576
2025-03-25,ATM_017,Suburban,9218.361688113457
2025-03-25,ATM_018,Urban,6688.730513465942
2025-03-25,ATM_019,Urban,12539.918030162946
2025-03-25,ATM_020,Rural,3283.2777698321793
2025-03-26,ATM_001,Urban,6842.777985047121
2025-03-26,ATM_002,Rural,6054.795539418451
2025-03-26,ATM_003,Suburban,8359.11435986776
2025-03-26,ATM_004,Suburban,7753.630148180534
2025-03-26,ATM_005,Rural,6999.165744716938
2025-03-26,ATM_006,Urban,12312.662650967217
2025-03-26,ATM_007,Urban,9242.93611180915
2025-03-26,ATM_008,Rural,4890.765400839842
2025-03-26,ATM_009,Rural,5622.7188982178295
2025-03-26,ATM_010,Suburban,3911.727947820979
2025-03-26,ATM_011,Rural,4448.542770043849
2025-03-26,ATM_012,Urban,7863.342785097559
2025-03-26,ATM_013,Rural,3323.173369286077
2025-03-26,ATM_014,Suburban,9634.794948148212
2025-03-26,ATM_015,Suburban,8759.995519273669
2025-03-26,ATM_016,Rural,4974.712725450518
2025-03-26,ATM_017,Suburban,8513.56654408258
2025-03-26,ATM_018,Urban,8202.076484900284
2025-03-26,ATM_019,Urban,7997.650514995219
2025-03-26,ATM_020,Rural,6919.949854595823
2025-03-27,ATM_001,Urban,8013.622277600656
2025-03-27,ATM_002,Rural,5256.806176241424
2025-03-27,ATM_003,Suburban,6117.944201301519
2025-03-27,ATM_004,Suburban,7288.362670251313
2025-03-27,ATM_005,Rural,8200.29073786609
2025-03-27,ATM_006,Urban,9397.924264497096
2025-03-27,ATM_007,Urban,9414.253085313645
2025-03-27,ATM_008,Rural,7295.212117536742
2025-03-27,ATM_009,Rural,5290.048896957347
2025-03-27,ATM_010,Suburban,6721.277471936622
2025-03-27,ATM_011,Rural,3452.552383003045
2025-03-27,ATM_012,Urban,9920.473061213354
2025-03-27,ATM_013,Rural,6619.022344592941
2025-03-27,ATM_014,Suburban,6571.239390048149
2025-03-27,ATM_015,Suburban,4458.406446823758
2025-03-27,ATM_016,Rural,6736.748140612359
2025-03-27,ATM_017,Suburban,8318.496444410339
2025-03-27,ATM_018,Urban,7245.466533150039
2025-03-27,ATM_019,Urban,10227.347621541669
2025-03-27,ATM_020,Rural,3838.9606735142434
2025-03-28,ATM_001,Urban,7694.980966301881
2025-03-28,ATM_002,Rural,6714.169633441678
2025-03-28,ATM_003,Suburban,9102.990124163784
2025-03-28,ATM_004,Suburban,5161.268557287364
2025-03-28,ATM_005,Rural,4073.688051106854
2025-03-28,ATM_006,Urban,11793.04059444022
2025-03-28,ATM_007,Urban,10460.434415969412
2025-03-28,ATM_008,Rural,7017.013014314436
2025-03-28,ATM_009,Rural,4364.73201927955
2025-03-28,ATM_010,Suburban,7780.72851856286
2025-03-28,ATM_011,Rural,7812.069989783582
2025-03-28,ATM_012,Urban,10980.686999990132
2025-03-28,ATM_013,Rural,5021.8377952629935
2025-03-28,ATM_014,Suburban,7210.826816676798
2025-03-28,ATM_015,Suburban,6254.411667679404
2025-03-28,ATM_016,Rural,4839.09700754557
2025-03-28,ATM_017,Suburban,10104.533254209373
2025-03-28,ATM_018,Urban,6303.948751709566
2025-03-28,ATM_019,Urban,11051.945564815276
2025-03-28,ATM_020,Rural,3283.5359871568257
2025-03-29,ATM_001,Urban,11338.830545053956
2025-03-29,ATM_002,Rural,6046.985086159221
2025-03-29,ATM_003,Suburban,9115.706462337219
2025-03-29,ATM_004,Suburban,11445.114818540138
2025-03-29,ATM_005,Rural,5141.904042119483
2025-03-29,ATM_006,Urban,11722.984841399722
2025-03-29,ATM_007,Urban,8852.849959335657
2025-03-29,ATM_008,Rural,9034.232961620497
2025-03-29,ATM_009,Rural,3765.248519059083
2025-03-29,ATM_010,Suburban,7370.431847420477
2025-03-29,ATM_011,Rural,7847.145387491887
2025-03-29,ATM_012,Urban,10338.651376047204
2025-03-29,ATM_013,Rural,5179.326107612847
2025-03-29,ATM_014,Suburban,8159.81360391296
2025-03-29,ATM_015,Suburban,10673.05354152838
2025-03-29,ATM_016,Rural,4705.569034595162
2025-03-29,ATM_017,Suburban,11247.037513043937
2025-03-29,ATM_018,Urban,8659.821761407355
2025-03-29,ATM_019,Urban,12796.251710177965
2025-03-29,ATM_020,Rural,10161.513195856398
2025-03-30,ATM_001,Urban,10155.053637280264
2025-03-30,ATM_002,Rural,6037.656432264627
2025-03-30,ATM_003,Suburban,10940.949786965775
2025-03-30,ATM_004,Suburban,11691.114425587175
2025-03-30,ATM_005,Rural,4193.260084020639
2025-03-30,ATM_006,Urban,11877.029230912442
2025-03-30,ATM_007,Urban,9691.631526458586
2025-03-30,ATM_008,Rural,8488.776547060203
2025-03-30,ATM_009,Rural,8639.501073801326
2025-03-30,ATM_010,Suburban,10786.282889641818
2025-03-30,ATM_011,Rural,4903.911188853988
2025-03-30,ATM_012,Urban,10740.905901225378
2025-03-30,ATM_013,Rural,7030.629694115976
2025-03-30,ATM_014,Suburban,8481.348447223321
2025-03-30,ATM_015,Suburban,7177.184333993622
2025-03-30,ATM_016,Rural,7487.464534810034
2025-03-30,ATM_017,Suburban,9935.927716056754
2025-03-30,ATM_018,Urban,8545.628898702773
2025-03-30,ATM_019,Urban,10888.945592466778
2025-03-30,ATM_020,Rural,9505.373882443098
2025-03-31,ATM_001,Urban,12832.252064107945
2025-03-31,ATM_002,Rural,9306.982776135143
2025-03-31,ATM_003,Suburban,11213.91224870083
2025-03-31,ATM_004,Suburban,7173.925379704797
2025-03-31,ATM_005,Rural,9170.264126032122
2025-03-31,ATM_006,Urban,13361.598505341282
2025-03-31,ATM_007,Urban,10137.462813097558
2025-03-31,ATM_008,Rural,5845.944510099408
2025-03-31,ATM_009,Rural,7599.721734038716
2025-03-31,ATM_010,Suburban,7868.139919192092
2025-03-31,ATM_011,Rural,5446.970200313536
2025-03-31,ATM_012,Urban,12090.901172953914
2025-03-31,ATM_013,Rural,9906.547480986035
2025-03-31,ATM_014,Suburban,8345.572437401668
2025-03-31,ATM_015,Suburban,7847.610740124002
2025-03-31,ATM_016,Rural,10047.402935574886
2025-03-31,ATM_017,Suburban,11170.30208330284
2025-03-31,ATM_018,Urban,15092.851672948564
2025-03-31,ATM_019,Urban,10724.981737126429
2025-03-31,ATM_020,Rural,8802.475126095562
2025-04-01,ATM_001,Urban,11560.762832682887
2025-04-01,ATM_002,Rural,7259.009890517239
2025-04-01,ATM_003,Suburban,9285.55973261801
2025-04-01,ATM_004,Suburban,7720.5741622522955
2025-04-01,ATM_005,Rural,4169.096325602402
2025-04-01,ATM_006,Urban,9846.357127087673
2025-04-01,ATM_007,Urban,9699.96987343581
2025-04-01,ATM_008,Rural,5927.229584753388
2025-04-01,ATM_009,Rural,6244.204269755012
2025-04-01,ATM_010,Suburban,5581.62829014652
2025-04-01,ATM_011,Rural,2467.0831646389965
2025-04-01,ATM_012,Urban,12122.799841860831
2025-04-01,ATM_013,Rural,6084.7135373084975
2025-04-01,ATM_014,Suburban,6423.1227790781595
2025-04-01,ATM_015,Suburban,6685.960806090435
2025-04-01,ATM_016,Rural,7113.079988711028
2025-04-01,ATM_017,Suburban,8466.961274336289
2025-04-01,ATM_018,Urban,7173.2768808913115
2025-04-01,ATM_019,Urban,8013.004382055999
2025-04-01,ATM_020,Rural,4108.532347377178
2025-04-02,ATM_001,Urban,7726.929011888085
2025-04-02,ATM_002,Rural,5294.985514917549
2025-04-02,ATM_003,Suburban,8230.49575903132
2025-04-02,ATM_004,Suburban,10498.78652239711
2025-04-02,ATM_005,Rural,5366.473295158315
2025-04-02,ATM_006,Urban,10743.500444553507
2025-04-02,ATM_007,Urban,11674.39209458532
2025-04-02,ATM_008,Rural,4950.53189374218
2025-04-02,ATM_009,Rural,4710.87118299898
2025-04-02,ATM_010,Suburban,11800.723256248059
2025-04-02,ATM_011,Rural,7395.532856835458
2025-04-02,ATM_012,Urban,8407.667600248751
2025-04-02,ATM_013,Rural,6458.777820172376
2025-04-02,ATM_014,Suburban,8798.156422067268
2025-04-02,ATM_015,Suburban,7007.306391901929
2025-04-02,ATM_016,Rural,4448.235882416198
2025-04-02,ATM_017,Suburban,8167.664845773118
2025-04-02,ATM_018,Urban,6171.953214785956
2025-04-02,ATM_019,Urban,7154.681782879984
2025-04-02,ATM_020,Rural,4762.3310381656
2025-04-03,ATM_001,Urban,5220.293119080612
2025-04-03,ATM_002,Rural,6994.834950021771
2025-04-03,ATM_003,Suburban,8422.173562181142
2025-04-03,ATM_004,Suburban,7264.902689676401
2025-04-03,ATM_005,Rural,7466.257958700505
2025-04-03,ATM_006,Urban,9198.63951331616
2025-04-03,ATM_007,Urban,6966.820313789238
2025-04-03,ATM_008,Rural,5400.811735583219
2025-04-03,ATM_009,Rural,2969.777796854582
2025-04-03,ATM_010,Suburban,8222.403925770821
2025-04-03,ATM_011,Rural,4504.648567438487
2025-04-03,ATM_012,Urban,13440.244254274614
2025-04-03,ATM_013,Rural,3560.79165194598
2025-04-03,ATM_014,Suburban,7189.936480571604
2025-04-03,ATM_015,Suburban,7630.911586919829
2025-04-03,ATM_016,Rural,5870.767410929619
2025-04-03,ATM_017,Suburban,8239.663368764655
2025-04-03,ATM_018,Urban,11031.164260740581
2025-04-03,ATM_019,Urban,9861.240781604005
2025-04-03,ATM_020,Rural,3807.4922835835564
2025-04-04,ATM_001,Urban,10232.948041338128
2025-04-04,ATM_002,Rural,3611.958345287468
2025-04-04,ATM_003,Suburban,10188.65477172463
2025-04-04,ATM_004,Suburban,8583.865032710803
2025-04-04,ATM_005,Rural,3822.3177074329556
2025-04-04,ATM_006,Urban,7008.612704847474
2025-04-04,ATM_007,Urban,9521.36746850728
2025-04-04,ATM_008,Rural,5834.371944558187
2025-04-04,ATM_009,Rural,1963.029050204929
2025-04-04,ATM_010,Suburban,6797.016609674071
2025-04-04,ATM_011,Rural,6399.075106573416
2025-04-04,ATM_012,Urban,5307.457235342004
2025-04-04,ATM_013,Rural,5049.124568737103
2025-04-04,ATM_014,Suburban,5514.812584153691
2025-04-04,ATM_015,Suburban,9333.17754771258
2025-04-04,ATM_016,Rural,8232.789192503433
2025-04-04,ATM_017,Suburban,8595.485924970038
2025-04-04,ATM_018,Urban,9305.456562660182
2025-04-04,ATM_019,Urban,8643.804785347746
2025-04-04,ATM_020,Rural,7193.138455565928
2025-04-05,ATM_001,Urban,10302.905289917202
2025-04-05,ATM_002,Rural,7481.944909400157
2025-04-05,ATM_003,Suburban,11287.368924534889
2025-04-05,ATM_004,Suburban,7672.710256459937
2025-04-05,ATM_005,Rural,6005.903489412731
2025-04-05,ATM_006,Urban,9689.86607261172
2025-04-05,ATM_007,Urban,13940.396802359059
2025-04-05,ATM_008,Rural,7348.311798429856
2025-04-05,ATM_009,Rural,3092.3259709227195
2025-04-05,ATM_010,Suburban,10822.292392849218
2025-04-05,ATM_011,Rural,6539.7173575415
2025-04-05,ATM_012,Urban,8577.94807189066
2025-04-05,ATM_013,Rural,6785.884167785494
2025-04-05,ATM_014,Suburban,7187.270949203829
2025-04-05,ATM_015,Suburban,9994.672352581678
2025-04-05,ATM_016,Rural,4730.916891822793
2025-04-05,ATM_017,Suburban,12139.07135783413
2025-04-05,ATM_018,Urban,9538.073031096692
2025-04-05,ATM_019,Urban,13938.473574073674
2025-04-05,ATM_020,Rural,7279.955679020547
2025-04-06,ATM_001,Urban,9002.738646779504
2025-04-06,ATM_002,Rural,7407.498300489799
2025-04-06,ATM_003,Suburban,10509.19236035912
2025-04-06,ATM_004,Suburban,8681.154645842806
2025-04-06,ATM_005,Rural,6569.925352464763
2025-04-06,ATM_006,Urban,9819.858289497277
2025-04-06,ATM_007,Urban,9337.473037449763
2025-04-06,ATM_008,Rural,6211.4109169176845
2025-04-06,ATM_009,Rural,5258.69780870854
2025-04-06,ATM_010,Suburban,11988.797368943568
2025-04-06,ATM_011,Rural,9031.366445468617
2025-04-06,ATM_012,Urban,10708.827476756302
2025-04-06,ATM_013,Rural,8311.746512006253
2025-04-06,ATM_014,Suburban,12071.244681654805
2025-04-06,ATM_015,Suburban,7621.951768115203
2025-04-06,ATM_016,Rural,8514.65526730616
2025-04-06,ATM_017,Suburban,5318.677544034348
2025-04-06,ATM_018,Urban,9791.788961794548
2025-04-06,ATM_019,Urban,14661.868705214427
2025-04-06,ATM_020,Rural,6720.6871482325905
2025-04-07,ATM_001,Urban,10200.275484910553
2025-04-07,ATM_002,Rural,7000.407546557279
2025-04-07,ATM_003,Suburban,6092.40190018639
2025-04-07,ATM_004,Suburban,4275.286823610884
2025-04-07,ATM_005,Rural,5889.6644638760545
2025-04-07,ATM_006,Urban,11523.298844559384
2025-04-07,ATM_007,Urban,9781.940975981059
2025-04-07,ATM_008,Rural,5413.05353138576
2025-04-07,ATM_009,Rural,4272.973147811879
2025-04-07,ATM_010,Suburban,7041.325173108872
2025-04-07,ATM_011,Rural,2741.9264995410117
2025-04-07,ATM_012,Urban,6101.760118159163
2025-04-07,ATM_013,Rural,6990.706740788228
2025-04-07,ATM_014,Suburban,4542.155851795744
2025-04-07,ATM_015,Suburban,6210.231615200128
2025-04-07,ATM_016,Rural,5489.08269001212
2025-04-07,ATM_017,Suburban,4829.789376855312
2025-04-07,ATM_018,Urban,8684.525901847826
2025-04-07,ATM_019,Urban,11203.634361745992
2025-04-07,ATM_020,Rural,4734.677220358248
2025-04-08,ATM_001,Urban,6280.779392108289
2025-04-08,ATM_002,Rural,5197.907209829196
2025-04-08,ATM_003,Suburban,6726.323029789965
2025-04-08,ATM_004,Suburban,9958.402819719066
2025-04-08,ATM_005,Rural,7443.047614454521
2025-04-08,ATM_006,Urban,9018.715266651905
2025-04-08,ATM_007,Urban,8698.229320150702
2025-04-08,ATM_008,Rural,4202.441257160047
2025-04-08,ATM_009,Rural,3569.5205708896456
2025-04-08,ATM_010,Suburban,9011.619230295257
2025-04-08,ATM_011,Rural,6614.263950481224
2025-04-08,ATM_012,Urban,8837.703027734551
2025-04-08,ATM_013,Rural,6109.455508148828
2025-04-08,ATM_014,Suburban,8037.484440549223
2025-04-08,ATM_015,Suburban,7728.451066897805
2025-04-08,ATM_016,Rural,4535.241814635712
2025-04-08,ATM_017,Suburban,6563.369740571229
2025-04-08,ATM_018,Urban,9611.34876415916
2025-04-08,ATM_019,Urban,8845.412692081321
2025-04-08,ATM_020,Rural,6280.399950503336
2025-04-09,ATM_001,Urban,10122.581144108159
2025-04-09,ATM_002,Rural,5820.475711782116
2025-04-09,ATM_003,Suburban,10340.910582296818
2025-04-09,ATM_004,Suburban,8530.404008361154
2025-04-09,ATM_005,Rural,2440.12652214249
2025-04-09,ATM_006,Urban,10572.822491273582
2025-04-09,ATM_007,Urban,7359.167976255969
2025-04-09,ATM_008,Rural,6707.794371511938
2025-04-09,ATM_009,Rural,4742.780070865919
2025-04-09,ATM_010,Suburban,6695.197091184601
2025-04-09,ATM_011,Rural,6408.497346459644
2025-04-09,ATM_012,Urban,11895.488077424545
2025-04-09,ATM_013,Rural,3534.3105853345833
2025-04-09,ATM_014,Suburban,7689.000547704151
2025-04-09,ATM_015,Suburban,6002.941086624642
2025-04-09,ATM_016,Rural,8267.403943497486
2025-04-09,ATM_017,Suburban,10452.071971181686
2025-04-09,ATM_018,Urban,10769.731150404152
2025-04-09,ATM_019,Urban,6249.851842708773
2025-04-09,ATM_020,Rural,5648.969478949481
2025-04-10,ATM_001,Urban,7333.429460583902
2025-04-10,ATM_002,Rural,7313.300567414902
2025-04-10,ATM_003,Suburban,4720.763158269064
2025-04-10,ATM_004,Suburban,5230.737206248112
2025-04-10,ATM_005,Rural,6049.247189464923
2025-04-10,ATM_006,Urban,11840.869570252271
2025-04-10,ATM_007,Urban,10781.986625770847
2025-04-10,ATM_008,Rural,6167.17337434512
2025-04-10,ATM_009,Rural,5884.802877223539
2025-04-10,ATM_010,Suburban,6500.28184508157
2025-04-10,ATM_011,Rural,4135.186305067521
2025-04-10,ATM_012,Urban,11683.449079680253
2025-04-10,ATM_013,Rural,7084.12067206946
2025-04-10,ATM_014,Suburban,8084.013821733823
2025-04-10,ATM_015,Suburban,5167.7506167377205
2025-04-10,ATM_016,Rural,4187.860205029167
2025-04-10,ATM_017,Suburban,9962.578412071744
2025-04-10,ATM_018,Urban,9488.113788532746
2025-04-10,ATM_019,Urban,9520.889201311627
2025-04-10,ATM_020,Rural,5420.793578652576
2025-04-11,ATM_001,Urban,11564.553471644269
2025-04-11,ATM_002,Rural,3076.3705267735954
2025-04-11,ATM_003,Suburban,9412.092538654357
2025-04-11,ATM_004,Suburban,5524.256457319534
2025-04-11,ATM_005,Rural,5632.182845534011
2025-04-11,ATM_006,Urban,10316.571798350022
2025-04-11,ATM_007,Urban,11345.284107385352
2025-04-11,ATM_008,Rural,6980.966471073226
2025-04-11,ATM_009,Rural,6970.689005352583
2025-04-11,ATM_010,Suburban,5587.192855999651
2025-04-11,ATM_011,Rural,3438.0900843339505
2025-04-11,ATM_012,Urban,11578.397256265413
2025-04-11,ATM_013,Rural,4297.059157236593
2025-04-11,ATM_014,Suburban,7105.78355515244
2025-04-11,ATM_015,Suburban,8827.445499532569
2025-04-11,ATM_016,Rural,3192.033869376923
2025-04-11,ATM_017,Suburban,6936.126792442476
2025-04-11,ATM_018,Urban,12395.716089406797
2025-04-11,ATM_019,Urban,11067.08241313369
2025-04-11,ATM_020,Rural,4973.004299627012
2025-04-12,ATM_001,Urban,13338.092641256717
2025-04-12,ATM_002,Rural,3882.5837789799307
2025-04-12,ATM_003,Suburban,11303.095719568075
2025-04-12,ATM_004,Suburban,10919.825069178103
2025-04-12,ATM_005,Rural,6063.944282383608
2025-04-12,ATM_006,Urban,11475.804715101054
2025-04-12,ATM_007,Urban,12454.608246846381
2025-04-12,ATM_008,Rural,8185.843974719743
2025-04-12,ATM_009,Rural,8710.120534374268
2025-04-12,ATM_010,Suburban,6988.049876033253
2025-04-12,ATM_011,Rural,7288.376075593513
2025-04-12,ATM_012,Urban,7628.16432095742
2025-04-12,ATM_013,Rural,7864.228508666756
2025-04-12,ATM_014,Suburban,9690.919001740414
2025-04-12,ATM_015,Suburban,6155.291336185244
2025-04-12,ATM_016,Rural,5992.40636529569
2025-04-12,ATM_017,Suburban,11258.994657974543
2025-04-12,ATM_018,Urban,6712.685940751226
2025-04-12,ATM_019,Urban,10968.282630854032
2025-04-12,ATM_020,Rural,9162.109028589257
2025-04-13,ATM_001,Urban,12512.869277127227
2025-04-13,ATM_002,Rural,7187.581923291806
2025-04-13,ATM_003,Suburban,6363.5564003014715
2025-04-13,ATM_004,Suburban,10252.531965328273
2025-04-13,ATM_005,Rural,4797.6953598938435
2025-04-13,ATM_006,Urban,9706.955017217817
2025-04-13,ATM_007,Urban,12988.8068407434
2025-04-13,ATM_008,Rural,3942.856464154851
2025-04-13,ATM_009,Rural,4177.274694218863
2025-04-13,ATM_010,Suburban,9169.435542971047
2025-04-13,ATM_011,Rural,8565.2904887337
2025-04-13,ATM_012,Urban,10301.984017955494
2025-04-13,ATM_013,Rural,4837.850751932291
2025-04-13,ATM_014,Suburban,5619.737487702226
2025-04-13,ATM_015,Suburban,10189.629158209205
2025-04-13,ATM_016,Rural,4137.803900770121
2025-04-13,ATM_017,Suburban,8825.930792313464
2025-04-13,ATM_018,Urban,15209.607019290253
2025-04-13,ATM_019,Urban,10731.6452274252
2025-04-13,ATM_020,Rural,4189.679019677
2025-04-14,ATM_001,Urban,10996.432316472725
2025-04-14,ATM_002,Rural,5501.524874974643
2025-04-14,ATM_003,Suburban,6130.084178229414
2025-04-14,ATM_004,Suburban,7580.836538675939
2025-04-14,ATM_005,Rural,6571.619842757593
2025-04-14,ATM_006,Urban,9366.573538544322
2025-04-14,ATM_007,Urban,9487.738168126232
2025-04-14,ATM_008,Rural,7025.408402965055
2025-04-14,ATM_009,Rural,5836.5823756342525
2025-04-14,ATM_010,Suburban,9307.618884650627
2025-04-14,ATM_011,Rural,7526.175393715488
2025-04-14,ATM_012,Urban,11487.138094494194
2025-04-14,ATM_013,Rural,4030.0456106277366
2025-04-14,ATM_014,Suburban,6203.353227815739
2025-04-14,ATM_015,Suburban,9084.772305363693
2025-04-14,ATM_016,Rural,4160.997048784843
2025-04-14,ATM_017,Suburban,8798.345526620615
2025-04-14,ATM_018,Urban,9714.830510809656
2025-04-14,ATM_019,Urban,8838.582838367318
2025-04-14,ATM_020,Rural,3836.3414718814233
2025-04-15,ATM_001,Urban,9602.165941416046
2025-04-15,ATM_002,Rural,7579.940307783035
2025-04-15,ATM_003,Suburban,6475.713295356927
2025-04-15,ATM_004,Suburban,8194.905681879502
2025-04-15,ATM_005,Rural,5897.3275294972345
2025-04-15,ATM_006,Urban,8641.869900407542
2025-04-15,ATM_007,Urban,5227.042065152165
2025-04-15,ATM_008,Rural,5159.657418560558
2025-04-15,ATM_009,Rural,7887.243090749693
2025-04-15,ATM_010,Suburban,7715.322599019708
2025-04-15,ATM_011,Rural,7247.1899660050985
2025-04-15,ATM_012,Urban,8348.659443281183
2025-04-15,ATM_013,Rural,8357.142610366966
2025-04-15,ATM_014,Suburban,5483.484256529087
2025-04-15,ATM_015,Suburban,5919.4594877008
2025-04-15,ATM_016,Rural,4355.822892727934
2025-04-15,ATM_017,Suburban,5647.845547510742
2025-04-15,ATM_018,Urban,11222.307418257396
2025-04-15,ATM_019,Urban,6766.242983461451
2025-04-15,ATM_020,Rural,3237.9124368298762
2025-04-16,ATM_001,Urban,9221.598277173247
2025-04-16,ATM_002,Rural,5765.114120452667
2025-04-16,ATM_003,Suburban,7452.554460612218
2025-04-16,ATM_004,Suburban,7236.561683414734
2025-04-16,ATM_005,Rural,3672.9638594764506
2025-04-16,ATM_006,Urban,7679.480496335477
2025-04-16,ATM_007,Urban,6827.606961591151
2025-04-16,ATM_008,Rural,7902.644456959584
2025-04-16,ATM_009,Rural,3595.742004862575
2025-04-16,ATM_010,Suburban,4213.97919027021
2025-04-16,ATM_011,Rural,3310.556394146012
2025-04-16,ATM_012,Urban,10263.904946721435
2025-04-16,ATM_013,Rural,4812.792953335642
2025-04-16,ATM_014,Suburban,6480.521022908636
2025-04-16,ATM_015,Suburban,4754.568409629439
2025-04-16,ATM_016,Rural,2909.8494883759986
2025-04-16,ATM_017,Suburban,7037.300656438203
2025-04-16,ATM_018,Urban,11589.440404006978
2025-04-16,ATM_019,Urban,11462.968830463473
2025-04-16,ATM_020,Rural,7600.065181781486
2025-04-17,ATM_001,Urban,11905.631041324297
2025-04-17,ATM_002,Rural,3199.1740386252673
2025-04-17,ATM_003,Suburban,4823.111804420657
2025-04-17,ATM_004,Suburban,7895.8670719775155
2025-04-17,ATM_005,Rural,3617.348413968538
2025-04-17,ATM_006,Urban,6115.370099693958
2025-04-17,ATM_007,Urban,8557.846812580345
2025-04-17,ATM_008,Rural,7583.325108081546
2025-04-17,ATM_009,Rural,6384.440237637575
2025-04-17,ATM_010,Suburban,6076.65317312636
2025-04-17,ATM_011,Rural,5529.168744422721
2025-04-17,ATM_012,Urban,11057.218701603013
2025-04-17,ATM_013,Rural,6162.10412082663
2025-04-17,ATM_014,Suburban,7463.388315375325
2025-04-17,ATM_015,Suburban,8120.503063891508
2025-04-17,ATM_016,Rural,2676.6157474874017
2025-04-17,ATM_017,Suburban,8732.411340756616
2025-04-17,ATM_018,Urban,6272.096887152819
2025-04-17,ATM_019,Urban,7417.175599430906
2025-04-17,ATM_020,Rural,6740.017488829439
2025-04-18,ATM_001,Urban,11727.350384953463
2025-04-18,ATM_002,Rural,5518.920184251765
2025-04-18,ATM_003,Suburban,8611.865846354043
2025-04-18,ATM_004,Suburban,7373.042482942484
2025-04-18,ATM_005,Rural,5516.718586647339
2025-04-18,ATM_006,Urban,8025.8622089536975
2025-04-18,ATM_007,Urban,8554.714750645218
2025-04-18,ATM_008,Rural,5615.528886354319
2025-04-18,ATM_009,Rural,5272.713113502366
2025-04-18,ATM_010,Suburban,5312.281787418025
2025-04-18,ATM_011,Rural,5262.742069290305
2025-04-18,ATM_012,Urban,8922.103977266208
2025-04-18,ATM_013,Rural,5768.382362743645
2025-04-18,ATM_014,Suburban,7777.871398391152
2025-04-18,ATM_015,Suburban,8686.862926664782
2025-04-18,ATM_016,Rural,2831.728032503841
2025-04-18,ATM_017,Suburban,8652.258763789458
2025-04-18,ATM_018,Urban,10243.365696896819
2025-04-18,ATM_019,Urban,10216.466042920545
2025-04-18,ATM_020,Rural,5096.069808231571
2025-04-19,ATM_001,Urban,11548.718860327632
2025-04-19,ATM_002,Rural,6369.011618880619
2025-04-19,ATM_003,Suburban,8441.4375314587
2025-04-19,ATM_004,Suburban,7918.840671646659
2025-04-19,ATM_005,Rural,4421.584940901433
2025-04-19,ATM_006,Urban,13797.148594768345
2025-04-19,ATM_007,Urban,10043.788905734027
2025-04-19,ATM_008,Rural,4890.7055393188675
2025-04-19,ATM_009,Rural,6739.241853568941
2025-04-19,ATM_010,Suburban,9068.251644462818
2025-04-19,ATM_011,Rural,9077.145547091623
2025-04-19,ATM_012,Urban,13418.18541281451
2025-04-19,ATM_013,Rural,3731.9381375482953
2025-04-19,ATM_014,Suburban,12406.274660753123
2025-04-19,ATM_015,Suburban,8493.613998107316
2025-04-19,ATM_016,Rural,4326.452483468759
2025-04-19,ATM_017,Suburban,9739.379893119496
2025-04-19,ATM_018,Urban,10498.33159217158
2025-04-19,ATM_019,Urban,12351.752880854488
2025-04-19,ATM_020,Rural,3545.592283538981
2025-04-20,ATM_001,Urban,10339.141857841136
2025-04-20,ATM_002,Rural,4461.669042325166
2025-04-20,ATM_003,Suburban,6072.260164945701
2025-04-20,ATM_004,Suburban,10617.013966475635
2025-04-20,ATM_005,Rural,7855.804714364691
2025-04-20,ATM_006,Urban,10307.978752123563
2025-04-20,ATM_007,Urban,9508.56062191843
2025-04-20,ATM_008,Rural,8939.893751194655
2025-04-20,ATM_009,Rural,8382.874992516516
2025-04-20,ATM_010,Suburban,6797.9846064456215
2025-04-20,ATM_011,Rural,4490.429820398517
2025-04-20,ATM_012,Urban,9308.590629347831
2025-04-20,ATM_013,Rural,6530.291783243082
2025-04-20,ATM_014,Suburban,10708.978573643144
2025-04-20,ATM_015,Suburban,11380.696530764186
2025-04-20,ATM_016,Rural,6905.221345686117
2025-04-20,ATM_017,Suburban,6058.904547390539
2025-04-20,ATM_018,Urban,9455.707970762145
2025-04-20,ATM_019,Urban,8327.657849890345
2025-04-20,ATM_020,Rural,5152.643535320015
2025-04-21,ATM_001,Urban,8318.173981145737
2025-04-21,ATM_002,Rural,4785.623036422559
2025-04-21,ATM_003,Suburban,10949.695603099213
2025-04-21,ATM_004,Suburban,5704.547481080366
2025-04-21,ATM_005,Rural,5446.157774217337
2025-04-21,ATM_006,Urban,7590.985169263119
2025-04-21,ATM_007,Urban,8635.60839593429
2025-04-21,ATM_008,Rural,3826.8881975988297
2025-04-21,ATM_009,Rural,8230.409759844311
2025-04-21,ATM_010,Suburban,6020.761141551403
2025-04-21,ATM_011,Rural,7378.848882777029
2025-04-21,ATM_012,Urban,10163.103360049288
2025-04-21,ATM_013,Rural,8795.24388850365
2025-04-21,ATM_014,Suburban,7625.469852533306
2025-04-21,ATM_015,Suburban,5364.120182431483
2025-04-21,ATM_016,Rural,7944.268311097972
2025-04-21,ATM_017,Suburban,6347.177042055258
2025-04-21,ATM_018,Urban,7430.078982352672
2025-04-21,ATM_019,Urban,9921.161900576182
2025-04-21,ATM_020,Rural,6358.810873721995
2025-04-22,ATM_001,Urban,9395.473404761018
2025-04-22,ATM_002,Rural,5780.86130577849
2025-04-22,ATM_003,Suburban,7627.644796144234
2025-04-22,ATM_004,Suburban,7859.772624558673
2025-04-22,ATM_005,Rural,3579.162874482657
2025-04-22,ATM_006,Urban,9321.308981081233
2025-04-22,ATM_007,Urban,5484.6178497898445
2025-04-22,ATM_008,Rural,6956.506970308309
2025-04-22,ATM_009,Rural,5013.999224244559
2025-04-22,ATM_010,Suburban,7856.514135308725
2025-04-22,ATM_011,Rural,8478.349454634184
2025-04-22,ATM_012,Urban,11217.69686642415
2025-04-22,ATM_013,Rural,5164.238825053066
2025-04-22,ATM_014,Suburban,9375.209558919225
2025-04-22,ATM_015,Suburban,9393.626593417575
2025-04-22,ATM_016,Rural,4562.326872483454
2025-04-22,ATM_017,Suburban,9543.676389520237
2025-04-22,ATM_018,Urban,8698.895598844714
2025-04-22,ATM_019,Urban,6163.673454316872
2025-04-22,ATM_020,Rural,4137.6389911108145
2025-04-23,ATM_001,Urban,9970.141409972908
2025-04-23,ATM_002,Rural,6953.424181701655
2025-04-23,ATM_003,Suburban,6990.96658386854
2025-04-23,ATM_004,Suburban,8722.929121368148
2025-04-23,ATM_005,Rural,6043.301043621362
2025-04-23,ATM_006,Urban,8410.455592422253
2025-04-23,ATM_007,Urban,5865.020962724856
2025-04-23,ATM_008,Rural,4026.647019987394
2025-04-23,ATM_009,Rural,4716.694317374085
2025-04-23,ATM_010,Suburban,5964.264981800558
2025-04-23,ATM_011,Rural,2976.7729974633316
2025-04-23,ATM_012,Urban,7918.556922463393
2025-04-23,ATM_013,Rural,6651.156734780394
2025-04-23,ATM_014,Suburban,6448.573368058216
2025-04-23,ATM_015,Suburban,9260.524341662232
2025-04-23,ATM_016,Rural,6073.654576127265
2025-04-23,ATM_017,Suburban,5903.000069113922
2025-04-23,ATM_018,Urban,9958.734265661627
2025-04-23,ATM_019,Urban,8362.575523639882
2025-04-23,ATM_020,Rural,5162.959589274822
2025-04-24,ATM_001,Urban,10759.936252375623
2025-04-24,ATM_002,Rural,5891.459997035605
2025-04-24,ATM_003,Suburban,9492.515003308488
2025-04-24,ATM_004,Suburban,9038.845878835476
2025-04-24,ATM_005,Rural,5685.483034405982
2025-04-24,ATM_006,Urban,8400.852423683327
2025-04-24,ATM_007,Urban,8474.50414431252
2025-04-24,ATM_008,Rural,3388.3282102065245
2025-04-24,ATM_009,Rural,8299.86664820603
2025-04-24,ATM_010,Suburban,9071.897959455298
2025-04-24,ATM_011,Rural,4514.9112840801745
2025-04-24,ATM_012,Urban,7821.645748844237
2025-04-24,ATM_013,Rural,7050.565832343998
2025-04-24,ATM_014,Suburban,6780.6418895898005
2025-04-24,ATM_015,Suburban,10501.86021016569
2025-04-24,ATM_016,Rural,4040.663723455009
2025-04-24,ATM_017,Suburban,10184.737060219644
2025-04-24,ATM_018,Urban,10466.564168442212
2025-04-24,ATM_019,Urban,11673.594282036778
2025-04-24,ATM_020,Rural,4436.634968216315
2025-04-25,ATM_001,Urban,6408.14792864117
2025-04-25,ATM_002,Rural,7557.6110280645835
2025-04-25,ATM_003,Suburban,5900.365568130661
2025-04-25,ATM_004,Suburban,7547.361716376502
2025-04-25,ATM_005,Rural,7831.165318772996
2025-04-25,ATM_006,Urban,11380.478376139557
2025-04-25,ATM_007,Urban,4890.231595307171
2025-04-25,ATM_008,Rural,4823.21050041395
2025-04-25,ATM_009,Rural,7772.761921971132
2025-04-25,ATM_010,Suburban,4754.545401179332
2025-04-25,ATM_011,Rural,7232.8916163168415
2025-04-25,ATM_012,Urban,8414.9154813919
2025-04-25,ATM_013,Rural,8944.547118992328
2025-04-25,ATM_014,Suburban,4617.718739562341
2025-04-25,ATM_015,Suburban,8691.40330079736
2025-04-25,ATM_016,Rural,3372.7680215604364
2025-04-25,ATM_017,Suburban,7525.843002930135
2025-04-25,ATM_018,Urban,6488.128953235152
2025-04-25,ATM_019,Urban,7503.274749041724
2025-04-25,ATM_020,Rural,7815.890619600392
2025-04-26,ATM_001,Urban,9065.174446407687
2025-04-26,ATM_002,Rural,7612.940987652571
2025-04-26,ATM_003,Suburban,10044.279665796637
2025-04-26,ATM_004,Suburban,11255.50727588294
2025-04-26,ATM_005,Rural,6791.638326025032
2025-04-26,ATM_006,Urban,11392.021067285685
2025-04-26,ATM_007,Urban,11917.53198590208
2025-04-26,ATM_008,Rural,6271.267830780211
2025-04-26,ATM_009,Rural,6015.935718869682
2025-04-26,ATM_010,Suburban,12087.086674753498
2025-04-26,ATM_011,Rural,7719.396445156577
2025-04-26,ATM_012,Urban,11787.590294497488
2025-04-26,ATM_013,Rural,4592.232103503021
2025-04-26,ATM_014,Suburban,9121.07482176555
2025-04-26,ATM_015,Suburban,6951.031730910921
2025-04-26,ATM_016,Rural,5599.805128857597
2025-04-26,ATM_017,Suburban,6960.158386247372
2025-04-26,ATM_018,Urban,9245.520466765323
2025-04-26,ATM_019,Urban,8100.605544930795
2025-04-26,ATM_020,Rural,9644.194068732591
2025-04-27,ATM_001,Urban,13407.611562026206
2025-04-27,ATM_002,Rural,6339.639017627788
2025-04-27,ATM_003,Suburban,6981.894733538267
2025-04-27,ATM_004,Suburban,11156.094599210839
2025-04-27,ATM_005,Rural,5971.660345758872
2025-04-27,ATM_006,Urban,12451.793572661163
2025-04-27,ATM_007,Urban,10136.190302309016
2025-04-27,ATM_008,Rural,5237.352028203498
2025-04-27,ATM_009,Rural,5524.814266219669
2025-04-27,ATM_010,Suburban,11518.61800478531
2025-04-27,ATM_011,Rural,5788.482891656762
2025-04-27,ATM_012,Urban,13887.973267252079
2025-04-27,ATM_013,Rural,4363.486895718193
2025-04-27,ATM_014,Suburban,10874.791957003903
2025-04-27,ATM_015,Suburban,10570.341856468589
2025-04-27,ATM_016,Rural,5971.2874168539565
2025-04-27,ATM_017,Suburban,11051.882908423735
2025-04-27,ATM_018,Urban,9093.020358133272
2025-04-27,ATM_019,Urban,11447.887075317893
2025-04-27,ATM_020,Rural,6178.3764121379045
2025-04-28,ATM_001,Urban,9820.180085465478
2025-04-28,ATM_002,Rural,4327.971111666644
2025-04-28,ATM_003,Suburban,7101.132769600905
2025-04-28,ATM_004,Suburban,9437.015980013673
2025-04-28,ATM_005,Rural,5430.547486674982
2025-04-28,ATM_006,Urban,9814.376939595862
2025-04-28,ATM_007,Urban,9509.88080902387
2025-04-28,ATM_008,Rural,7481.396259327839
2025-04-28,ATM_009,Rural,4381.103463963277
2025-04-28,ATM_010,Suburban,7341.335974526136
2025-04-28,ATM_011,Rural,5718.800852976192
2025-04-28,ATM_012,Urban,9098.76707297448
2025-04-28,ATM_013,Rural,5033.448741562697
2025-04-28,ATM_014,Suburban,5786.7304015332065
2025-04-28,ATM_015,Suburban,8939.131795102212
2025-04-28,ATM_016,Rural,7019.751225306822
2025-04-28,ATM_017,Suburban,5609.458938655255
2025-04-28,ATM_018,Urban,9407.783656814447
2025-04-28,ATM_019,Urban,6999.503774882322
2025-04-28,ATM_020,Rural,6572.916776248704
2025-04-29,ATM_001,Urban,8582.830775994677
2025-04-29,ATM_002,Rural,7407.777429121202
2025-04-29,ATM_003,Suburban,10770.484356071522
2025-04-29,ATM_004,Suburban,7290.370508301191
2025-04-29,ATM_005,Rural,4775.03186804944
2025-04-29,ATM_006,Urban,9633.277312489916
2025-04-29,ATM_007,Urban,10354.745044557227
2025-04-29,ATM_008,Rural,5817.856518132803
2025-04-29,ATM_009,Rural,5560.994309978177
2025-04-29,ATM_010,Suburban,10767.825941011964
2025-04-29,ATM_011,Rural,7617.993608063453
2025-04-29,ATM_012,Urban,9541.40497315583
2025-04-29,ATM_013,Rural,3186.276603774736
2025-04-29,ATM_014,Suburban,6905.421041657644
2025-04-29,ATM_015,Suburban,7042.21763682041
2025-04-29,ATM_016,Rural,6012.90324923749
2025-04-29,ATM_017,Suburban,7588.394167193329
2025-04-29,ATM_018,Urban,5483.293163833097
2025-04-29,ATM_019,Urban,12142.772185276277
2025-04-29,ATM_020,Rural,7925.741091702749
2025-04-30,ATM_001,Urban,12348.428079888865
2025-04-30,ATM_002,Rural,8740.161439822756
2025-04-30,ATM_003,Suburban,12871.630304371376
2025-04-30,ATM_004,Suburban,7570.473781353234
2025-04-30,ATM_005,Rural,5626.856174309629
2025-04-30,ATM_006,Urban,9763.995144349608
2025-04-30,ATM_007,Urban,11070.438574979673
2025-04-30,ATM_008,Rural,6215.325123402766
2025-04-30,ATM_009,Rural,6672.36221659714
2025-04-30,ATM_010,Suburban,13512.80537557159
2025-04-30,ATM_011,Rural,3991.298425562244
2025-04-30,ATM_012,Urban,8745.707719401029
2025-04-30,ATM_013,Rural,7628.188062414066
2025-04-30,ATM_014,Suburban,6730.809361039706
2025-04-30,ATM_015,Suburban,7347.184367073853
2025-04-30,ATM_016,Rural,6746.217313916411
2025-04-30,ATM_017,Suburban,8084.0290554639
2025-04-30,ATM_018,Urban,10027.95652526181
2025-04-30,ATM_019,Urban,11901.57176063091
2025-04-30,ATM_020,Rural,9057.441535481526
2025-05-01,ATM_001,Urban,7852.481855982601
2025-05-01,ATM_002,Rural,4437.2432125816695
2025-05-01,ATM_003,Suburban,7112.2057036036485
2025-05-01,ATM_004,Suburban,4255.310014336848
2025-05-01,ATM_005,Rural,5642.099179042729
2025-05-01,ATM_006,Urban,10097.272300436789
2025-05-01,ATM_007,Urban,11085.127274909215
2025-05-01,ATM_008,Rural,7041.158051817453
2025-05-01,ATM_009,Rural,7520.563443209242
2025-05-01,ATM_010,Suburban,10715.857132297575
2025-05-01,ATM_011,Rural,3434.2833250976005
2025-05-01,ATM_012,Urban,10714.200357316275
2025-05-01,ATM_013,Rural,4943.8630419590245
2025-05-01,ATM_014,Suburban,9204.856761557112
2025-05-01,ATM_015,Suburban,6387.834477850561
2025-05-01,ATM_016,Rural,5037.409707585512
2025-05-01,ATM_017,Suburban,4451.549706165222
2025-05-01,ATM_018,Urban,4915.7563539673465
2025-05-01,ATM_019,Urban,9436.187775451152
2025-05-01,ATM_020,Rural,3094.208705050796
2025-05-02,ATM_001,Urban,8639.938822149046
2025-05-02,ATM_002,Rural,7296.243895505123
2025-05-02,ATM_003,Suburban,6590.383839038023
2025-05-02,ATM_004,Suburban,6519.509185038723
2025-05-02,ATM_005,Rural,5956.676974051054
2025-05-02,ATM_006,Urban,6643.961272244989
2025-05-02,ATM_007,Urban,7803.588964464267
2025-05-02,ATM_008,Rural,6673.046863657216
2025-05-02,ATM_009,Rural,6702.499280691046
2025-05-02,ATM_010,Suburban,8160.311675117367
2025-05-02,ATM_011,Rural,3891.627734782885
2025-05-02,ATM_012,Urban,7758.892921837151
2025-05-02,ATM_013,Rural,7246.581328956191
2025-05-02,ATM_014,Suburban,7315.787998331466
2025-05-02,ATM_015,Suburban,8799.774062928615
2025-05-02,ATM_016,Rural,6782.069690254715
2025-05-02,ATM_017,Suburban,8857.169111345878
2025-05-02,ATM_018,Urban,9374.920931221168
2025-05-02,ATM_019,Urban,8021.714304329685
2025-05-02,ATM_020,Rural,5857.927380751575
2025-05-03,ATM_001,Urban,10394.524225266048
2025-05-03,ATM_002,Rural,5456.080546523899
2025-05-03,ATM_003,Suburban,8129.434696248016
2025-05-03,ATM_004,Suburban,9942.868593532214
2025-05-03,ATM_005,Rural,3360.7045416121928
2025-05-03,ATM_006,Urban,11642.837652667486
2025-05-03,ATM_007,Urban,13509.289082288165
2025-05-03,ATM_008,Rural,3682.0641197077734
2025-05-03,ATM_009,Rural,5969.255269825838
2025-05-03,ATM_010,Suburban,10950.565934214204
2025-05-03,ATM_011,Rural,6537.639086456436
2025-05-03,ATM_012,Urban,12674.680119870867
2025-05-03,ATM_013,Rural,3778.341765938807
2025-05-03,ATM_014,Suburban,7538.647712069885
2025-05-03,ATM_015,Suburban,8509.928728704099
2025-05-03,ATM_016,Rural,5708.319716836397
2025-05-03,ATM_017,Suburban,8535.278045085415
2025-05-03,ATM_018,Urban,12596.78163886377
2025-05-03,ATM_019,Urban,11788.12284069279
2025-05-03,ATM_020,Rural,6891.203307731624
2025-05-04,ATM_001,Urban,6568.853858789313
2025-05-04,ATM_002,Rural,5172.573427713594
2025-05-04,ATM_003,Suburban,6028.3332318141665
2025-05-04,ATM_004,Suburban,10608.018526451922
2025-05-04,ATM_005,Rural,7570.251862166102
2025-05-04,ATM_006,Urban,9903.699738913248
2025-05-04,ATM_007,Urban,9977.318576777236
2025-05-04,ATM_008,Rural,9562.907170090348
2025-05-04,ATM_009,Rural,2879.730932703267
2025-05-04,ATM_010,Suburban,10634.225497693764
2025-05-04,ATM_011,Rural,6320.851216376117
2025-05-04,ATM_012,Urban,8291.17000152094
2025-05-04,ATM_013,Rural,4985.041589989797
2025-05-04,ATM_014,Suburban,11125.110776318998
2025-05-04,ATM_015,Suburban,9769.483989565968
2025-05-04,ATM_016,Rural,6349.128619232471
2025-05-04,ATM_017,Suburban,5933.9032407162085
2025-05-04,ATM_018,Urban,14644.116061577526
2025-05-04,ATM_019,Urban,15003.308901665016
2025-05-04,ATM_020,Rural,3587.4313844010253
2025-05-05,ATM_001,Urban,8540.65781283165
2025-05-05,ATM_002,Rural,5024.055357321091
2025-05-05,ATM_003,Suburban,6097.510000779267
2025-05-05,ATM_004,Suburban,6663.932088066637
2025-05-05,ATM_005,Rural,7457.550771689477
2025-05-05,ATM_006,Urban,10271.774239967444
2025-05-05,ATM_007,Urban,7313.459714478319
2025-05-05,ATM_008,Rural,5340.571922262915
2025-05-05,ATM_009,Rural,3579.928571919869
2025-05-05,ATM_010,Suburban,5889.492122234054
2025-05-05,ATM_011,Rural,5928.825787054581
2025-05-05,ATM_012,Urban,8731.28137600316
2025-05-05,ATM_013,Rural,6297.241624919492
2025-05-05,ATM_014,Suburban,6317.663464817518
2025-05-05,ATM_015,Suburban,7401.106982376712
2025-05-05,ATM_016,Rural,6222.578855030677
2025-05-05,ATM_017,Suburban,6739.889937319467
2025-05-05,ATM_018,Urban,6402.208867128818
2025-05-05,ATM_019,Urban,7749.2048326240865
2025-05-05,ATM_020,Rural,5568.439980064121
2025-05-06,ATM_001,Urban,7814.638147851407
2025-05-06,ATM_002,Rural,6865.286904710846
2025-05-06,ATM_003,Suburban,6967.757403002511
2025-05-06,ATM_004,Suburban,9300.931076094219
2025-05-06,ATM_005,Rural,5229.622672064144
2025-05-06,ATM_006,Urban,10137.514032347033
2025-05-06,ATM_007,Urban,8960.158129183335
2025-05-06,ATM_008,Rural,8008.156651674482
2025-05-06,ATM_009,Rural,7538.373428545245
2025-05-06,ATM_010,Suburban,6265.64716513411
2025-05-06,ATM_011,Rural,6962.1631458342
2025-05-06,ATM_012,Urban,11031.40722642071
2025-05-06,ATM_013,Rural,7280.369455401635
2025-05-06,ATM_014,Suburban,6327.126587295908
2025-05-06,ATM_015,Suburban,8397.882077625602
2025-05-06,ATM_016,Rural,4695.570129743218
2025-05-06,ATM_017,Suburban,7317.003752205579
2025-05-06,ATM_018,Urban,5832.701467941328
2025-05-06,ATM_019,Urban,9425.41793603992
2025-05-06,ATM_020,Rural,7888.548627604982
2025-05-07,ATM_001,Urban,10437.074449124317
2025-05-07,ATM_002,Rural,5755.516781146422
2025-05-07,ATM_003,Suburban,8106.562880226909
2025-05-07,ATM_004,Suburban,7738.986001868459
2025-05-07,ATM_005,Rural,5377.923182855037
2025-05-07,ATM_006,Urban,8688.962063188603
2025-05-07,ATM_007,Urban,6512.39074835813
2025-05-07,ATM_008,Rural,7638.368108273632
2025-05-07,ATM_009,Rural,3898.678337977917
2025-05-07,ATM_010,Suburban,7137.947108849696
2025-05-07,ATM_011,Rural,5842.084052554038
2025-05-07,ATM_012,Urban,11122.507868254663
2025-05-07,ATM_013,Rural,5003.7794831367555
2025-05-07,ATM_014,Suburban,9778.719584734168
2025-05-07,ATM_015,Suburban,7164.347571072361
2025-05-07,ATM_016,Rural,5965.686050040482
2025-05-07,ATM_017,Suburban,4759.329467197945
2025-05-07,ATM_018,Urban,9244.589677993252
2025-05-07,ATM_019,Urban,9505.938051719204
2025-05-07,ATM_020,Rural,4077.6542501045583
2025-05-08,ATM_001,Urban,12186.113410754644
2025-05-08,ATM_002,Rural,6706.953766216813
2025-05-08,ATM_003,Suburban,8967.850222799212
2025-05-08,ATM_004,Suburban,6632.695006768287
2025-05-08,ATM_005,Rural,7112.324696108062
2025-05-08,ATM_006,Urban,8578.522576600495
2025-05-08,ATM_007,Urban,7317.129589215003
2025-05-08,ATM_008,Rural,3568.879506879384
2025-05-08,ATM_009,Rural,6571.953543828691
2025-05-08,ATM_010,Suburban,6963.0101410600855
2025-05-08,ATM_011,Rural,5498.466386184185
2025-05-08,ATM_012,Urban,10226.38361488073
2025-05-08,ATM_013,Rural,6829.239570491407
2025-05-08,ATM_014,Suburban,8305.690245630305
2025-05-08,ATM_015,Suburban,9137.144881700246
2025-05-08,ATM_016,Rural,4726.6627475349305
2025-05-08,ATM_017,Suburban,7094.681487197179
2025-05-08,ATM_018,Urban,8854.69271070885
2025-05-08,ATM_019,Urban,9534.488450046585
2025-05-08,ATM_020,Rural,4451.290913174583
2025-05-09,ATM_001,Urban,10386.399928718854
2025-05-09,ATM_002,Rural,8206.154904790184
2025-05-09,ATM_003,Suburban,10104.125751213765
2025-05-09,ATM_004,Suburban,6678.035103935855
2025-05-09,ATM_005,Rural,5536.945331992654
2025-05-09,ATM_006,Urban,10574.241929141399
2025-05-09,ATM_007,Urban,9336.766050645725
2025-05-09,ATM_008,Rural,5341.375043528349
2025-05-09,ATM_009,Rural,2852.640088572386
2025-05-09,ATM_010,Suburban,5399.278347049852
2025-05-09,ATM_011,Rural,3666.897165235034
2025-05-09,ATM_012,Urban,8181.109957392995
2025-05-09,ATM_013,Rural,8232.816888616617
2025-05-09,ATM_014,Suburban,6382.902312426473
2025-05-09,ATM_015,Suburban,8948.842223715606
2025-05-09,ATM_016,Rural,5549.256412784351
2025-05-09,ATM_017,Suburban,5004.324404581588
2025-05-09,ATM_018,Urban,7131.149048083586
2025-05-09,ATM_019,Urban,9172.60569121419
2025-05-09,ATM_020,Rural,4664.085102878756
2025-05-10,ATM_001,Urban,14495.012214874952
2025-05-10,ATM_002,Rural,7240.864516258391
2025-05-10,ATM_003,Suburban,6405.725944227882
2025-05-10,ATM_004,Suburban,10630.133515868183
2025-05-10,ATM_005,Rural,7643.397387175192
2025-05-10,ATM_006,Urban,10557.620744836828
2025-05-10,ATM_007,Urban,8052.733868599527
2025-05-10,ATM_008,Rural,6876.640065594955
2025-05-10,ATM_009,Rural,3381.3774032695633
2025-05-10,ATM_010,Suburban,10082.740782860541
2025-05-10,ATM_011,Rural,8383.794111289162
2025-05-10,ATM_012,Urban,9472.327471068154
2025-05-10,ATM_013,Rural,7633.114501117934
2025-05-10,ATM_014,Suburban,10104.834780626747
2025-05-10,ATM_015,Suburban,9598.08235674023
2025-05-10,ATM_016,Rural,6004.54441520992
2025-05-10,ATM_017,Suburban,10280.47117111046
2025-05-10,ATM_018,Urban,11910.761946896591
2025-05-10,ATM_019,Urban,12791.589188794125
2025-05-10,ATM_020,Rural,4437.011962846133
2025-05-11,ATM_001,Urban,9402.184259967697
2025-05-11,ATM_002,Rural,6057.36714461485
2025-05-11,ATM_003,Suburban,13409.946091089018
2025-05-11,ATM_004,Suburban,8565.276573559711
2025-05-11,ATM_005,Rural,8378.513127763776
2025-05-11,ATM_006,Urban,9221.823173576426
2025-05-11,ATM_007,Urban,11931.40275126676
2025-05-11,ATM_008,Rural,4545.8349813424375
2025-05-11,ATM_009,Rural,7004.281448770215
2025-05-11,ATM_010,Suburban,8800.657725414507
2025-05-11,ATM_011,Rural,7371.158425862216
2025-05-11,ATM_012,Urban,11756.737867059492
2025-05-11,ATM_013,Rural,6237.314930105677
2025-05-11,ATM_014,Suburban,10777.61315418765
2025-05-11,ATM_015,Suburban,8525.782675036553
2025-05-11,ATM_016,Rural,5930.767675480098
2025-05-11,ATM_017,Suburban,10512.516387255268
2025-05-11,ATM_018,Urban,9616.01306891677
2025-05-11,ATM_019,Urban,7651.199076501849
2025-05-11,ATM_020,Rural,4359.175009505978
2025-05-12,ATM_001,Urban,9662.47976092923
2025-05-12,ATM_002,Rural,7500.878694746134
2025-05-12,ATM_003,Suburban,8917.647850776635
2025-05-12,ATM_004,Suburban,5689.417863781345
2025-05-12,ATM_005,Rural,4146.793568868938
2025-05-12,ATM_006,Urban,9417.20245958978
2025-05-12,ATM_007,Urban,11359.449460778653
2025-05-12,ATM_008,Rural,6528.473640718921
2025-05-12,ATM_009,Rural,5778.401222093324
2025-05-12,ATM_010,Suburban,5185.931812186877
2025-05-12,ATM_011,Rural,7724.587662341692
2025-05-12,ATM_012,Urban,7616.16871509226
2025-05-12,ATM_013,Rural,4793.811840589778
2025-05-12,ATM_014,Suburban,8090.350941984918
2025-05-12,ATM_015,Suburban,6796.197675970414
2025-05-12,ATM_016,Rural,4321.878065242205
2025-05-12,ATM_017,Suburban,9043.991453439878
2025-05-12,ATM_018,Urban,8700.47099663122
2025-05-12,ATM_019,Urban,6923.650677849952
2025-05-12,ATM_020,Rural,7567.649402511449
2025-05-13,ATM_001,Urban,6990.846821842004
2025-05-13,ATM_002,Rural,6545.185143630803
2025-05-13,ATM_003,Suburban,6023.228945213037
2025-05-13,ATM_004,Suburban,10079.629503222293
2025-05-13,ATM_005,Rural,5013.650478163788
2025-05-13,ATM_006,Urban,6452.257702711295
2025-05-13,ATM_007,Urban,8168.301864156863
2025-05-13,ATM_008,Rural,5053.397830130794
2025-05-13,ATM_009,Rural,7096.011693913529
2025-05-13,ATM_010,Suburban,9841.679223455976
2025-05-13,ATM_011,Rural,6384.125518247078
2025-05-13,ATM_012,Urban,5928.073576071357
2025-05-13,ATM_013,Rural,7070.346863402827
2025-05-13,ATM_014,Suburban,6395.195496643804
2025-05-13,ATM_015,Suburban,7183.27918919114
2025-05-13,ATM_016,Rural,6115.268116131497
2025-05-13,ATM_017,Suburban,10863.647662176512
2025-05-13,ATM_018,Urban,10007.579974176175
2025-05-13,ATM_019,Urban,9959.288929693335
2025-05-13,ATM_020,Rural,5045.263925523216
